name,lat,lon,population,state,district
Punch,33.77033,74.09254,28197,Jammu and Kashmir,Punch
Kilakarai,9.23183,78.78545,38355,Tamil Nadu,Ramanathapuram
Zunheboto,25.96667,94.51667,29499,Nagaland,Zunheboto
Ziro,27.59497,93.83854,13893,Arunachal Pradesh,Lower Subansiri
Zamania,25.41961,83.55786,32008,Uttar Pradesh,Ghazipur
Zaidpur,26.83093,81.32929,33397,Uttar Pradesh,Bara Banki
Zahirabad,17.68138,77.60743,71166,Telangana,Sangareddy
Zafarabad,25.69867,82.73354,9106,Uttar Pradesh,Jaunpur
Yol,32.16423,76.19622,11314,Himachal Pradesh,Kangra
Yercaud,11.77599,78.20927,11582,Tamil Nadu,Salem
Yeola,20.0424,74.48944,49826,Maharashtra,Nashik Division
Yellareddi,18.19433,78.01777,14923,Telangana,Kamareddy
Yellapur,14.9637,74.70929,20452,Karnataka,Uttar Kannada
Yellandu,17.59064,80.32146,43787,Telangana,Bhadradri Kothagudem
Yelbarga,15.61545,76.01184,14814,Karnataka,Koppal
Yelandur,12.04629,77.03034,8901,Karnataka,Chamrajnagar
Yelahanka,13.10073,77.59632,116447,Karnataka,Bangalore Urban
Yechagam,33.98734,74.75166,7461,Jammu and Kashmir,Badgam
Yavatmal,20.39324,78.13201,128175,Maharashtra,Yavatmal
Yaval,21.16772,75.69762,36706,Maharashtra,Jalgaon
Yanam,16.73308,82.21364,55626,Andhra Pradesh,East Godavari
Yamuna Nagar,30.12796,77.28371,217071,Haryana,Yamunanagar
Yairipok,24.67792,94.04767,9569,Manipur,Thoubal
Yadgir,16.77007,77.13755,74294,Karnataka,Yadgir
Xeldem,15.25,74.08333,7434,Goa,South Goa
Wokha,26.09717,94.25817,54010,Nagaland,Wokha
Weir,27.0186,77.17636,19385,Rajasthan,Bharatpur
Wellington,11.36552,76.78442,20254,Tamil Nadu,Nilgiris
Wazirganj,28.21145,79.05665,19372,Uttar Pradesh,Budaun
Washim,20.11128,77.133,78387,Maharashtra,Washim
Warud,21.47101,78.26965,47817,Maharashtra,Amravati Division
Warora,20.22885,79.00277,46532,Maharashtra,Chandrapur
Waris Aliganj,25.0172,85.64047,35243,Bihar,Nawada
Wardha,20.73933,78.59784,113759,Maharashtra,Wardha
Waraseoni,21.76184,80.04301,27494,Madhya Pradesh,Balaghat
Warangal,18.0,79.58333,704570,Telangana,Hanamkonda
Wanparti,16.36738,78.06889,60949,Telangana,Wanaparthy
Wankaner,22.61198,70.94379,47814,Gujarat,Morbi
Wani,20.05507,78.95313,58840,Maharashtra,Yavatmal
Wangjing,24.58921,94.06386,8055,Manipur,Thoubal
Waluj Buzurg,19.79632,75.22648,20220,Maharashtra,Aurangabad
Walajapet,12.9251,79.36626,47498,Tamil Nadu,Ranipet district
Walajabad,12.79041,79.82358,14684,Tamil Nadu,Kancheepuram
Wai,17.95276,73.89058,36025,Maharashtra,Satara Division
Waghai,20.77048,73.50074,6715,Gujarat,The Dangs
Wadi,17.05183,76.99048,37988,Karnataka,Gulbarga
Wadgaon,18.7392,73.63945,14595,Maharashtra,Pune Division
Wadgaon,16.83553,74.31338,25651,Maharashtra,Kolhapur
Vypin,9.96667,76.25,23717,Kerala,Ernakulam
Vyara,21.11079,73.39365,39789,Gujarat,Tapi
Vuyyuru,16.36307,80.84406,36755,Andhra Pradesh,Krishna
Vrindavan,27.58105,77.69662,60195,Uttar Pradesh,Mathura
Vriddhachalam,11.5183,79.32411,61498,Tamil Nadu,Cuddalore
Vizianagaram,18.11692,83.41148,228720,Andhra Pradesh,Vizianagaram District
Vittal,12.76325,75.09896,17618,Karnataka,Dakshina Kannada
Vite,17.27343,74.53792,48289,Maharashtra,Sangli
Visnagar,23.69855,72.5521,76753,Gujarat,Mahesana
Visharam,12.91808,79.27756,44786,Tamil Nadu,Ranipet district
Visakhapatnam,17.68009,83.20161,1063178,Andhra Pradesh,Visakhapatnam
Visavadar,21.33954,70.74966,19515,Gujarat,Junagadh
Virudunagar,9.58509,77.95787,73273,Tamil Nadu,Virudhunagar
Virpur,23.1892,73.47987,10238,Gujarat,Mahisagar
Virinchipuram,12.92343,79.02186,7699,Tamil Nadu,Vellore
Vadakku Viravanallur,8.69786,77.51916,19689,Tamil Nadu,Tirunelveli Kattabo
Virajpet,12.19644,75.80512,17246,Karnataka,Kodagu
Virar,19.45591,72.81136,1222390,Maharashtra,Palghar
Viramgam,23.12564,72.05014,55821,Gujarat,Ahmadabad
Viralimalai,10.60226,78.54711,10883,Tamil Nadu,Pudukkottai
Viraganur,11.47613,78.73553,10854,Tamil Nadu,Salem
Vinukonda,16.0531,79.73964,62550,Andhra Pradesh,Palnadu
Vinchia,22.21027,71.37967,12355,Gujarat,Rajkot
Villupuram,11.93975,79.49244,97380,Tamil Nadu,Villupuram
Villianur,11.91393,79.75568,34383,Puducherry,Puducherry
Vilattikulam,9.13227,78.16635,15277,Tamil Nadu,Thoothukkudi
Vikravandi,12.0369,79.54595,12022,Tamil Nadu,Villupuram
Vikramasingapuram,8.71477,77.39032,47241,Tamil Nadu,Tirunelveli Kattabo
Vikarabad,17.3381,77.90441,53143,Telangana,Vikarabad
Vijayawada,16.50745,80.6466,1143232,Andhra Pradesh,NTR
Vijayapuri,11.2453,77.50066,7222,Tamil Nadu,Erode
Vijayanagar,23.9975,73.28553,6078,Gujarat,Sabarkantha
Vijapur,23.5623,72.74848,35118,Gujarat,Mahesana
Vidisha,23.52604,77.81092,155951,Madhya Pradesh,Vidisha
Vettur,8.71742,76.72582,37219,Kerala,Thiruvananthapuram
Vettavalam,12.10769,79.24516,15506,Tamil Nadu,Tiruvannamalai
Vettaikkaranpudur,10.56207,76.91305,18128,Tamil Nadu,Coimbatore
Vetapalem,15.78502,80.30663,38671,Andhra Pradesh,Bapatla
Verna,15.35479,73.92454,6632,Goa,South Goa
Veraval,20.9077,70.36786,171121,Gujarat,Gir Somnath
Vepagunta,17.77844,83.21577,26881,Andhra Pradesh,Visakhapatnam
Venkatagiri,13.96005,79.58032,52688,Andhra Pradesh,Tirupati
Vengurla,15.86125,73.63182,12498,Maharashtra,Sindhudurg
Vemalwada,18.46523,78.86894,33706,Telangana,Rajanna Sircilla
Velur,11.10825,78.00113,25012,Tamil Nadu,Namakkal
Vellore,12.9184,79.13255,484690,Tamil Nadu,Vellore
Vellakkovil,10.94627,77.71242,40359,Tamil Nadu,Tiruppur
Velankanni,10.68333,79.83333,11108,Tamil Nadu,Nagapattinam
Vejalpur,22.69021,73.56299,121610,Gujarat,Panch Mahals
Vedasandur,10.53102,77.95019,12493,Tamil Nadu,Dindigul
Vedaraniyam,10.37208,79.85095,34266,Tamil Nadu,Nagapattinam
Vayalar,9.71158,76.33888,25094,Kerala,Alappuzha
Vav,24.36459,71.51203,12034,Gujarat,Banas Kantha
Vattalkundu,10.16069,77.75883,22928,Tamil Nadu,Dindigul
Vasudevanallur,9.24171,77.41177,21361,Tamil Nadu,Tenkasi district
Vasind,19.40844,73.26285,20561,Maharashtra,Thane
Vasco da Gama,15.39585,73.81568,100485,Goa,South Goa
Vaso,22.66079,72.75519,15934,Gujarat,Kheda
Vartej,21.73947,72.06553,11354,Gujarat,Bhavnagar
Varsoli,18.66646,72.86923,11039,Maharashtra,Raigarh
Varkala,8.7333,76.7167,43276,Kerala,Thiruvananthapuram
Varca,15.23237,73.94311,5439,Goa,South Goa
Varangaon,21.01767,75.91042,44067,Maharashtra,Jalgaon
Varanasi,25.31668,83.01041,1164404,Uttar Pradesh,Varanasi
Vanthli,21.4774,70.33115,14554,Gujarat,Junagadh
Vansada,20.75817,73.36389,14072,Gujarat,Navsari
Vaniyambadi,12.68162,78.62014,95061,Tamil Nadu,Tirupattur district
Vandavasi,12.50429,79.60556,31530,Tamil Nadu,Tiruvannamalai
Vandalur,12.8924,80.08079,16852,Tamil Nadu,Chengalpattu district
Valsad,20.61013,72.93428,139764,Gujarat,Valsad
Valpoi,15.53239,74.13671,8532,Goa,North Goa
Valparai,10.32691,76.95116,90353,Tamil Nadu,Coimbatore
Vallam,10.71988,79.05981,16758,Tamil Nadu,Thanjavur
Vallabh Vidyanagar,22.53333,72.9,32581,Gujarat,Anand
Valavanur,11.92094,79.58239,16745,Tamil Nadu,Villupuram
Azhikkal,11.94043,75.30512,8117,Kerala,Kannur
Valantaravai,9.33905,78.88712,7498,Tamil Nadu,Ramanathapuram
Valangaiman,10.89012,79.39322,11754,Tamil Nadu,Thiruvarur
Valabhipur,21.88868,71.87935,18663,Gujarat,Bhavnagar
Vaithisvarankoil,11.19583,79.70736,7676,Tamil Nadu,Mayiladuthurai district
Vaikam,9.74858,76.39637,23234,Kerala,Kottayam
Vaijapur,19.92672,74.7275,41296,Maharashtra,Aurangabad
Vagholi,18.5823,73.98301,33479,Maharashtra,Pune Division
Vaghodia,22.30505,73.40016,16604,Gujarat,Vadodara
Vadodara,22.29941,73.20812,1822221,Gujarat,Vadodara
Vadnagar,23.78593,72.63893,27790,Gujarat,Mahesana
Vadlapudi,14.31119,79.8043,17881,Andhra Pradesh,Nellore
Vadipatti,10.08481,77.96113,26830,Tamil Nadu,Madurai
Vadasinor,22.95677,73.33505,39330,Gujarat,Mahisagar
Vadamadurai,10.44081,78.09784,18015,Tamil Nadu,Dindigul
Vadali,23.94232,73.03784,20646,Gujarat,Sabarkantha
Vadakku Valliyur,8.38286,77.61221,29417,Tamil Nadu,Tirunelveli Kattabo
Vadakancheri,10.66039,76.24656,15674,Kerala,Thrissur District
Vada,19.65347,73.14811,16750,Maharashtra,Palghar
Uttukkuli,11.16892,77.45431,10130,Tamil Nadu,Tiruppur
Uthukkottai,13.33551,79.89,12740,Tamil Nadu,
Uttiramerur,12.61433,79.75748,25194,Tamil Nadu,Kancheepuram
Uttarkashi,30.72986,78.44342,17123,Uttarakhand,Uttarkashi
Uttangarai,12.26713,78.53783,18470,Tamil Nadu,Krishnagiri
Uttamapalaiyam,9.80701,77.32718,29050,Tamil Nadu,Theni
Utraula,27.31933,82.41872,28437,Uttar Pradesh,Balrampur
Utran,21.23333,72.86667,14855,Gujarat,Surat
Utnur,19.36798,78.77608,16005,Telangana,Adilabad
Utai,21.11667,81.38333,8752,Chhattisgarh,Durg
Usilampatti,9.96936,77.78621,35219,Tamil Nadu,Madurai
Usgao,15.43333,74.06667,12436,Goa,North Goa
Usehat,27.79796,79.23763,15068,Uttar Pradesh,Budaun
Urun-Islampur,17.05,74.26667,67391,Maharashtra,Sangli
Urmar,31.68137,75.63549,23419,Punjab,Hoshiarpur
Uri,34.086,74.032,9366,Jammu and Kashmir,Baramula
Uravakonda,14.94348,77.25494,35565,Andhra Pradesh,Anantapur
Uran,18.87813,72.93924,30439,Maharashtra,Raigarh
Urakam,10.43333,76.21667,13149,Kerala,Thrissur District
Uppinangadi,12.83641,75.24612,7813,Karnataka,Dakshina Kannada
Uppiliyapuram,11.26356,78.5139,7705,Tamil Nadu,Tiruchirappalli
Uppala,12.68436,74.90068,11542,Kerala,Kasaragod District
Upleta,21.74015,70.28256,58775,Gujarat,Rajkot
Uppal Kalan,17.40577,78.55911,118259,Telangana,Medchal Malkajgiri
Unnao,26.54706,80.48781,161671,Uttar Pradesh,District Unnao
Unjha,23.80366,72.39101,57108,Gujarat,Mahesana
Uniara,26.15336,75.21523,11441,Rajasthan,Tonk
Uniara,25.91502,76.026,12551,Rajasthan,Tonk
Unhel,23.33794,75.55931,15837,Madhya Pradesh,Ujjain
Unchahra,24.38251,80.78088,18442,Madhya Pradesh,Satna
Unchagao,16.69746,74.27325,31238,Maharashtra,Kolhapur
Una,31.46493,76.26914,18722,Himachal Pradesh,Una
Una,20.82318,71.03795,58528,Gujarat,Gir Somnath
Un,29.58479,77.2554,15007,Uttar Pradesh,Shamli
Un,23.88745,71.76975,30671,Gujarat,Banas Kantha
Umsning,25.73647,91.88804,8198,Meghalaya,Ri-Bhoi
Umri,26.51056,78.93667,9364,Madhya Pradesh,Bhind
Umri,19.0391,77.64539,13501,Maharashtra,Nanded
Umreth,22.69881,73.11561,33762,Gujarat,Anand
Umred,20.85396,79.32466,53971,Maharashtra,Nagpur Division
Umrala,21.84353,71.80305,11874,Gujarat,Bhavnagar
Umarkot,19.66529,82.20629,28993,Chhattisgarh,
Umarkhed,19.60144,77.68878,47458,Maharashtra,Yavatmal
Umaria,23.52473,80.83716,33114,Madhya Pradesh,Umaria District
Umargam,20.19718,72.75035,27859,Gujarat,Valsad
Umarga,17.83841,76.62331,35477,Maharashtra,Osmanabad
Uluberiya,22.4756,88.09898,235345,West Bengal,Haora
Ullal,12.80569,74.86058,59116,Karnataka,Dakshina Kannada
Ulhasnagar,19.21667,73.15,516584,Maharashtra,Thane
Ukwa,21.97102,80.46625,7369,Madhya Pradesh,Balaghat
Uklana,29.51124,75.87823,13219,Haryana,Hisar
Ukhrul,25.11957,94.36417,27187,Manipur,Ukhrul
Ujjain,23.18239,75.77643,515215,Madhya Pradesh,Ujjain
Ujhani,28.00311,79.00821,56309,Uttar Pradesh,Budaun
Ugu,26.79681,80.32093,6518,Uttar Pradesh,District Unnao
Udumalaippettai,10.58806,77.24779,61133,Tamil Nadu,Tiruppur
Udpura,24.73355,75.97514,10051,Rajasthan,Kota
Udiyavara,13.30247,74.73869,11854,Karnataka,Udupi
Udupi,13.33467,74.74617,165000,Karnataka,Udupi
Udhampur,32.92431,75.13573,84015,Jammu and Kashmir,Udhampur
Udgir,18.39258,77.11756,103550,Maharashtra,Latur
Udangudi,8.42918,78.02968,19738,Tamil Nadu,Thoothukkudi
Udalguri,26.75367,92.10215,15935,Assam,Udalguri
Udala,21.57811,86.56676,13152,Odisha,Mayurbhanj
Udaiyarpalaiyam,11.18733,79.29331,12688,Tamil Nadu,Ariyalur
Udaipura,23.07434,78.51108,18236,Madhya Pradesh,Raisen
Udaipur,27.72297,75.47178,30264,Rajasthan,Jhunjhunu District
Udaipur,24.58584,73.71346,451100,Rajasthan,Udaipur
Udaipur,23.53333,91.48333,32758,Tripura,Gomati
Udayagiri,20.12416,84.36869,11302,Odisha,Kandhamal
Ooty,11.4134,76.69521,233426,Tamil Nadu,Nilgiris
Bara Uchana,29.46747,76.17798,16815,Haryana,Jind
Ubaidullahganj,22.99834,77.58621,22845,Madhya Pradesh,Raisen
Tyagadurgam,11.74114,79.07698,18605,Tamil Nadu,Kallakurichi district
Turuvekere,13.16374,76.66641,14194,Karnataka,Tumkur
Turaiyur,11.14968,78.5987,32134,Tamil Nadu,Tiruchirappalli
Tura,25.51421,90.20239,74858,Meghalaya,West Garo Hills
Tuni,17.35905,82.54607,53425,Andhra Pradesh,Kakinada
Tundla,27.2146,78.23683,50939,Uttar Pradesh,Firozabad
Tumsar,21.38333,79.73333,44869,Maharashtra,Bhandara
Tumkur,13.34136,77.1022,307359,Karnataka,Tumkur
Tumgaon,21.19124,82.12296,7394,Chhattisgarh,Mahasamund
Tulsipur,27.5337,82.41653,22486,Uttar Pradesh,Balrampur
Tuljapur,18.00804,76.07011,35596,Maharashtra,Osmanabad
Tufanganj,26.31688,89.66549,20420,West Bengal,Cooch Behar District
Tuensang,26.26704,94.82415,36774,Nagaland,Tuensang District
Tudiyalur,11.08159,76.94464,33924,Tamil Nadu,Coimbatore
Tsrar Sharif,33.86319,74.76524,11533,Jammu and Kashmir,Badgam
Tseminyu,25.92474,94.21615,6315,Nagaland,Tseminyu
Thiruvananthapuram,8.4855,76.94924,788271,Kerala,Thiruvananthapuram
Trittala,10.80303,76.12885,27796,Kerala,Palakkad district
Tripunittura,9.94283,76.33331,69390,Kerala,Ernakulam
Trimbak,19.93268,73.52907,12056,Maharashtra,Nashik Division
Thrissur,10.51667,76.21667,315957,Kerala,Thrissur District
Tral,33.92708,75.11585,17844,Jammu and Kashmir,Pulwama
Toto,23.13336,84.52796,5237,Jharkhand,Gumla
Tosham,28.86993,75.9165,15559,Haryana,Bhiwani
Torpa,22.93605,85.08892,8592,Jharkhand,Khunti
Tori-Fatehpur,25.45505,79.11428,10210,Uttar Pradesh,Jhansi
Topchanchi,23.90381,86.19792,6082,Jharkhand,Dhanbad
Tonk Khurd,23.09831,76.21552,7979,Madhya Pradesh,Dewas
Tonk,26.16638,75.78824,165294,Rajasthan,Tonk
Tondi,9.74173,79.01774,18465,Tamil Nadu,Ramanathapuram
Tohana,29.71332,75.90441,63871,Haryana,Fatehabad District
Todaraisingh,26.02401,75.48182,23559,Rajasthan,Tonk
Todabhim,26.91667,76.81667,22977,Rajasthan,Karauli
Tittagudi,11.40717,79.12216,22894,Tamil Nadu,Cuddalore
Tittachcheri,10.86738,79.78932,9245,Tamil Nadu,Nagapattinam
Titron,29.66824,77.32391,11569,Uttar Pradesh,District Saharanpur
Titlagarh,20.28961,83.15233,34067,Odisha,Balangir
Titagarh,22.74252,88.37326,127751,West Bengal,North 24 Parganas
Titabar,26.6014,94.20386,7836,Assam,Jorhat
Tisaiyanvilai,8.33702,77.86776,23702,Tamil Nadu,Tirunelveli Kattabo
Tiruvottiyur,13.15823,80.30181,249446,Tamil Nadu,Chennai
Thiruvidaimaruthur,10.99857,79.45227,14786,Tamil Nadu,Thanjavur
Cheyyar,12.66052,79.54308,37802,Tamil Nadu,Tiruvannamalai
Tiruvennanallur,11.85892,79.36645,9623,Tamil Nadu,Villupuram
Tiruvengadam,9.25859,77.6748,8337,Tamil Nadu,Tenkasi district
Tiruvannamalai,12.22662,79.07461,145278,Tamil Nadu,Tiruvannamalai
Tiruvankod,8.24521,77.301,18723,Tamil Nadu,Kanniyakumari
Tiruvallur,13.14376,79.90889,56074,Tamil Nadu,Thiruvallur
Tiruvalam,12.98247,79.26612,9153,Tamil Nadu,Vellore
Tiruvalla,9.3816,76.57489,57223,Kerala,Pattanamtitta
Thiruthuraipoondi,10.52819,79.63268,24404,Tamil Nadu,Thiruvarur
Thiruthani,13.17594,79.61637,44781,Tamil Nadu,Thiruvallur
Tiruttangal,9.48333,77.83333,55362,Tamil Nadu,Virudhunagar
Tirurangadi,11.04316,75.92337,56632,Kerala,Malappuram
Tirur,10.91368,75.92118,56058,Kerala,Malappuram
Tiruppuvanam,9.82564,78.25795,24554,Tamil Nadu,Sivaganga
Tiruppur,11.11541,77.35456,963173,Tamil Nadu,Tiruppur
Tirupporur,12.7259,80.18954,13666,Tamil Nadu,Chengalpattu district
Tirupattur,12.49239,78.56804,64125,Tamil Nadu,Tirupattur district
Tirupparangunram,9.88151,78.07306,50004,Tamil Nadu,Madurai
Tirupananthal,11.09233,79.45252,11169,Tamil Nadu,Thanjavur
Tiruppalaikudi,9.54606,78.91721,8824,Tamil Nadu,Ramanathapuram
Tirupati,13.63551,79.41989,295323,Andhra Pradesh,Tirupati
Tirunelveli,8.72742,77.6838,1435844,Tamil Nadu,Tirunelveli Kattabo
Tirumullaivasal,11.23996,79.83705,13234,Tamil Nadu,Mayiladuthurai district
Tirumangalam,9.82307,77.98381,51194,Tamil Nadu,Madurai
Tirumala,13.68333,79.35,18013,Andhra Pradesh,Tirupati
Tirumakudal Narsipur,12.21207,76.9018,9980,Karnataka,Mysore
Tirukurangudi,8.43646,77.56569,9342,Tamil Nadu,Tirunelveli Kattabo
Tirukkoyilur,11.9662,79.20259,30212,Tamil Nadu,Kallakurichi district
Thirukattupalli,10.84431,78.95647,12972,Tamil Nadu,Thanjavur
Tirukkalikkunram,12.60799,80.0555,29391,Tamil Nadu,Chengalpattu district
Tiruchengode,11.38016,77.89444,95335,Tamil Nadu,Namakkal
Tiruchirappalli,10.8155,78.69651,1022518,Tamil Nadu,Tiruchirappalli
Tiruchchendur,8.49725,78.11906,32171,Tamil Nadu,Thoothukkudi
Tirthahalli,13.68835,75.24548,15422,Karnataka,Shimoga
Tirodi,21.68522,79.71906,8870,Madhya Pradesh,Balaghat
Tirawari,29.80147,76.92825,25944,Haryana,Karnal
Tira Sujanpur,31.83364,76.50539,7943,Himachal Pradesh,Hamirpur
Tiptur,13.2563,76.47768,60957,Karnataka,Tumkur
Tinsukia,27.48905,95.35992,116322,Assam,Tinsukia
Tinpahar,24.98333,87.73333,5336,Jharkhand,Sahibganj
Tinnanur,13.11448,80.02713,37095,Tamil Nadu,Thiruvallur
Tindwari,25.61739,80.52718,10406,Uttar Pradesh,District Banda
Tindivanam,12.234,79.65551,72796,Tamil Nadu,Villupuram
Timurni,22.37115,77.2274,22359,Madhya Pradesh,Harda
Tilhar,27.96282,79.73827,57043,Uttar Pradesh,Shajahanpur
Tikri,29.2291,77.35479,13646,Uttar Pradesh,Baghpat
Tikkotti,11.48333,75.61667,27051,Kerala,
Tikamgarh,24.74327,78.83061,79106,Madhya Pradesh,Tikamgarh
Tikaitnagar,26.94612,81.56583,8806,Uttar Pradesh,Bara Banki
Tijara,27.93411,76.85541,24747,Rajasthan,Alwar
Thoubal,24.63881,93.99639,45947,Manipur,Thoubal
Thiruvarur,10.77269,79.6368,58777,Tamil Nadu,Thiruvarur
Thiruvaiyaru,10.88405,79.10362,16164,Tamil Nadu,Thanjavur
Thenzawl,23.31667,92.75,7259,Mizoram,Serchhip
Thasra,22.79831,73.21174,18337,Gujarat,Kheda
Tharad,24.39597,71.62577,27954,Gujarat,Banas Kantha
Thara,23.97345,71.81922,18060,Gujarat,Banas Kantha
Thanniyam,10.41667,76.13333,9743,Kerala,Thrissur District
Thanna Mandi,33.54204,74.381,5490,Jammu and Kashmir,Rajauri
Thanjavur,10.78523,79.13909,291067,Tamil Nadu,Thanjavur
Thanesar,29.97323,76.83214,155152,Haryana,Kurukshetra
Thane,19.19704,72.96355,1841488,Maharashtra,Thane
Thandla,23.00959,74.57747,15756,Madhya Pradesh,Jhabua
Thana Bhawan,29.58605,77.41811,33498,Uttar Pradesh,Shamli
Than,22.57422,71.19942,42508,Gujarat,Surendranagar
Talera,25.31575,75.73276,7203,Rajasthan,Bundi District
Thakurganj,26.42742,88.13112,18348,Bihar,Kishanganj
Thakurdwara,29.19203,78.86145,39860,Uttar Pradesh,Moradabad
Tezu,27.91256,96.12882,18184,Arunachal Pradesh,Lohit District
Tezpur,26.63333,92.8,75540,Assam,Sonitpur
Tevaram,9.89666,77.28092,16079,Tamil Nadu,Theni
Terdal,16.49379,75.04667,26411,Karnataka,Bagalkot
Teonthar,24.98207,81.64194,17039,Madhya Pradesh,Rewa
Teok,26.83197,94.41651,8795,Assam,Jorhat
Thenkasi,8.96003,77.31525,70545,Tamil Nadu,Tenkasi district
Teni,10.01115,77.47772,1034724,Tamil Nadu,Theni
Tendukheda,23.3962,79.53947,14399,Madhya Pradesh,Damoh
Thenali,16.24253,80.63982,164937,Andhra Pradesh,Guntur
Tellicherry,11.74811,75.4929,97201,Kerala,Kannur
Telhara,21.02694,76.83889,21146,Maharashtra,Akola
Tekkali,18.6057,84.23546,28631,Andhra Pradesh,Srikakulam
Tekkalakote,15.53444,76.87703,26224,Karnataka,Ballari
Tekari,24.94253,84.84265,21324,Bihar,Gaya
Tekanpur,25.99401,78.28322,13681,Madhya Pradesh,Gwalior
Tehri,30.39086,78.4803,27611,Uttarakhand,Tehri Garhwal
Teghra,25.49043,85.94001,56234,Bihar,Begusarai
Tawang Town,27.57417,91.795,11202,Arunachal Pradesh,Tawang
Tattayyangarpettai,11.12417,78.44916,12980,Tamil Nadu,Tiruchirappalli
Tasgaon,17.037,74.60171,37945,Maharashtra,Sangli
Tarn Taran,31.45191,74.92777,66847,Punjab,Tarn Taran
Tarikere,13.70954,75.81382,37848,Karnataka,Chikmagalur
Tarapur,25.09067,86.66197,7450,Bihar,Munger
Tarapur,19.86499,72.68426,7493,Maharashtra,Palghar
Tharangambadi,11.02764,79.85425,23191,Tamil Nadu,Mayiladuthurai district
Taranagar,28.6686,75.03207,32640,Rajasthan,Churu District
Tarana,23.33383,76.04253,24908,Madhya Pradesh,Ujjain
Taramangalam,11.69403,77.97035,30222,Tamil Nadu,Salem
Tarakeswar,22.88605,88.01363,30475,West Bengal,Hugli
Tarabha,20.73252,83.67443,8334,Odisha,Subarnapur
Tapukrah,28.11072,76.8327,9471,Rajasthan,Alwar
Taoru,28.21173,76.94984,22599,Haryana,Nuh
Tanuku,16.75438,81.68143,77962,Andhra Pradesh,West Godavari
Tankara,22.65622,70.74945,10175,Gujarat,Morbi
Tangdhar,34.3979,73.85984,9904,Jammu and Kashmir,Kupwara
Tandur,17.24849,77.57698,65115,Telangana,Vikarabad
Tanda,28.97621,78.94187,44822,Uttar Pradesh,District Rampur
Tanda,26.54953,82.65841,88073,Uttar Pradesh,Ambedkar Nagar
Tanakpur,29.074,80.11139,16905,Uttarakhand,Champawat
Tammampatti,11.44126,78.4887,21503,Tamil Nadu,Salem
Tamluk,22.30083,87.92593,48646,West Bengal,Purba Medinipur
Tamenglong,25.0164,93.48545,19363,Manipur,Tamenglong
Tambaram,12.9246,80.12707,174787,Tamil Nadu,Chengalpattu district
Talwara,31.9376,75.88657,24752,Punjab,Hoshiarpur
Talwandi Sabo,29.98379,75.08203,20589,Punjab,Bathinda
Talwandi Bhai,30.85584,74.92979,17285,Punjab,Firozpur
Taloje,19.08555,73.09837,14318,Maharashtra,Raigarh
Taloda,21.56128,74.21238,26363,Maharashtra,Nandurbar
Talni,19.88176,76.47322,5743,Maharashtra,Jalna
Taliparamba,12.04161,75.35927,72465,Kerala,Kannur
Talikota,16.47311,76.31085,31693,Karnataka,Bijapur
Talgram,27.04753,79.64811,10629,Uttar Pradesh,Kannauj
Talen,23.56949,76.72821,10582,Madhya Pradesh,Rajgarh
Taleigao,15.46915,73.83285,17148,Goa,North Goa
Talegaon Dabhade,18.73502,73.67561,56435,Maharashtra,Pune Division
Talcher,20.94927,85.23354,40841,Odisha,Angul District
Talbahat,25.04357,78.43441,13789,Uttar Pradesh,Lalitpur
Talakkad,10.88459,75.93091,35820,Kerala,Malappuram
Talaja,21.3527,72.03524,29948,Gujarat,Bhavnagar
Talainayar Agraharam,10.5614,79.77229,12798,Tamil Nadu,Nagapattinam
Tal,23.71979,75.38514,14913,Madhya Pradesh,Ratlam
Takkolam,13.01643,79.73252,13983,Tamil Nadu,Ranipet district
Taki,22.58867,88.93253,40113,West Bengal,North 24 Parganas
Takhatpur,22.12915,81.86959,19968,Chhattisgarh,Bilaspur
Takhatgarh,25.32235,73.00487,17285,Rajasthan,Pali District
Takalghat,20.91521,78.94694,11363,Maharashtra,Nagpur Division
Tajpur,29.16242,78.48458,17529,Uttar Pradesh,Bijnor
Taipi Duidam,27.29117,96.04367,7151,Arunachal Pradesh,Changlang
Tadpatri,14.90832,78.01031,108171,Andhra Pradesh,Anantapur
Tadepalligudem,16.81467,81.52717,112655,Andhra Pradesh,West Godavari
Tadepalle,16.48333,80.6,64149,Andhra Pradesh,Guntur
Swamimalai,10.95747,79.32931,7289,Tamil Nadu,Thanjavur
Suwasra,24.06983,75.65232,13304,Madhya Pradesh,Mandsaur
Sutrapara,20.84352,70.48318,26132,Gujarat,Gir Somnath
Suthalia,23.99552,77.13953,10596,Madhya Pradesh,Rajgarh
Susner,23.94667,76.08825,16432,Madhya Pradesh,Agar Malwa
Suriapet,17.14054,79.62045,111729,Telangana,Suryapet
Surianwan,25.46387,82.41922,19157,Uttar Pradesh,Bhadohi
Surgana,20.55956,73.63747,6566,Maharashtra,Nashik Division
Surendranagar,22.72706,71.64856,179628,Gujarat,Surendranagar
Suratgarh,29.3215,73.89979,70536,Rajasthan,Ganganagar
Surat,21.19594,72.83023,4591246,Gujarat,Surat
Surandai,8.97574,77.41923,35272,Tamil Nadu,Tenkasi district
Surajpur,23.21347,82.86836,20189,Chhattisgarh,Surajpur
Surajgarh,28.31005,75.73271,21666,Rajasthan,Jhunjhunu District
Supaul,26.11527,86.59509,65437,Bihar,Supaul
Sunel,24.37065,75.95708,15840,Rajasthan,Jhalawar District
Sundarnagar,31.53523,76.905,25338,Himachal Pradesh,Mandi
Sundergarh,22.11667,84.03333,45036,Odisha,Sundargarh
Sunam,30.12883,75.79943,69069,Punjab,Sangrur
Sunakhala,20.16677,85.33227,6299,Odisha,Nayagarh District
Sumbal,34.23072,74.6472,15041,Jammu and Kashmir,Bandipore
Sullya,12.561,75.38741,19958,Karnataka,Dakshina Kannada
Suluru,13.7,80.01667,38065,Andhra Pradesh,Tirupati
Sulur,11.02427,77.12565,27909,Tamil Nadu,Coimbatore
Sultanpur,31.21468,75.19602,16877,Punjab,Kapurthala
Sultanpur,29.75534,78.11034,8518,Uttarakhand,Haridwar
Sultanpur,26.25788,82.07269,110368,Uttar Pradesh,District Sultanpur
Sultanpur,23.13812,77.93404,10268,Madhya Pradesh,Raisen
Sultanpur,20.08695,76.5187,8688,Maharashtra,Buldhana
Sulibele,13.1844,77.80141,9587,Karnataka,Bangalore Rural
Suket,24.64609,76.0417,22319,Rajasthan,Kota
Sujangarh,27.7,74.46667,183808,Rajasthan,Churu District
Suchindram,8.15442,77.46704,13193,Tamil Nadu,Kanniyakumari
Subulia,20.89586,84.16934,5072,Odisha,Subarnapur
Suar,29.02841,79.05654,28941,Uttar Pradesh,District Rampur
Srivilliputhur,9.51272,77.63369,75396,Tamil Nadu,Virudhunagar
Srivardhan,18.04592,73.01552,15279,Maharashtra,Raigarh
Srivaikuntam,8.62931,77.91281,15847,Tamil Nadu,Thoothukkudi
Srisailain,16.07217,78.86816,24142,Andhra Pradesh,Nandyal
Sriramnagar,17.26652,78.25544,19550,Telangana,Rangareddi
Sriperumbudur,12.96763,79.94197,24864,Tamil Nadu,Kancheepuram
Srinivaspur,13.33914,78.21175,26793,Karnataka,Kolar
Srinagar,34.08565,74.80555,1206419,Jammu and Kashmir,Srinagar
Srinagar,30.22243,78.78341,20216,Uttarakhand,Garhwal
Srimushnam,11.40118,79.40384,13971,Tamil Nadu,Cuddalore
Sri Madhopur,27.46599,75.59736,31366,Rajasthan,Sikar District
Karanpur,29.84042,73.45519,21604,Rajasthan,Ganganagar
Srikakulam,18.2989,83.89751,137944,Andhra Pradesh,Srikakulam
Srigobindpur,31.68945,75.47751,8241,Punjab,Gurdaspur
Sri Dungargarh,28.09617,74.00868,53294,Rajasthan,Bikaner District
Soygaon,20.59606,75.61765,23320,Maharashtra,Aurangabad
Soron,27.89055,78.74621,28683,Uttar Pradesh,Kasganj
Soro,21.27851,86.68833,32531,Odisha,Baleshwar
Sorbhog,26.48612,90.8859,7614,Assam,Barpeta
Sorala,19.13084,84.75089,8258,Odisha,Ganjam
Sorada,19.76082,84.42997,15117,Odisha,Ganjam
Sorab,14.38144,75.09183,11332,Karnataka,Shimoga
Sopur,34.28671,74.47228,71292,Jammu and Kashmir,Baramula
Sonkach,22.97166,76.34667,16545,Madhya Pradesh,Dewas
Sonipat,28.99478,77.01937,289333,Haryana,Sonipat
Songadh,21.16966,73.56357,26515,Gujarat,Tapi
Sonepur,20.83333,83.91667,20770,Odisha,Subarnapur
Sonpet,19.02594,76.47394,15765,Maharashtra,Parbhani
Sonegaon,20.62915,78.69207,12614,Maharashtra,Wardha
Rajpur Sonarpur,22.4382,88.43205,424368,West Bengal,South 24 Parganas
Sonari,27.02462,95.01629,19810,Assam,Charaideo
Sonamura,23.47547,91.2659,11285,Tripura,Sepahijala
Sonamukhi,23.30521,87.41336,28334,West Bengal,Bankura
Somvarpet,12.59698,75.84957,7227,Karnataka,Kodagu
Sompeta,18.94419,84.58449,18778,Andhra Pradesh,Srikakulam
Someshwar,13.49112,75.06646,22137,Karnataka,Udupi
Solim,15.61521,73.7674,10936,Goa,North Goa
Solan,30.90908,77.10869,40283,Himachal Pradesh,Solan
Sojitra,22.53884,72.71984,19403,Gujarat,Anand
Sojat,25.92493,73.66633,43023,Rajasthan,Pali District
Sohna,28.24737,77.06544,36552,Haryana,Gurugram district
Sohela,21.30153,83.39797,6917,Odisha,Baragarh
Sohana,30.68871,76.70659,9306,Punjab,Ajitgarh
Sohagpur,22.70055,78.19522,25040,Madhya Pradesh,Narmadapuram district
Sohagi,24.98181,81.69558,9009,Madhya Pradesh,Rewa
Sogam,34.50137,74.38228,10166,Jammu and Kashmir,Kupwara
Soanpeta,18.96995,78.35627,6820,Telangana,Nizamabad
Soalkuchi,26.16806,91.57111,13917,Assam,Kamrup
Siwana,25.65154,72.42243,22067,Rajasthan,Barmer District
Siwan,26.22096,84.35609,135066,Bihar,Siwan
Sivni,20.68803,77.04886,13699,Maharashtra,Akola
Sivakasi,9.44999,77.79797,234704,Tamil Nadu,Virudhunagar
Sivagiri,11.12026,77.78811,16779,Tamil Nadu,Erode
Sivagiri,9.34461,77.42911,23040,Tamil Nadu,Tenkasi district
Sivaganga,9.84701,78.48358,42785,Tamil Nadu,Sivaganga
Siuri,23.90806,87.52773,64659,West Bengal,Birbhum
Chittode,11.3946,77.65884,8550,Tamil Nadu,Erode
Sitarganj,28.9293,79.70436,24225,Uttarakhand,Udham Singh Nagar
Sitapur,27.56192,80.68265,164435,Uttar Pradesh,Sitapur
Sitamau,24.01473,75.35324,14056,Madhya Pradesh,Mandsaur
Sitamarhi,26.59357,85.4906,67818,Bihar,Sitamarhi
Siswa Bazar,27.14652,83.75803,19939,Uttar Pradesh,Maharajganj
Sisauli,29.41386,77.4689,15837,Uttar Pradesh,Muzaffarnagar
Sirur,18.8276,74.37475,37111,Maharashtra,Pune Division
Sirumugai,11.32137,77.00521,20066,Tamil Nadu,Coimbatore
Siruguppa,15.63,76.89217,52492,Karnataka,Ballari
Sirsilla,18.38865,78.81048,83186,Telangana,Rajanna Sircilla
Sirsi,28.63916,78.64303,22549,Uttar Pradesh,Sambhal
Sirsi,14.62072,74.83554,62882,Karnataka,Uttar Kannada
Sirsaganj,27.05715,78.68661,29034,Uttar Pradesh,Firozabad
Sirsa,29.53489,75.02898,182534,Haryana,Sirsa
Sirsa,25.2634,82.0919,12608,Uttar Pradesh,Prayagraj
Sirpur,19.47953,79.57558,10116,Telangana,Kumuram Bheem Asifabad
Sironj,24.10313,77.69055,52460,Madhya Pradesh,Vidisha
Sironcha,18.84831,79.9638,7427,Maharashtra,Gadchiroli
Sirohi,24.88838,72.84794,39229,Rajasthan,Sirohi
Sir Muttra,26.51501,77.37212,17988,Rajasthan,Dhaulpur
Sirmaur,24.83648,81.36448,11878,Madhya Pradesh,Rewa
Sirkazhi,11.23725,79.73585,34927,Tamil Nadu,Mayiladuthurai district
Sirhind,30.64321,76.38421,60847,Punjab,Fatehgarh Sahib
Sardarpur,22.66553,74.97736,7293,Madhya Pradesh,Dhar
Sirathu,25.64292,81.31855,13598,Uttar Pradesh,Kaushambi District
Siralkoppa,14.3807,75.25007,16864,Karnataka,Shimoga
Sira,13.74155,76.9043,57928,Karnataka,Tumkur
Sinor,21.91117,73.33974,11267,Gujarat,Vadodara
Sinnar,19.84505,73.99866,65299,Maharashtra,Nashik Division
Sini,22.79325,85.94543,6382,Jharkhand,Saraikela
Singur,22.80917,88.22944,19402,West Bengal,Hugli
Singtam,27.23467,88.50168,6133,Sikkim,Gangtok
Singoli,24.96667,75.3,9523,Madhya Pradesh,Neemuch
Singhana,28.09959,75.83895,11372,Rajasthan,Jhunjhunu District
Singarayakonda,15.23046,80.02794,19400,Andhra Pradesh,Prakasam
Singapperumalkovil,12.75947,80.0075,13566,Tamil Nadu,Chengalpattu district
Singanallur,10.99898,77.03238,31239,Tamil Nadu,Coimbatore
Sindkhed Raja,19.95363,76.12637,16434,Maharashtra,Buldhana
Sindi,20.80509,78.88752,13636,Maharashtra,Wardha
Sindhnur,15.76983,76.75581,75837,Karnataka,Raichur
Sindgi,16.91883,76.23368,37226,Karnataka,Bijapur
Shimla,31.10442,77.16662,173503,Himachal Pradesh,Shimla
Simga,21.6281,81.70376,16027,Chhattisgarh,Baloda Bazar
Simdega,22.61523,84.50208,42944,Jharkhand,Simdega
Simaria,24.79497,81.152,14045,Madhya Pradesh,Rewa
Simaluguri,26.9185,94.75684,8286,Assam,Sibsagar
Silvassa,20.27386,72.99673,98265,Dadra and Nagar Haveli and Daman and Diu,Dadra & Nagar Haveli
Silvani,23.3026,78.44076,18623,Madhya Pradesh,Raisen
Sillod,20.30303,75.65284,58230,Maharashtra,Aurangabad
Silchar,24.82733,92.79787,178865,Assam,Cachar
Silao,25.08358,85.42804,25674,Bihar,Nalanda
Sikar,27.61206,75.13996,244497,Rajasthan,Sikar District
Sikandra Rao,27.68859,78.37985,42229,Uttar Pradesh,Hathras
Sikandra,26.36722,79.6298,12289,Uttar Pradesh,Kanpur Dehat
Sikandarpur,26.04327,84.05298,24177,Uttar Pradesh,Ballia
Sikandarabad,28.45226,77.70004,73379,Uttar Pradesh,Bulandshahr
Sikka,22.43218,69.84158,28814,Gujarat,Jamnagar
Sijua,23.77617,86.33028,31537,Jharkhand,Dhanbad
Sihora,23.4871,80.10404,44048,Madhya Pradesh,Jabalpur
Sihor,21.71134,71.96179,54547,Gujarat,Bhavnagar
Sidlaghatta,13.38896,77.86444,51159,Karnataka,Chikkaballapur
Sidhpura,27.63312,78.86918,14815,Uttar Pradesh,Kasganj
Sidhi,24.4038,81.87954,54331,Madhya Pradesh,Sidhi
Sidhauli,27.28202,80.8345,22193,Uttar Pradesh,Sitapur
Siddipet,18.10483,78.84858,66737,Telangana,Siddipet
Siddhapur,23.91783,72.37212,61867,Gujarat,Patan
Siddapur,14.34322,74.894,14769,Karnataka,Uttar Kannada
Sibsagar,26.98427,94.63784,62104,Assam,Sibsagar
Shyamnagar,22.83333,88.36667,441956,West Bengal,Hugli
Shopian,33.71723,74.83413,16360,Jammu and Kashmir,Shupiyan
Shujalpur,23.40673,76.7098,51225,Madhya Pradesh,Shajapur
Shuganu,24.29546,93.87372,5132,Manipur,Kakching
Shrirangapattana,12.42264,76.68439,25061,Karnataka,Mandya
Shrirampur,22.75278,88.34222,226317,West Bengal,Hugli
Shrigonda,18.61527,74.69895,31134,Maharashtra,Ahmadnagar
Sravana Belgola,12.85737,76.48886,6485,Karnataka,Hassan
Shorapur,16.521,76.75738,51398,Karnataka,Yadgir
Shoranur,10.76181,76.27078,43533,Kerala,Palakkad district
Sholinghur,13.1181,79.42025,30856,Tamil Nadu,Ranipet district
Sholapur,17.67152,75.91044,997281,Maharashtra,Solapur
Shivrajpur,22.42319,73.60865,6705,Gujarat,Panch Mahals
Shivpuri,25.42378,77.66223,179977,Madhya Pradesh,Shivpuri
Shishgarh,28.72928,79.31469,23471,Uttar Pradesh,Bareilly
Shirwal,18.15059,73.97788,12703,Maharashtra,Satara Division
Shirud,20.73527,74.89187,8455,Maharashtra,Dhule
Shirpur,21.34821,74.88035,76905,Maharashtra,Dhule
Shirhatti,15.23352,75.57996,17610,Karnataka,Gadag
Shirgaon,19.69589,72.71527,5971,Maharashtra,Palghar
Shirdi,19.76616,74.47738,36004,Maharashtra,Ahmadnagar
Shivamogga,13.93157,75.56791,322650,Karnataka,Shimoga
Shillong,25.56892,91.88313,143229,Meghalaya,East Khasi Hills
Siliguri,26.71004,88.42851,515574,West Bengal,Darjeeling
Shikohabad,27.108,78.58661,99678,Uttar Pradesh,Firozabad
Shikarpur,28.28072,78.01411,34649,Uttar Pradesh,Bulandshahr
Shikaripura,14.2698,75.35643,36015,Karnataka,Shimoga
Shiggaon,14.99053,75.22499,28207,Karnataka,Haveri
Shertallai,9.68581,76.33996,45474,Kerala,Alappuzha
Sherkot,29.32704,78.57429,57361,Uttar Pradesh,Bijnor
Sherghati,24.5595,84.79162,40666,Bihar,Gaya
Shergarh,28.65128,79.36815,14076,Uttar Pradesh,Bareilly
Sheopur,25.66472,76.69616,71951,Madhya Pradesh,Sheopur
Sheohar,26.51393,85.29341,28116,Bihar,Sheohar
Sheoganj,25.13915,73.06784,28053,Rajasthan,Sirohi
Shenkottai,8.97741,77.24633,26823,Tamil Nadu,Tenkasi district
Shehera,22.95084,73.63118,19175,Gujarat,Panch Mahals
Shegaon,20.7932,76.69921,59672,Maharashtra,Buldhana
Shantipur,23.24723,88.43302,149983,West Bengal,Nadia
Shankrampet,18.04931,77.91418,6227,Telangana,Medak
Shankargarh,25.182,81.61769,14137,Uttar Pradesh,Prayagraj
Shamsabad,27.5371,79.43796,25266,Uttar Pradesh,Ferrukhabad
Shamsabad,27.01718,78.12358,31009,Uttar Pradesh,Agra
Shamsabad,23.81495,77.49567,11329,Madhya Pradesh,Vidisha
Shamli,29.4497,77.30959,97966,Uttar Pradesh,Shamli
Shamgarh,24.18817,75.63903,24637,Madhya Pradesh,Mandsaur
Shajapur,23.42637,76.27775,69263,Madhya Pradesh,Shajapur
Sheikhpura,25.13994,85.84096,62927,Bihar,Sheikhpura
Shahpura,27.3912,75.95956,33895,Rajasthan,Jaipur
Shahpura,25.62094,74.92487,29259,Rajasthan,Bhilwara District
Shahpura,23.13663,79.66402,13601,Madhya Pradesh,Jabalpur
Shahpur,29.3501,77.5516,18874,Uttar Pradesh,Muzaffarnagar
Shahpur,25.60293,84.40412,17767,Bihar,Bhojpur
Shahpur,23.89371,79.05074,13066,Madhya Pradesh,Sagar
Shahpur,23.02446,81.0038,9394,Madhya Pradesh,Dindori
Shahpur,22.15611,70.77068,12867,Gujarat,Rajkot
Shahpur,21.23742,76.22558,19719,Madhya Pradesh,Burhanpur
Shahpur,16.69605,76.8422,53366,Karnataka,Yadgir
Shahkot,31.08173,75.33708,14488,Punjab,Jalandhar
Shahjahanpur,27.99736,76.44914,9837,Rajasthan,Alwar
Shahjanpur,27.88165,79.90918,320434,Uttar Pradesh,Shajahanpur
Shahi,28.55023,79.31761,16064,Uttar Pradesh,Bareilly
Shahgarh,24.31365,79.11806,16300,Madhya Pradesh,Sagar
Shahganj,26.04965,82.68423,26510,Uttar Pradesh,Jaunpur
Shahdol,23.29356,81.3619,89289,Madhya Pradesh,Shahdol
Shahapur,19.45231,73.32572,11623,Maharashtra,Thane
Shahada,21.54538,74.47106,61376,Maharashtra,Nandurbar
Shahabad,30.16776,76.87046,42607,Haryana,Kurukshetra
Shahabad,28.56681,79.00956,34962,Uttar Pradesh,District Rampur
Shahabad,27.6431,79.9402,73606,Uttar Pradesh,Hardoi
Shahabad,17.1307,76.94361,52952,Karnataka,Gulbarga
Siwani,28.90909,75.61469,19143,Haryana,Bhiwani
Settur,9.40564,77.47841,20228,Tamil Nadu,Virudhunagar
Serula,15.54774,73.84329,12908,Goa,North Goa
Serchhip,23.29312,92.84679,21158,Mizoram,Serchhip
Sedam,17.17859,77.28998,39341,Karnataka,Gulbarga
Seorinarayan,21.72055,82.59344,9707,Chhattisgarh,Janjgir-Champa
Seoni Malwa,22.45046,77.4665,30100,Madhya Pradesh,Narmadapuram district
Seoni Chhapara,22.39388,79.54236,15371,Madhya Pradesh,Seoni
Seoni,22.08503,79.55037,102343,Madhya Pradesh,Seoni
Seondha,26.15422,78.7812,23140,Madhya Pradesh,Datia
Seohara,29.20904,78.58837,46546,Uttar Pradesh,Bijnor
Shendurjana,21.52488,78.2835,21748,Maharashtra,Amravati Division
Sendhwa,21.68562,75.09622,56485,Madhya Pradesh,Barwani
Sendamangalam,11.28111,78.23416,19750,Tamil Nadu,Namakkal
Sehore,23.2,77.08333,109118,Madhya Pradesh,Sehore
Secunderabad,17.50427,78.54263,204182,Telangana,Medchal Malkajgiri
Sayla,22.54925,71.48324,15376,Gujarat,Surendranagar
Sawyerpuram,8.68216,78.02651,12792,Tamil Nadu,Thoothukkudi
Sayalgudi,9.16925,78.44702,14801,Tamil Nadu,Ramanathapuram
Sawai Madhopur,26.02301,76.34408,121106,Rajasthan,Sawai Madhopur
Sawa,24.75888,74.57992,11923,Rajasthan,Chittaurgarh
Savli,22.56188,73.22317,18467,Gujarat,Vadodara
Savda,21.15054,75.88938,20584,Maharashtra,Jalgaon
Savanur,14.97335,75.33724,40567,Karnataka,Haveri
Savantvadi,15.90413,73.82191,23851,Maharashtra,Sindhudurg
Sausar,21.65576,78.79669,27459,Madhya Pradesh,Chhindwara
Saurikh,27.03051,79.48813,12055,Uttar Pradesh,Kannauj
Saundatti,15.76615,75.11778,41215,Karnataka,Belgaum
Sathyamangalam,11.50526,77.23826,37816,Tamil Nadu,Erode
Satwas,22.53628,76.68452,14108,Madhya Pradesh,Dewas
Sattur,9.35592,77.92457,31856,Tamil Nadu,Virudhunagar
Sattenapalle,16.39381,80.15221,56721,Andhra Pradesh,Palnadu
Sathankulam,8.44164,77.91349,14193,Tamil Nadu,Thoothukkudi
Satrikh,26.86045,81.19567,11023,Uttar Pradesh,Bara Banki
Satna,24.57726,80.82719,282977,Madhya Pradesh,Satna
Sathamba,23.17051,73.32828,7213,Gujarat,Arvalli
Satara,17.68589,73.99333,120195,Maharashtra,Satara Division
Satana,20.59483,74.20301,37701,Maharashtra,Nashik Division
Sasvad,18.34351,74.03102,31821,Maharashtra,Pune Division
Sasni,27.70287,78.08278,13498,Uttar Pradesh,Hathras
Sasaram,24.94942,84.01645,147408,Bihar,Rohtas
Sawar,25.75574,75.22292,20000,Rajasthan,Ajmer
Sarna,32.26306,75.58308,5847,Punjab,Pathankot
Sarkhej,22.98297,72.50196,30341,Gujarat,Ahmadabad
Sarjapur,12.85985,77.78657,11807,Karnataka,Bangalore Urban
Sarila,25.77579,79.67535,8012,Uttar Pradesh,District Hamirpur
Saria,21.64009,83.36311,6927,Chhattisgarh,Sarangarh Bilaigarh
Sargur,11.99971,76.39611,11425,Karnataka,Mysore
Sardulgarh,29.69224,75.23608,19219,Punjab,Mansa
Sardhana,29.14551,77.61433,49857,Uttar Pradesh,Meerut
Sardarshahr,28.44062,74.491,95911,Rajasthan,Churu District
Lawa Sardargarh,25.23922,73.98915,6600,Rajasthan,Rajsamand
Saravli,19.77703,72.7528,10397,Maharashtra,Palghar
Sarauli,28.49404,79.09177,20923,Uttar Pradesh,Bareilly
Sarangpur,23.56651,76.47306,37435,Madhya Pradesh,Rajgarh
Sarangarh,21.58614,83.0785,14954,Chhattisgarh,Sarangarh Bilaigarh
Saraipali,21.3153,83.00629,20043,Chhattisgarh,Mahasamund
Sarai Mir,26.02705,82.91843,17849,Uttar Pradesh,Azamgarh
Saraikela,22.69963,85.93126,14252,Jharkhand,Saraikela
Sarai Ekdil,26.74442,79.09353,10594,Uttar Pradesh,District Etawah
Sarai Akil,25.3789,81.51035,17443,Uttar Pradesh,Kaushambi District
Saragaon,21.98651,82.75577,7216,Chhattisgarh,Janjgir-Champa
Sapotra,26.2928,76.7522,6716,Rajasthan,Karauli
Sapatgram,26.33732,90.1236,12163,Assam,Kokrajhar
Saoner,21.3851,78.92155,32498,Maharashtra,Nagpur Division
Sanwer,22.97415,75.8271,16150,Madhya Pradesh,Indore
Sanvordem,15.26269,74.11965,5103,Goa,South Goa
Santokhgarh,31.35205,76.31775,9363,Himachal Pradesh,Una
Sanquelim,15.56422,74.00799,13651,Goa,North Goa
Sankrail,22.54997,88.22515,27523,West Bengal,Haora
Sankheda,22.17021,73.5782,12077,Gujarat,Chhotaudepur
Sankeshwar,16.25649,74.48195,34637,Karnataka,Belgaum
Sankarankovil,9.17048,77.54107,57277,Tamil Nadu,Tenkasi district
Sanjeli,23.0584,73.97024,7448,Gujarat,Dohad
Sanguem,15.22901,74.15149,6444,Goa,South Goa
Sangrur,30.24506,75.84488,88615,Punjab,Sangrur
Sangola,17.43948,75.19379,34321,Maharashtra,Solapur
Sangod,24.92707,76.28649,21846,Rajasthan,Kota
Sangli,16.85438,74.56417,601214,Maharashtra,Sangli
Sangaria,29.79886,74.46683,38638,Rajasthan,Hanumangarh
Sangareddi,17.62477,78.08669,72344,Telangana,Sangareddy
Sangamner,19.56784,74.21154,67309,Maharashtra,Ahmadnagar
Sandur,15.08613,76.54692,37431,Karnataka,Ballari
Sandila,27.06989,80.51497,53182,Uttar Pradesh,Hardoi
Sandi,27.28867,79.9519,25008,Uttar Pradesh,Hardoi
Sancoale,15.37794,73.90352,21923,Goa,South Goa
Sanchor,24.75361,71.7728,32875,Rajasthan,Jalore
Sanchi,23.48646,77.7378,8401,Madhya Pradesh,Raisen
Sanawad,22.17391,76.06993,38740,Madhya Pradesh,Khargone
Sanaur,30.30182,76.45786,21201,Punjab,Patiala
Sanand,22.99227,72.38177,95890,Gujarat,Ahmadabad
Samthar,25.84348,78.90683,21582,Uttar Pradesh,Jhansi
Samrala,30.83601,76.19324,19678,Punjab,Ludhiana
Sampla,28.77718,76.77165,20563,Haryana,Rohtak
Samdari,25.81299,72.57879,17915,Rajasthan,Barmer District
Samburvadakara,8.99856,77.38763,16709,Tamil Nadu,Tenkasi district
Sambre,15.87003,74.61142,13159,Karnataka,Belgaum
Sambhar,26.90806,75.19137,22828,Rajasthan,Jaipur
Sambhal,28.58498,78.56959,196109,Uttar Pradesh,Sambhal
Sambalpur,21.46527,83.97573,189366,Odisha,Sambalpur
Samba,32.56245,75.11993,26893,Jammu and Kashmir,Samba
Samayapuram,10.92392,78.74348,5502,Tamil Nadu,Tiruchirappalli
Samayanallur,9.97921,78.03592,9227,Tamil Nadu,Madurai
Samattur,10.6027,77.01409,5762,Tamil Nadu,Coimbatore
Samastipur,25.86222,85.77953,67925,Bihar,Samastipur
Samana,30.15395,76.19851,54072,Punjab,Patiala
Samalkot,17.05675,82.17639,56864,Andhra Pradesh,Kakinada
Samalkha,29.23552,77.01273,39710,Haryana,Panipat
Samalka,28.53499,77.09079,17076,Delhi,New Delhi
Salur,18.51716,83.20548,50206,Andhra Pradesh,Parvathipuram Manyam
Salumbar,24.13524,74.04442,16557,Rajasthan,Udaipur
Salon,26.02857,81.45403,14312,Uttar Pradesh,District Raebareli
Saligao,15.55359,73.79036,6280,Goa,North Goa
Salem,11.65376,78.15538,917414,Tamil Nadu,Salem
Salaya,22.31038,69.60376,33246,Gujarat,Devbhumi Dwarka
Islampur,28.15014,75.53987,10247,Rajasthan,Jhunjhunu District
Sakti,22.02662,82.96091,21955,Chhattisgarh,Sakti
Sakri,22.1054,82.08209,12861,Chhattisgarh,Bilaspur
Sakri,20.99104,74.31475,21764,Maharashtra,Dhule
Sakoli,21.08705,79.99145,14636,Maharashtra,Bhandara
Sakleshpur,12.94119,75.78467,24931,Karnataka,Hassan
Sakit,27.43463,78.77903,7811,Uttar Pradesh,Etah District
Saja,21.66667,81.31667,5257,Chhattisgarh,Bemetara
Saitlaw,23.97187,92.57454,11043,Mizoram,Mamit
Sairang,23.81034,92.65226,5950,Mizoram,Aizawl
Saint Thomas Mount,13.00334,80.19614,43795,Tamil Nadu,Chengalpattu district
Sainthia,23.94826,87.68045,43221,West Bengal,Birbhum
Selu,19.45512,76.44073,46915,Maharashtra,Parbhani
Sailana,23.46219,74.92318,11989,Madhya Pradesh,Ratlam
Saiha,22.49183,92.98143,25110,Mizoram,Saiha
Saidpur,28.61089,77.90896,14496,Uttar Pradesh,Bulandshahr
Saidpur,25.53749,83.22378,22904,Uttar Pradesh,Ghazipur
Sahibganj,26.30831,84.92695,23224,Bihar,Muzaffarpur
Sahibganj,25.24425,87.63481,95890,Jharkhand,Sahibganj
Sahawar,27.79603,78.83373,22201,Uttar Pradesh,Kasganj
Sahaswan,28.07227,78.75082,60953,Uttar Pradesh,Budaun
Sahaspur,29.12125,78.62273,24452,Uttar Pradesh,Bijnor
Saharsa,25.87498,86.59611,156540,Bihar,Saharsa
Saharanpur,29.9679,77.54522,484873,Uttar Pradesh,District Saharanpur
Saha,30.3119,76.97707,8100,Haryana,Ambala
Sagwara,23.67951,74.02013,29439,Rajasthan,Dungarpur
Sagauli,26.7639,84.74341,38815,Bihar,Purba Champaran
Saugor,23.83877,78.73874,274556,Madhya Pradesh,Sagar
Sagar,14.16498,75.02901,54550,Karnataka,Shimoga
Safipur,26.73783,80.3435,24801,Uttar Pradesh,District Unnao
Safidon,29.40596,76.67042,34728,Haryana,Jind
Safapur,34.26055,74.66418,10471,Jammu and Kashmir,Ganderbal
Sadri,25.18555,73.45288,27390,Rajasthan,Pali District
Sadhaura,30.38541,77.22199,14818,Haryana,Yamunanagar
Sadat,25.67117,83.30269,11211,Uttar Pradesh,Ghazipur
Sadasivpet,17.61925,77.95263,47920,Telangana,Sangareddy
Sadalgi,16.5587,74.53211,23790,Karnataka,Belgaum
Sadabad,27.43818,78.03758,36093,Uttar Pradesh,Hathras
Sachin,21.08718,72.88153,28102,Gujarat,Surat
Sabroom,23.00153,91.72427,7142,Tripura,South Tripura
Sabaur,25.2428,87.04465,12575,Bihar,Bhagalpur
Sabathu,30.97494,76.99137,6691,Himachal Pradesh,Solan
Sabalgarh,26.24918,77.40786,40333,Madhya Pradesh,Morena
Rusera,25.75355,86.02597,28781,Bihar,Samastipur
Rura,26.49001,79.90108,15908,Uttar Pradesh,Kanpur Dehat
Ropar,30.96896,76.52695,56038,Punjab,Rupnagar
Run,26.84298,73.79307,9241,Rajasthan,Nagaur District
Rudarpur,26.44467,83.61302,30873,Uttar Pradesh,Deoria
Roorkee,29.86632,77.89118,103894,Uttarakhand,Haridwar
Ron,15.69935,75.73408,23311,Karnataka,Gadag
Rohtak,28.89447,76.58917,374292,Haryana,Rohtak
Rohru,31.20269,77.75484,8160,Himachal Pradesh,Shimla
Roha,23.19646,69.27076,8664,Gujarat,Kutch
Roha,18.43687,73.11964,90000,Maharashtra,Raigarh
Robertsonpet,12.95629,78.27539,162230,Karnataka,Kolar
Robertsganj,24.6886,83.06784,37855,Uttar Pradesh,Sonbhadra
Risod,19.97671,76.78799,34136,Maharashtra,Washim
Rishra,22.72394,88.34563,117014,West Bengal,Hugli
Rishikesh,30.10778,78.29255,66390,Uttarakhand,Dehradun
Reengus,27.3636,75.56838,26139,Rajasthan,Sikar District
Richha,28.69467,79.52284,19459,Uttar Pradesh,Bareilly
Riasi,33.08115,74.83242,8101,Jammu and Kashmir,Reasi
Rhenok,27.17821,88.64675,5883,Sikkim,Pakyong
Rewari,28.199,76.6183,143021,Haryana,Rewari District
Rewa,24.53256,81.29234,235654,Madhya Pradesh,Rewa
Revelganj,25.78976,84.63596,39039,Bihar,Saran
Revadanda,18.55363,72.92559,10416,Maharashtra,Raigarh
Repalle,16.0184,80.82958,50866,Andhra Pradesh,Bapatla
Reoti,25.85091,84.3778,23819,Uttar Pradesh,Ballia
Reodhar,24.6197,72.5262,8117,Rajasthan,Sirohi
Renukut,24.21641,83.0358,62413,Uttar Pradesh,Sonbhadra
Renigunta,13.65143,79.51256,26031,Andhra Pradesh,Tirupati
Rengali,21.64602,84.05311,10867,Odisha,Sambalpur
Remuna,21.52798,86.87156,33378,Odisha,Baleshwar
Rehti,22.73781,77.43399,11611,Madhya Pradesh,Sehore
Rehli,23.63722,79.06275,30329,Madhya Pradesh,Sagar
Razole,16.47608,81.83912,14204,Andhra Pradesh,Konaseema
Razam,18.44909,83.65957,42197,Andhra Pradesh,Vizianagaram District
Raybag,16.49178,74.77391,18736,Karnataka,Belgaum
Rayagada,19.17132,83.41428,71208,Odisha,Rayagada
Rayadrug,14.69971,76.85241,61749,Andhra Pradesh,Anantapur
Rayachoti,14.05723,78.75056,91234,Andhra Pradesh,Annamayya
Raya,27.55607,77.78972,20008,Uttar Pradesh,Mathura
Ray,23.6843,85.05457,6977,Jharkhand,Ranchi
Raxaul,26.97982,84.85065,55536,Bihar,Purba Champaran
Rawatsar,29.26724,74.40288,35102,Rajasthan,Hanumangarh
Rawatbhata,24.92981,75.59209,37699,Rajasthan,Chittaurgarh
Raver,21.24757,76.03509,27039,Maharashtra,Jalgaon
Rourkela,22.22496,84.86414,273317,Odisha,Sundargarh
Ratu,23.42045,85.21459,22379,Jharkhand,Ranchi
Ratnagiri,16.99154,73.31022,76229,Maharashtra,Ratnagiri
Ratlam,23.33033,75.04032,264914,Madhya Pradesh,Ratlam
Ratia,29.69029,75.57688,37152,Haryana,Fatehabad District
Rath,25.59474,79.5666,61728,Uttar Pradesh,District Hamirpur
Ratanpur,22.2866,82.16823,24636,Chhattisgarh,Bilaspur
Ratangarh,28.08137,74.61854,71124,Rajasthan,Churu District
Ratangarh,24.81667,75.11667,7994,Madhya Pradesh,Neemuch
Rasulabad,26.74491,80.49012,7800,Uttar Pradesh,District Unnao
Rasra,25.8576,83.85487,31876,Uttar Pradesh,Ballia
Rasipuram,11.46009,78.18635,50244,Tamil Nadu,Namakkal
Rasapudipalem,17.73308,83.31622,1728128,Andhra Pradesh,Visakhapatnam
Ras,26.30577,74.19525,9511,Rajasthan,Pali District
Rapar,23.57267,70.64718,28407,Gujarat,Kutch
Ranpur,22.35161,71.71179,16944,Gujarat,Botad
Ranir Bazar,23.83463,91.36614,13104,Tripura,West Tripura
Ranipur,25.25034,79.06204,18820,Uttar Pradesh,Jhansi
Ranipet,12.92471,79.33331,264330,Tamil Nadu,Ranipet district
Ranikhet,29.64082,79.43229,19873,Uttarakhand,Almora
Raniganj,23.6164,87.13061,131261,West Bengal,Paschim Bardhaman
Ranebennur,14.62239,75.62951,106406,Karnataka,Haveri
Rania,29.52454,74.83689,25123,Haryana,Sirsa
Rani,25.35031,73.30885,13880,Rajasthan,Pali District
Rangpo,27.17733,88.53358,10450,Sikkim,Pakyong
Rangia,26.44931,91.61356,27889,Assam,Kamrup
Rangapara,26.83772,92.66876,18739,Assam,Sonitpur
Rangapahar,25.85571,93.70516,6673,Assam,
Ranchi,23.34316,85.3094,1120374,Jharkhand,Ranchi
Ranavav,21.68734,69.74485,46018,Gujarat,Porbandar
Ranapur,22.64704,74.52118,12371,Madhya Pradesh,Jhabua
Ranaghat,23.17623,88.56667,70984,West Bengal,Nadia
Ramtek,21.39562,79.32725,23404,Maharashtra,Nagpur Division
Ramsin,25.00511,72.54713,8376,Rajasthan,Jalore
Rampur Hat,24.17737,87.78275,53468,West Bengal,Birbhum
Rampura,30.256,75.24116,45639,Punjab,Bathinda
Rampura,26.34967,79.18234,11347,Uttar Pradesh,District Jalaun
Rampura,24.467,75.43996,18495,Madhya Pradesh,Neemuch
Rampur,31.44943,77.63087,6206,Himachal Pradesh,Shimla
Rampur,29.8062,77.45251,26257,Uttar Pradesh,District Saharanpur
Rampur,28.81014,79.02699,296418,Uttar Pradesh,District Rampur
Rampur,24.50249,81.05516,13638,Madhya Pradesh,Satna
Rampur,24.33987,81.47534,11936,Madhya Pradesh,Sidhi
Rampur,21.07351,84.34095,15379,Odisha,Sambalpur
Rampur,20.19808,83.52049,7892,Odisha,Kalahandi
Ramnagar,32.80728,75.31119,8166,Jammu and Kashmir,Udhampur
Ramnagar,29.3925,79.1283,51244,Uttarakhand,Nainital
Ramnagar,27.16371,84.32342,48411,Bihar,Pashchim Champaran
Ramnagar,27.08499,81.40575,13490,Uttar Pradesh,Bara Banki
Ramnagar,25.26907,83.02971,44277,Uttar Pradesh,Varanasi
Ramkola,26.90172,83.83758,13949,Uttar Pradesh,Kushinagar
Ramjibanpur,22.82815,87.60888,18318,West Bengal,Paschim Medinipur
Ramgundam,18.80084,79.45206,452261,Telangana,Peddapalli
Ramgarh,32.5084,74.96449,5612,Jammu and Kashmir,Samba
Ramgarh,28.17096,74.97973,33024,Rajasthan,Sikar District
Ramgarh,27.25097,75.17893,29834,Rajasthan,Sikar District
Ramgarh,25.28893,83.65355,8690,Bihar,Kaimur District
Ramgarh,23.6303,85.52156,88781,Jharkhand,Ramgarh
Ramganj Mandi,24.64648,75.94325,41328,Rajasthan,Kota
Rameswaram,9.2885,79.31271,44856,Tamil Nadu,Ramanathapuram
Ramdurg,15.94579,75.29785,34800,Karnataka,Belgaum
Ram Das,31.96739,74.9087,6398,Punjab,Amritsar
Rambha,19.51667,85.1,12111,Odisha,Ganjam
Ramban,33.24278,75.23513,7317,Jammu and Kashmir,Ramban
Ramapuram,15.28749,77.86722,5961,Andhra Pradesh,Nandyal
Ramapuram,13.10091,79.1841,31169,Andhra Pradesh,Chittoor
Ramanuj Ganj,23.80637,83.69981,11893,Chhattisgarh,Balrampur
Ramanathapuram,9.37158,78.83077,65314,Tamil Nadu,Ramanathapuram
Ramanapeta,17.28941,79.09417,10202,Telangana,Yadadri Bhuvanagiri
Closepet,12.72181,77.28149,95167,Karnataka,Ramanagara
Ramamangalam,9.93333,76.5,9999,Kerala,Ernakulam
Ramachandrapuram,16.83636,82.02871,43657,Andhra Pradesh,Konaseema
Rakholi,20.21667,73.03333,8339,Dadra and Nagar Haveli and Daman and Diu,Dadra & Nagar Haveli
Rakhabh Dev,24.07564,73.69304,9171,Rajasthan,Udaipur
Rajura,19.77947,79.36459,29668,Maharashtra,Chandrapur
Rajur,20.11087,78.89311,11934,Maharashtra,Yavatmal
Rajula,21.03854,71.44345,38489,Gujarat,Amreli
Rajsamand,25.07145,73.8798,67798,Rajasthan,Rajsamand
Rajpura,30.47856,76.59284,92301,Punjab,Patiala
Alirajpur,22.30393,74.35568,28498,Madhya Pradesh,Alirajpur
Rajpur,21.94022,75.13608,20947,Madhya Pradesh,Barwani
Rajpipla,21.86667,73.5,35392,Gujarat,Narmada
Raj-Nandgaon,21.09687,81.0289,163114,Chhattisgarh,Raj Nandgaon
Rajnagar,24.88929,79.91178,14253,Madhya Pradesh,Chhatarpur
Rajmahal,25.05303,87.83048,22514,Jharkhand,Sahibganj
Rajkot,22.29161,70.79322,1390640,Gujarat,Rajkot
Rajim,20.96351,81.87994,14090,Chhattisgarh,Gariyaband
Rajgurunagar,18.86667,73.9,25146,Maharashtra,Pune Division
Rajgir,25.02828,85.42079,41587,Bihar,Nalanda
Rajgarh,28.64201,75.38612,59193,Rajasthan,Churu District
Rajgarh,27.23731,76.62243,26953,Rajasthan,Alwar
Rajgarh,24.00826,76.7325,29726,Madhya Pradesh,Rajgarh
Rajgarh,22.67821,74.94483,17113,Madhya Pradesh,Dhar
Rajaori,33.37526,74.3092,29486,Jammu and Kashmir,Rajauri
Rajauli,24.64486,85.50028,30170,Bihar,Nawada
Rajasingamangalam,9.63574,78.84613,14565,Tamil Nadu,Ramanathapuram
Raja Sansi,31.72021,74.8008,14298,Punjab,Amritsar
Raja Ranapur,20.06168,85.34364,10001,Odisha,Nayagarh District
Rajapur,25.389,81.145,13962,Uttar Pradesh,Chitrakoot
Rajapur,16.65679,73.51701,10718,Maharashtra,Ratnagiri
Rajapalayam,9.45296,77.55335,130442,Tamil Nadu,Virudhunagar
Razampeta,14.19544,79.15896,54050,Andhra Pradesh,Annamayya
Rajaldesar,28.02849,74.47442,27419,Rajasthan,Churu District
Rajakhera,26.89802,78.171,33666,Rajasthan,Dhaulpur
Rajamahendravaram,17.00517,81.77784,376333,Andhra Pradesh,East Godavari
Rajabhita,23.86667,86.33333,8820,Jharkhand,Dhanbad
Raiwala Bara,30.01864,78.2293,5198,Uttarakhand,Dehradun
Raisinghnagar,29.53583,73.44917,29626,Rajasthan,Ganganagar
Raisen,23.33033,77.7811,44162,Madhya Pradesh,Raisen
Raipur Rani,30.5856,77.02177,9028,Haryana,Panchkula
Raipur,30.31097,78.08979,27702,Uttarakhand,Dehradun
Raipur,26.04259,74.02373,17537,Rajasthan,Pali District
Raipur,21.23333,81.63333,1027264,Chhattisgarh,Raipur
Raikot,30.65,75.6,28734,Punjab,Ludhiana
Raighar,19.88779,82.07177,5936,Chhattisgarh,
Raigarh,21.89764,83.3966,150019,Chhattisgarh,Raigarh
Raiganj,25.61281,88.12449,170252,West Bengal,Uttar Dinajpur
Raichur,16.20546,77.35567,234073,Karnataka,Raichur
Raia,15.30499,73.97096,10706,Goa,South Goa
Rahuri,19.39069,74.64979,38813,Maharashtra,Ahmadnagar
Rahon,31.05275,76.11907,15676,Punjab,Shahid Bhagat Singh Nagar
Rahimatpur,17.5921,74.19966,17633,Maharashtra,Satara Division
Rahatgarh,23.78968,78.39473,31537,Madhya Pradesh,Sagar
Rahata,19.71664,74.48109,22335,Maharashtra,Ahmadnagar
Raha,26.23333,92.51667,11030,Assam,Nagaon
Raghunathpur,25.64492,87.91762,6355,Bihar,Katihar
Raghunathpur,23.53878,86.6735,22802,West Bengal,Puruliya
Raghogarh,24.44318,77.19768,63873,Madhya Pradesh,Guna
Rafiganj,24.81757,84.63445,35536,Bihar,Aurangabad
Raebareli,26.2309,81.23315,186433,Uttar Pradesh,District Raebareli
Radhanpur,23.83238,71.6047,39558,Gujarat,Patan
Radhakund,27.52432,77.49101,6420,Uttar Pradesh,Mathura
Radhakishorepur,23.53682,91.49152,9052,Tripura,Gomati
Radaur,30.02706,77.15177,13690,Haryana,Yamunanagar
Rabupura,28.25153,77.60253,13949,Uttar Pradesh,Gautam Buddha Nagar
Rabkavi,16.47567,75.1106,73835,Karnataka,Bagalkot
Kollam,8.88113,76.58469,367107,Kerala,Kollam
Koyilandy,11.4381,75.69306,71873,Kerala,Kozhikode
Queula,15.39011,73.98557,6852,Goa,North Goa
Quepem,15.2128,74.0772,14795,Goa,South Goa
Qazigund,33.63828,75.14261,9871,Jammu and Kashmir,Anantnag
Kasba,25.85643,87.53836,30421,Bihar,Purnia
Qadian,31.82198,75.37663,23632,Punjab,Gurdaspur
Puttur,13.44189,79.55314,54092,Andhra Pradesh,Tirupati
Puttur,12.75975,75.20169,53331,Karnataka,Dakshina Kannada
Pushkar,26.49022,74.55211,21626,Rajasthan,Ajmer
Pusad,19.91274,77.57838,73046,Maharashtra,Yavatmal
Purwa,26.45756,80.77403,22220,Uttar Pradesh,District Unnao
Purushottampur,19.52024,84.88514,15366,Odisha,Ganjam
Puruliya,23.33062,86.36303,122533,West Bengal,Puruliya
Purnia,25.77895,87.47422,282248,Bihar,Purnia
Purna,19.1817,77.02566,36433,Maharashtra,Parbhani
Puri,19.79825,85.82494,200564,Odisha,Puri
Puranpur,28.51283,80.14829,39988,Uttar Pradesh,District Pilibhit
Puraini,25.14257,86.97967,30829,Bihar,Bhagalpur
Pupri,26.47079,85.70311,15129,Bihar,Sitamarhi
Punjai Puliyampatti,11.35163,77.16671,18967,Tamil Nadu,Erode
Punganuru,13.36672,78.57186,54746,Andhra Pradesh,Chittoor
Pune,18.51957,73.85535,3124458,Maharashtra,Pune Division
Pundri,29.76096,76.56034,33484,Haryana,Kaithal
Punasa,22.23507,76.39335,350000,Madhya Pradesh,Khandwa district
Punalur,9.01956,76.92261,47263,Kerala,Kollam
Punahana,27.86371,77.20432,24734,Haryana,Nuh
Pulwama,33.87405,74.89955,20071,Jammu and Kashmir,Pulwama
Pullambadi,10.9411,78.91041,10288,Tamil Nadu,Tiruchirappalli
Puliyur,10.63375,78.84139,11174,Tamil Nadu,Pudukkottai
Puliyankudi,9.17489,77.39799,66034,Tamil Nadu,Tenkasi district
Pulivendla,14.42139,78.22502,65706,Andhra Pradesh,YSR district
Pulgaon,20.72204,78.32056,35238,Maharashtra,Wardha
Pukhrayan,26.22375,79.83739,22555,Uttar Pradesh,Kanpur Dehat
Pugalur,11.07401,78.02095,23408,Tamil Nadu,Karur
Puduvayal,13.33015,80.14577,9742,Tamil Nadu,Thiruvallur
Pudur,12.99801,79.14352,11432,Tamil Nadu,Vellore
Pudur,9.29169,78.13848,8891,Tamil Nadu,Thoothukkudi
Puduppatti,11.15217,78.21205,7570,Tamil Nadu,Namakkal
Pudunagaram,10.68018,76.68363,17892,Kerala,Palakkad district
Pudukkottai,10.38128,78.82141,117630,Tamil Nadu,Pudukkottai
Proddatur,14.7502,78.54813,177797,Andhra Pradesh,YSR district
Priol,15.41667,73.98333,8164,Goa,North Goa
Pratapgarh,25.89509,81.9424,13672,Uttar Pradesh,District Pratapgarh
Pratapgarh,24.03215,74.78162,42079,Rajasthan,Pratapgarh
Pottanur,11.10983,77.98883,18455,Tamil Nadu,Namakkal
Port Blair,11.66613,92.74635,112050,Andaman and Nicobar,South Andaman
Porsa,26.67444,78.37081,39669,Madhya Pradesh,Morena
Porbandar,21.64219,69.60929,152760,Gujarat,Porbandar
Poonamalle,13.04888,80.11488,60607,Tamil Nadu,Thiruvallur
Ponnuru,16.06547,80.55203,57170,Andhra Pradesh,Guntur
Ponneri,13.33868,80.19487,31025,Tamil Nadu,Thiruvallur
Ponnani,10.76695,75.92523,105512,Kerala,Malappuram
Ponnampet,12.14473,75.94514,6117,Karnataka,Kodagu
Ponnamaravati,10.28032,78.53601,12676,Tamil Nadu,Pudukkottai
Puducherry,11.93381,79.82979,657209,Puducherry,Puducherry
Ponda,15.40341,74.01519,22664,Goa,North Goa
Polur,12.51217,79.12405,28123,Tamil Nadu,Tiruvannamalai
Pollachi,10.65825,77.0085,90180,Tamil Nadu,Coimbatore
Polavaram,17.24754,81.64372,43710,Andhra Pradesh,Eluru
Polasara,19.69386,84.81401,23119,Odisha,Ganjam
Polaia Kalan,23.21189,76.55286,12268,Madhya Pradesh,Shajapur
Pokaran,26.92007,71.91631,23554,Rajasthan,Jaisalmer
Podili,15.60639,79.61489,31145,Andhra Pradesh,Prakasam
Pithoragarh,29.58349,80.20947,47571,Uttarakhand,Pithoragarh
Pithora,21.25021,82.51707,8428,Chhattisgarh,Mahasamund
Pithapuram,17.1168,82.25284,54859,Andhra Pradesh,Kakinada
Pirthipur,25.20837,78.75158,26883,Madhya Pradesh,Niwari
Piro,25.33218,84.40454,33785,Bihar,Bhojpur
Piriyapatna,12.33497,76.10073,16685,Karnataka,Mysore
Pirawa,24.15506,76.02728,12807,Rajasthan,Jhalawar District
Piravam,9.86667,76.5,28254,Kerala,Ernakulam
Pirangut,18.5084,73.68924,14174,Maharashtra,Pune Division
Pipri,19.79371,75.53519,23047,Maharashtra,Aurangabad
Pipraich,26.82745,83.52632,15856,Uttar Pradesh,Gorakhpur
Pippara,16.71667,81.55,8581,Andhra Pradesh,Eluru
Piploda,23.60732,74.94198,8294,Madhya Pradesh,Ratlam
Piploda,23.35,75.43333,7719,Madhya Pradesh,Ujjain
Pipla,21.59071,78.73494,8595,Madhya Pradesh,Chhindwara
Pipili,20.11357,85.83147,17623,Odisha,Puri
Piparia,22.75703,78.35499,48826,Madhya Pradesh,Narmadapuram district
Pipar,26.38441,73.54394,36810,Rajasthan,Jodhpur
Pipalrawan,23.16252,76.47044,9652,Madhya Pradesh,Dewas
Pinjaur,30.79873,76.91822,35912,Haryana,Panchkula
Pindwara,24.79749,73.05505,24487,Rajasthan,Sirohi
Pingawan,27.8959,77.1022,12612,Haryana,Nuh
Pinahat,26.88487,78.37647,19511,Uttar Pradesh,Agra
Pimpri,18.62292,73.80696,1284606,Maharashtra,Pune Division
Pilkhua,28.71271,77.656,74212,Uttar Pradesh,Hapur
Pilibhit,28.63124,79.80436,131008,Uttar Pradesh,District Pilibhit
Pilibangan,29.44964,74.10093,37288,Rajasthan,Hanumangarh
Pileru,13.65584,78.93854,41489,Andhra Pradesh,Annamayya
Pilerne,15.53353,73.79533,5827,Goa,North Goa
Pilani,28.36725,75.60352,29741,Rajasthan,Jhunjhunu District
Pihani,27.61987,80.20343,30369,Uttar Pradesh,Hardoi
Piduguralla,16.47926,79.88632,63103,Andhra Pradesh,Palnadu
Pichor,25.17555,78.18863,18127,Madhya Pradesh,Shivpuri
Phulpur,26.07779,82.87608,8893,Uttar Pradesh,Azamgarh
Phulpur,25.54895,82.0895,22886,Uttar Pradesh,Prayagraj
Phulera,26.87401,75.24171,26091,Rajasthan,Jaipur
Phulbani,20.48101,84.23063,37371,Odisha,Kandhamal
Phirangipuram,16.29078,80.26233,17335,Andhra Pradesh,Guntur
Phillaur,31.01887,75.79111,24688,Punjab,Jalandhar
Phek,25.66667,94.5,15118,Manipur,
Phariha,27.32166,78.47267,6380,Uttar Pradesh,Firozabad
Phaphund,26.59888,79.46437,16675,Uttar Pradesh,Auraiya
Phaltan,17.99113,74.43177,53202,Maharashtra,Satara Division
Phalodi,27.13102,72.36826,49914,Rajasthan,Jodhpur
Phalauda,29.18824,77.82996,18545,Uttar Pradesh,Meerut
Phagwara,31.22452,75.77387,100146,Punjab,Kapurthala
Petlawad,23.01102,74.79772,15174,Madhya Pradesh,Jhabua
Petlad,22.47681,72.79995,55330,Gujarat,Anand
Pethapur,23.26307,72.67386,23497,Gujarat,Gandhinagar
Perur,10.97519,76.91292,8341,Tamil Nadu,Coimbatore
Perundurai,11.27564,77.58794,24930,Tamil Nadu,Erode
Perumpavur,10.11544,76.47611,27105,Kerala,Ernakulam
Perumanallur,11.20503,77.35889,7356,Tamil Nadu,Tiruppur
Pernem,15.723,73.79511,5555,Goa,North Goa
Periyapatti,10.75812,77.27087,10647,Tamil Nadu,Tiruppur
Periyanegamam,10.74317,77.10296,7913,Tamil Nadu,Coimbatore
Periyanayakkanpalaiyam,11.15255,76.95159,25930,Tamil Nadu,Coimbatore
Periyakulam,10.12268,77.54372,42976,Tamil Nadu,Theni
Perya,11.83334,75.85408,12659,Kerala,Wayanad
Perintalmanna,10.97724,76.22541,49723,Kerala,Malappuram
Peravurani,10.29035,79.20156,22084,Tamil Nadu,Thanjavur
Peranampattu,12.9343,78.7189,51271,Tamil Nadu,Vellore
Peranamallur,12.57052,79.43332,5801,Tamil Nadu,Tiruvannamalai
Perambalur,11.23333,78.88333,49648,Tamil Nadu,Perambalur
Peraiyur,9.73579,77.78955,10394,Tamil Nadu,Madurai
Penukonda,14.08286,77.59473,20220,Andhra Pradesh,Sri Sathya Sai
Penugonda,16.65363,81.7455,23654,Andhra Pradesh,West Godavari
Pennathur,12.24681,79.22592,13718,Tamil Nadu,Tiruvannamalai
Pennagaram,12.13433,77.89525,17480,Tamil Nadu,Dharmapuri
Pennadam,11.40389,79.24156,19494,Tamil Nadu,Cuddalore
Pendra,22.77548,81.95968,14120,Chhattisgarh,Gaurella Pendra Marwahi
Pen,18.73734,73.09603,37852,Maharashtra,Raigarh
Pehowa,29.97897,76.58249,39101,Haryana,Kurukshetra
Peddapuram,17.07701,82.13836,49477,Andhra Pradesh,Kakinada
Peddapalli,18.61357,79.37442,41171,Telangana,Peddapalli
Peddanayakkanpalaiyam,11.65104,78.50872,17678,Tamil Nadu,Salem
Pedana,16.25582,81.14378,30721,Andhra Pradesh,Krishna
Payyanur,12.0935,75.20249,72111,Kerala,Kannur
Pawayan,28.06626,80.10305,25708,Uttar Pradesh,Shajahanpur
Pawai,24.26635,80.16196,14465,Madhya Pradesh,Panna
Pavugada,14.09953,77.28018,32063,Karnataka,Tumkur
Pauri,30.15286,78.7771,26514,Uttarakhand,Garhwal
Pawni,20.79229,79.63644,23450,Maharashtra,Bhandara
Patur,20.46093,76.93725,21747,Maharashtra,Akola
Pattukkottai,10.42358,79.31949,73135,Tamil Nadu,Thanjavur
Pattiyurgramam,9.17744,76.50115,23460,Kerala,Alappuzha
Patti,31.28092,74.85849,40976,Punjab,Tarn Taran
Patti,25.9215,82.20048,9685,Uttar Pradesh,District Pratapgarh
Pattan,34.16125,74.55634,19538,Jammu and Kashmir,Baramula
Pattambi,10.80005,76.18408,28632,Kerala,Palakkad district
Patratu,23.66505,85.30353,32899,Jharkhand,Ramgarh
Patrasaer,23.19697,87.53319,11520,West Bengal,Bankura
Patrapur,19.13198,84.57036,6059,Andhra Pradesh,
Patnagarh,20.70833,83.13263,21024,Odisha,Balangir
Patna,25.59408,85.13563,1684297,Bihar,Patna
Patiali,27.69086,78.99823,13515,Uttar Pradesh,Kasganj
Patiala,30.33625,76.3922,446246,Punjab,Patiala
Pathri,19.2588,76.43412,37648,Maharashtra,Parbhani
Patharia,23.89921,79.19393,21026,Madhya Pradesh,Damoh
Patharia,22.01847,81.83512,6349,Chhattisgarh,Mungeli
Pathardih,23.6658,86.43166,45276,Jharkhand,Dhanbad
Pathardi,19.17279,75.17425,27211,Maharashtra,Ahmadnagar
Pathankot,32.27484,75.65287,174306,Punjab,Pathankot
Pathanamthitta,9.26667,76.78333,38285,Kerala,Pattanamtitta
Pathalgaon,22.55656,83.46355,16613,Chhattisgarh,Jashpur
Pataudi,28.32547,76.77858,20418,Haryana,Gurugram district
Patancheru,17.53334,78.2645,46821,Telangana,Sangareddy
Patan,23.8507,72.12963,133737,Gujarat,Patan
Patan,23.28636,79.68962,14624,Madhya Pradesh,Jabalpur
Patan,21.03333,81.53333,10133,Chhattisgarh,Durg
Patan,17.37513,73.90143,13779,Maharashtra,Satara Division
Patamundai,20.57806,86.56063,36528,Odisha,Kendrapara
Pasighat,28.06631,95.32678,25581,Arunachal Pradesh,East Siang
Pasan,22.84412,82.19823,30928,Chhattisgarh,Korba
Parvatsar,26.88604,74.76602,15405,Rajasthan,Nagaur District
Parvatipuram,18.78392,83.42569,53844,Andhra Pradesh,Parvathipuram Manyam
Parur,10.1477,76.23,31503,Kerala,Ernakulam
Partur,19.59925,76.21541,35883,Maharashtra,Jalna
Partibanur,9.5855,78.45452,8232,Tamil Nadu,Ramanathapuram
Partapur,23.59276,74.17396,10758,Rajasthan,Banswara District
Partabpur,23.48514,83.21006,5635,Chhattisgarh,Surajpur
Parshadepur,26.07354,81.49207,10690,Uttar Pradesh,District Raebareli
Parola,20.88098,75.11937,37666,Maharashtra,Jalgaon
Parol,32.34598,75.43441,7800,Jammu and Kashmir,Kathua
Parnera,20.56101,72.94846,12296,Gujarat,Valsad
Parli Vaijnath,18.85057,76.53163,94863,Maharashtra,Bid
Pariyapuram,11.01667,75.86667,22766,Kerala,Malappuram
Parichhatgarh,28.97841,77.93422,18990,Uttar Pradesh,Meerut
Parichha,25.50789,78.75954,7399,Uttar Pradesh,Jhansi
Pardi,20.5087,72.94569,28495,Gujarat,Valsad
Parbhani,19.26855,76.77081,307170,Maharashtra,Parbhani
Paravur Tekkumbhagam,8.7947,76.66798,38946,Kerala,Kollam
Parassala,8.33869,77.15422,34096,Tamil Nadu,
Parasia,22.1913,78.75904,42786,Madhya Pradesh,Chhindwara
Parasgaon,19.86224,81.64041,6306,Chhattisgarh,Kondagaon
Paramati,11.15436,78.02134,11986,Tamil Nadu,Namakkal
Paramagudi,9.54633,78.5907,95579,Tamil Nadu,Ramanathapuram
Paralakhemundi,18.77619,84.09504,87152,Odisha,Gajapati
Paradip Garh,20.31641,86.6085,85868,Odisha,Jagatsinghpur
Pappinissheri,11.95655,75.34034,35134,Kerala,Kannur
Papparapatti,12.22086,78.0592,12174,Tamil Nadu,Dharmapuri
Papireddippatti,11.91774,78.36865,9369,Tamil Nadu,Dharmapuri
Paparhahandi,19.33333,82.51667,9390,Chhattisgarh,
Papanasam,10.92687,79.27056,17548,Tamil Nadu,Thanjavur
Paonta Sahib,30.43666,77.62462,25183,Himachal Pradesh,Sirmaur
Panvel,18.98878,73.11013,195373,Maharashtra,Raigarh
Panth Piplia,24.19511,75.00603,15070,Madhya Pradesh,Mandsaur
Pansemal,21.65981,74.69937,12166,Madhya Pradesh,Barwani
Panruti,11.77662,79.55269,60323,Tamil Nadu,Cuddalore
Panna,24.72094,80.18772,59091,Madhya Pradesh,Panna
Ponmana,9.00798,76.52023,29139,Kerala,Kollam
Panipat,29.38747,76.96825,295970,Haryana,Panipat
Panihati,22.69089,88.37404,378705,West Bengal,North 24 Parganas
Pandua,23.07492,88.28637,28205,West Bengal,Hugli
Pandhurna,21.59556,78.52628,45479,Madhya Pradesh,Chhindwara
Pandharpur,17.67924,75.33098,98923,Maharashtra,Solapur
Pandharkawada,20.02108,78.54628,31094,Maharashtra,Yavatmal
Pandhana,21.69816,76.22487,13694,Madhya Pradesh,Khandwa district
French Rocks,12.50094,76.67416,20399,Karnataka,Mandya
Pandatarai,22.18714,81.32815,11000,Chhattisgarh,Kabeerdham
Pandaria,22.22495,81.40994,16165,Chhattisgarh,Kabeerdham
Panchgani,17.92449,73.8008,14894,Maharashtra,Satara Division
Panapakkam,12.92102,79.56632,11536,Tamil Nadu,Ranipet district
Panamaram,11.74014,76.07369,11651,Kerala,Wayanad
Panjim,15.49574,73.82624,70991,Goa,North Goa
Panakkudi,8.322,77.57711,29895,Tamil Nadu,Tirunelveli Kattabo
Panagar,23.28539,79.99509,27932,Madhya Pradesh,Jabalpur
Pamuru,15.09633,79.41174,20000,Andhra Pradesh,Prakasam
Pampur,34.01515,74.91895,21680,Jammu and Kashmir,Pulwama
Pamban,9.27904,79.21086,30926,Tamil Nadu,Ramanathapuram
Palwal,28.14469,77.32546,131926,Haryana,Palwal
Paluru,19.46667,85.13333,5019,Odisha,Ganjam
Palsud,21.8262,74.96908,10113,Madhya Pradesh,Barwani
Paloncha,17.60184,80.70509,75224,Telangana,Bhadradri Kothagudem
Palani,10.45034,77.5209,70467,Tamil Nadu,Dindigul
Palmaner,13.2,78.74725,54035,Andhra Pradesh,Chittoor
Pallippatti,11.9399,78.40161,26492,Tamil Nadu,Dharmapuri
Pallipattu,13.3386,79.44489,8912,Tamil Nadu,Thiruvallur
Pallikonda,12.90518,78.9427,23067,Tamil Nadu,Vellore
Palle,15.46667,74.08333,6043,Goa,North Goa
Pallavaram,12.96796,80.15025,233984,Tamil Nadu,Chengalpattu district
Pallattur,10.14609,78.80309,9580,Tamil Nadu,Sivaganga
Pallappatti,10.72057,77.87951,30624,Tamil Nadu,Karur
Pal Lahara,21.43354,85.19184,5749,Odisha,Angul District
Palladam,10.99175,77.28633,42225,Tamil Nadu,Tiruppur
Palkonda,18.60374,83.75568,29378,Andhra Pradesh,Parvathipuram Manyam
Paliyad,22.25757,71.56024,10862,Gujarat,Botad
Palitana,21.52519,71.82309,64497,Gujarat,Bhavnagar
Palia Kalan,28.43205,80.58137,38547,Uttar Pradesh,Kheri
Pali,25.77276,73.32335,230075,Rajasthan,Pali District
Pali,24.49188,78.41617,9098,Uttar Pradesh,Lalitpur
Pali,23.36453,81.04374,22324,Madhya Pradesh,Umaria District
Pali,22.3775,82.32588,5514,Chhattisgarh,Korba
Pali,18.53797,73.22218,9176,Maharashtra,Raigarh
Palakkad,10.77319,76.65366,132728,Kerala,Palakkad district
Palghar,19.69693,72.76543,72335,Maharashtra,Palghar
Palera,25.02013,79.22818,17493,Madhya Pradesh,Tikamgarh
Palasa,18.77257,84.41012,65833,Andhra Pradesh,Srikakulam
Palari,21.53633,82.15864,8567,Chhattisgarh,Baloda Bazar
Palanpur,24.17128,72.43827,141592,Gujarat,Banas Kantha
Palamedu,10.10501,78.11336,10493,Tamil Nadu,Madurai
Palakollu,16.5167,81.73,81199,Andhra Pradesh,West Godavari
Palakkodu,12.30696,78.07022,20959,Tamil Nadu,Dharmapuri
Pal,21.36176,75.90125,7041,Maharashtra,Jalgaon
Pakhar,27.11743,76.91091,11960,Rajasthan,Dausa
Pakur,24.63925,87.84239,45840,Jharkhand,Pakur
Pakala,13.44903,79.11493,24680,Andhra Pradesh,Tirupati
Paithan,19.47506,75.38558,41536,Maharashtra,Aurangabad
Pail,30.72131,76.06046,7923,Punjab,Ludhiana
Pahasu,28.1722,78.06376,18854,Uttar Pradesh,Bulandshahr
Pahalgam,34.01592,75.31899,9264,Jammu and Kashmir,Anantnag
Padrauna,26.90403,83.98087,47181,Uttar Pradesh,Kushinagar
Padra,22.2398,73.08451,46660,Gujarat,Vadodara
Padmapur,21.0,83.06667,17625,Odisha,Baragarh
Padmanabhapuram,8.24462,77.32581,21342,Tamil Nadu,Kanniyakumari
Padiyanallur,13.20037,80.17606,23819,Tamil Nadu,Thiruvallur
Padghe,19.36695,73.17581,6633,Maharashtra,Thane
Paddhari,22.43654,70.60162,10547,Gujarat,Rajkot
Padampur,29.70885,73.62539,18454,Rajasthan,Ganganagar
Padampur,20.99932,83.06325,16387,Odisha,Baragarh
Padam,33.46659,76.88488,25000,Ladakh,Kargil
Pachperwa,27.51234,82.64297,15056,Uttar Pradesh,Balrampur
Pachora,20.66727,75.35305,59609,Maharashtra,Jalgaon
Pachor,23.70982,76.73387,27396,Madhya Pradesh,Rajgarh
Pachmarhi,22.46791,78.43312,12062,Madhya Pradesh,Narmadapuram district
Ovari Paravarnattam,8.27741,77.89146,5694,Tamil Nadu,Tirunelveli Kattabo
Ottapalam,10.7735,76.37758,53792,Kerala,Palakkad district
Dharashiv,18.18158,76.03889,112085,Maharashtra,Osmanabad
Orchha,25.35192,78.64033,11511,Madhya Pradesh,Niwari
Orathanadu,10.62324,79.25494,10247,Tamil Nadu,Thanjavur
Oran,25.36882,80.7423,6495,Uttar Pradesh,District Banda
Orai,25.99023,79.45334,158265,Uttar Pradesh,District Jalaun
Ongole,15.50357,80.04454,208344,Andhra Pradesh,Prakasam
Omalur,11.74099,78.04559,16279,Tamil Nadu,Salem
Olpad,21.33649,72.75161,14091,Gujarat,Surat
Okha,22.46756,69.07002,62052,Gujarat,Devbhumi Dwarka
Ozar,20.09473,73.92816,51297,Maharashtra,Nashik Division
Odugattur,12.76793,78.88304,8998,Tamil Nadu,Vellore
Odlabari,26.83644,88.62943,12311,West Bengal,Jalpaiguri
Od,22.62104,73.11725,23250,Gujarat,Anand
Obra,24.89103,84.37423,14786,Bihar,Aurangabad
Obra,24.41863,82.98797,56110,Uttar Pradesh,Sonbhadra
Nyamti,14.14869,75.57641,10338,Karnataka,Davanagere
Nuzvid,16.78854,80.84593,58590,Andhra Pradesh,Eluru
Nuvem,15.31738,73.93873,9288,Goa,South Goa
Nurpur Kalan,31.16667,76.48333,9437,Punjab,Rupnagar
Nurpur,32.3015,75.88481,9807,Himachal Pradesh,Kangra
Nurpur,29.14956,78.4084,39077,Uttar Pradesh,Bijnor
Nurmahal,31.09662,75.59386,14560,Punjab,Jalandhar
Numaligarh,26.62249,93.72225,7386,Assam,Golaghat
Nuh,28.10296,77.00144,16260,Haryana,Nuh
Nuahata,20.83586,85.23411,5920,Odisha,Angul District
Nua,28.04388,75.27189,6049,Rajasthan,Jhunjhunu District
Nowrangapur,19.23114,82.54826,1220946,Odisha,Nabarangpur
Nagaon,26.35,92.66667,121628,Assam,Nagaon
Nowgong,25.06136,79.44125,40580,Madhya Pradesh,Chhatarpur
North Lakhimpur,27.23517,94.10357,59841,Assam,Lakhimpur
North Guwahati,26.19749,91.7202,17516,Assam,Kamrup
Nongstoin,25.51704,91.26484,28742,Meghalaya,West Khasi Hills
Nongpoh,25.9023,91.87694,17055,Meghalaya,Ri-Bhoi
Nokha,27.56155,73.47141,62699,Rajasthan,Bikaner District
Nohar,29.18292,74.77064,49835,Rajasthan,Hanumangarh
Nohan,31.03433,76.57099,9439,Punjab,Rupnagar
Noamundi,22.16094,85.50416,17954,Jharkhand,Pashchim Singhbhum
Nizampur,21.11277,74.33067,7696,Maharashtra,Dhule
Nizamabad,26.05295,83.05787,13895,Uttar Pradesh,Azamgarh
Nizamabad,18.67154,78.0988,311152,Telangana,Nizamabad
Niwas,23.04574,80.44469,8248,Madhya Pradesh,Mandla
Niwari,28.87611,77.5382,10330,Uttar Pradesh,Ghaziabad
Nisang,29.69229,76.75464,17438,Haryana,Karnal
Nirsa,23.78438,86.70692,14794,Jharkhand,Dhanbad
Nirmali,26.31397,86.58537,20189,Bihar,Supaul
Nirmal,19.09685,78.34407,88433,Telangana,Nirmal
Nipani,16.399,74.38285,62865,Maharashtra,
Neemrana,27.99193,76.38543,7143,Rajasthan,Alwar
Neem ka Thana,27.73976,75.78652,36231,Rajasthan,Sikar District
Nimbahera,24.62166,74.67999,61949,Rajasthan,Chittaurgarh
Nimaparha,20.05756,86.00436,19289,Odisha,Puri
Nimaj,26.14995,74.00094,20424,Rajasthan,Pali District
Nilokheri,29.83671,76.93191,17938,Haryana,Karnal
Nileshwar,12.25953,75.1352,25405,Kerala,Kasaragod District
Nilanga,18.11675,76.75279,36172,Maharashtra,Latur
Nilambur,11.27271,76.22571,46366,Kerala,Malappuram
Nilakottai,10.165,77.85024,22197,Tamil Nadu,Dindigul
Nilagiri,21.46235,86.76794,17264,Odisha,Baleshwar
Nihtaur,29.32416,78.38724,48389,Uttar Pradesh,Bijnor
Needamangalam,10.77378,79.41875,9336,Tamil Nadu,Thiruvarur
Nidadavole,16.90572,81.67222,44173,Andhra Pradesh,East Godavari
Nichlaul,27.31247,83.7253,17567,Uttar Pradesh,Maharajganj
Ngur,23.53798,93.3732,32734,Mizoram,Champhai
Neyyur,8.19829,77.30379,12917,Tamil Nadu,Kanniyakumari
Neyyattinkara,8.39854,77.08586,88104,Kerala,Thiruvananthapuram
Neyveli,11.60877,79.4994,179150,Tamil Nadu,Cuddalore
Neykuppai,10.2214,78.53602,7165,Tamil Nadu,Sivaganga
New Delhi,28.62137,77.2148,317797,Delhi,New Delhi
Nerul,15.51031,73.78087,5042,Goa,North Goa
Nerinjippettai,11.65433,77.75862,6791,Tamil Nadu,Erode
Neral,19.02475,73.31688,18429,Maharashtra,Raigarh
Ner,20.48971,77.86632,29302,Maharashtra,Yavatmal
Nepanagar,21.4538,76.39335,32611,Madhya Pradesh,Burhanpur
Nellore,14.44992,79.98697,547621,Andhra Pradesh,Nellore
Nellimarla,18.15619,83.44727,20498,Andhra Pradesh,Vizianagaram District
Nellikkuppam,11.77554,79.67016,46678,Tamil Nadu,Cuddalore
Nelamangala,13.09978,77.39364,37232,Karnataka,Bangalore Rural
Nedumangad,8.60267,77.00139,60161,Kerala,Thiruvananthapuram
Nazira,26.91649,94.73611,14302,Assam,Sibsagar
Nazareth,8.56102,77.97214,16584,Tamil Nadu,Thoothukkudi
Nayudupet,13.90742,79.89465,45769,Andhra Pradesh,Tirupati
Nayagarh,20.12882,85.09626,17030,Odisha,Nayagarh District
Nawanshahr,31.1245,76.11613,46024,Punjab,Shahid Bhagat Singh Nagar
Nawapara,20.97173,81.85884,29315,Chhattisgarh,Raipur
Nawanshahr,32.76505,74.52772,14884,Jammu and Kashmir,Jammu
Nawalgarh,27.85161,75.27384,63948,Rajasthan,Jhunjhunu District
Niwai,26.36073,75.91836,37765,Rajasthan,Tonk
Nawada,24.8867,85.54364,98029,Bihar,Nawada
Nawabganj,26.49716,80.30934,10758,Uttar Pradesh,Kanpur
Nawabganj,28.54103,79.63462,34134,Uttar Pradesh,Bareilly
Nawabganj,26.93129,81.19841,79246,Uttar Pradesh,Bara Banki
Nawabganj,26.86396,82.14103,17015,Uttar Pradesh,Gonda
Nawa,27.0195,75.00226,22088,Rajasthan,Nagaur District
Navsari,20.94237,72.92467,171109,Gujarat,Navsari
Navelim,15.53333,73.98333,12469,Goa,North Goa
Navelim,15.25885,73.96637,12323,Goa,South Goa
Navapur,21.16157,73.79399,34207,Maharashtra,Nandurbar
Navalgund,15.55877,75.35305,24613,Karnataka,Dharwad
Navadwip,23.4067,88.36861,111123,West Bengal,Nadia
Nautanwa,27.42752,83.41789,32587,Uttar Pradesh,Maharajganj
Naushahra,33.15712,74.24012,10408,Jammu and Kashmir,Rajauri
Naugachhia,25.38807,87.09906,49069,Bihar,Bhagalpur
Naubatpur,25.49856,84.96084,25011,Bihar,Patna
Nattarasankottai,9.86905,78.55305,5920,Tamil Nadu,Sivaganga
Natham,10.22776,78.22969,23660,Tamil Nadu,Dindigul
Nathdwara,24.93805,73.82392,42016,Rajasthan,Rajsamand
Nateputa,17.89895,74.75222,17930,Maharashtra,Solapur
Nasrullahganj,22.6837,77.27069,23788,Madhya Pradesh,Sehore
Nasriganj,25.0514,84.32839,23819,Bihar,Rohtas
Naspur,18.84577,79.46165,31244,Telangana,Mancherial
Nasirabad,26.30473,74.73364,51747,Rajasthan,Ajmer
Nashik,19.99727,73.79096,1486053,Maharashtra,Nashik Division
Narwar,25.6439,77.9129,19385,Madhya Pradesh,Shivpuri
Narwana,29.59903,76.11927,62090,Haryana,Jind
Narsipatnam,17.66709,82.61245,33757,Andhra Pradesh,Anakapalli
Narsingi,18.04468,78.42516,6445,Telangana,Medak
Narsinghgarh,23.70758,77.09319,32329,Madhya Pradesh,Rajgarh
Narsimhapur,22.94936,79.18357,59966,Madhya Pradesh,Narsimhapur
Narsampet,17.92786,79.89227,30963,Telangana,Warangal Rural
Narot Mehra,32.26726,75.56469,8885,Punjab,Pathankot
Naroli,20.27354,72.94167,16260,Dadra and Nagar Haveli and Daman and Diu,Dadra & Nagar Haveli
Naroda,23.07041,72.65702,5366,Gujarat,Ahmadabad
Narnaund,29.22047,76.14278,17242,Haryana,Hisar
Narnaul,28.04444,76.10833,74581,Haryana,Mahendragarh
Narkher,21.47231,78.53415,21127,Maharashtra,Nagpur Division
Narkatiaganj,27.10383,84.46185,49507,Bihar,Pashchim Champaran
Nari,21.77263,72.07279,9467,Gujarat,Bhavnagar
Narharpur,20.44892,81.62004,6500,Chhattisgarh,Uttar Bastar Kanker
Nargund,15.72299,75.38666,36291,Karnataka,Gadag
Narela,28.85267,77.09288,800000,Delhi,North Delhi
Naregal,15.57316,75.80805,17403,Karnataka,Gadag
Narayanpet,16.74799,77.4954,41752,Telangana,Narayanpet
Narayankher,18.03413,77.77284,15610,Telangana,Sangareddy
Naraingarh,30.47798,77.12804,22832,Haryana,Ambala
Narayangarh,24.27083,75.05007,10233,Madhya Pradesh,Mandsaur
Narayanavanam,13.42565,79.58881,11432,Andhra Pradesh,Tirupati
Naravarikuppam,13.19133,80.18473,20946,Tamil Nadu,Chennai
Naraura,28.20147,78.38723,22432,Uttar Pradesh,Bulandshahr
Narauli,28.48547,78.71484,17945,Uttar Pradesh,Sambhal
Narasingapuram,13.60759,79.31652,10875,Andhra Pradesh,Tirupati
Narasimharajapura,13.61075,75.512,7775,Karnataka,Chikmagalur
Narasaraopet,16.23488,80.04927,117489,Andhra Pradesh,Palnadu
Narasapur,16.43425,81.69845,59306,Andhra Pradesh,West Godavari
Narasannapeta,18.41428,84.04463,26280,Andhra Pradesh,Srikakulam
Narakal,10.03833,76.2221,23760,Kerala,Ernakulam
Narainpur,19.71794,81.24437,22106,Chhattisgarh,Narayanpur
Naraini,25.19033,80.475,15077,Madhya Pradesh,
Naraina,26.79069,75.20608,17048,Rajasthan,Jaipur
Napasar,27.96059,73.55913,21750,Rajasthan,Bikaner District
Nanpur,22.27023,74.52712,5632,Madhya Pradesh,Alirajpur
Nanpara,27.86459,81.50036,46280,Uttar Pradesh,Bahraich
Nannilam,10.87933,79.61062,12618,Tamil Nadu,Thiruvarur
Nanjangud,12.11764,76.68397,50598,Karnataka,Mysore
Nanguneri,8.49326,77.65806,6969,Tamil Nadu,Tirunelveli Kattabo
Nangloi Jat,28.67957,77.06799,205596,Delhi,West Delhi
Nangavalli,11.76189,77.89093,10809,Tamil Nadu,Salem
Nangal,31.38966,76.37574,48497,Punjab,Rupnagar
Nandyal,15.47799,78.4836,211424,Andhra Pradesh,Nandyal
Nandurbar,21.36671,74.24051,111037,Maharashtra,Nandurbar
Nandura,20.83417,76.45924,44419,Maharashtra,Buldhana
Nandikotkur,15.85668,78.26569,45343,Andhra Pradesh,Nandyal
Nandigama,16.7717,80.28596,38219,Andhra Pradesh,NTR
Nandgaon,27.71102,77.38653,10449,Uttar Pradesh,Mathura
Nandgaon,20.3068,74.65501,24209,Maharashtra,Nashik Division
Nandgad,15.57746,74.56899,8837,Karnataka,Belgaum
Nanded,19.16023,77.31497,550564,Maharashtra,Nanded
Nanauta,29.71215,77.41728,18738,Uttar Pradesh,District Saharanpur
Namrup,27.19395,95.31929,18432,Assam,Dibrugarh
Namli,23.46115,75.06036,9774,Madhya Pradesh,Ratlam
Namchi,27.16494,88.3638,12190,Sikkim,Namchi
Nambutalai,9.72766,79.00707,7914,Tamil Nadu,Ramanathapuram
Nambiyur,11.35811,77.32115,16379,Tamil Nadu,Erode
Namakkal,11.22126,78.16524,55997,Tamil Nadu,Namakkal
Namagiripettai,11.45513,78.26818,22098,Tamil Nadu,Namakkal
Nal Khera,23.83602,76.24316,16690,Madhya Pradesh,Agar Malwa
Naliya,23.26058,68.82655,10587,Gujarat,Kutch
Nalhati,24.29704,87.82899,25878,West Bengal,Birbhum
Nalgonda,17.05439,79.26707,154326,Telangana,Nalgonda District
Naldurg,17.81667,76.28182,18341,Maharashtra,Osmanabad
Nalbari,26.43937,91.44041,27839,Assam,Nalbari
Nalagarh,31.04168,76.72285,10708,Himachal Pradesh,Solan
Nakur,29.91964,77.30438,23084,Uttar Pradesh,District Saharanpur
Naksalbari,26.6827,88.22001,57283,West Bengal,Darjeeling
Nakrekal,17.16259,79.42754,29126,Telangana,Nalgonda District
Nakodar,31.12586,75.47508,36973,Punjab,Jalandhar
Najibabad,29.61194,78.34274,84006,Uttar Pradesh,Bijnor
Najafgarh,28.60922,76.97982,1365000,Delhi,South West Delhi
Nainwa,25.77145,75.84978,19485,Rajasthan,Bundi District
Nainpur,22.42996,80.10561,24914,Madhya Pradesh,Mandla
Naini Tal,29.39743,79.44686,42309,Uttarakhand,Nainital
Naihati,22.89396,88.41521,253221,West Bengal,North 24 Parganas
Naigarhi,24.78686,81.77868,10404,Madhya Pradesh,Rewa
Nahorkatiya,27.286,95.328,18937,Assam,Dibrugarh
Nahan,30.56029,77.29426,28899,Himachal Pradesh,Sirmaur
Nagrota,32.80106,74.91324,13836,Jammu and Kashmir,Jammu
Nagrota,32.0571,76.09139,6125,Himachal Pradesh,Kangra
Nagri,20.34646,81.95998,13308,Chhattisgarh,Dhamtari
Nagram,26.61872,81.14043,9858,Uttar Pradesh,Lucknow District
Nagpur,21.14631,79.08491,2405665,Maharashtra,Nagpur Division
Nagothana,18.54225,73.13493,12549,Maharashtra,Raigarh
Nagod,24.56924,80.58809,22568,Madhya Pradesh,Satna
Nagireddipalli,14.27005,79.10131,12318,Andhra Pradesh,Annamayya
Naginimora,26.81492,94.81084,8116,Nagaland,Mon
Nagina,29.44433,78.43646,76593,Uttar Pradesh,Bijnor
Nagina,27.91717,76.98207,11417,Haryana,Nuh
Nagercoil,8.17899,77.43227,224849,Tamil Nadu,Kanniyakumari
Nagda,23.45834,75.41759,103501,Madhya Pradesh,Ujjain
Nagaur,27.20201,73.73394,105218,Rajasthan,Nagaur District
Nagar Karnul,16.4821,78.32471,29439,Telangana,Nagarkurnool
Nagari,13.32139,79.58557,62253,Andhra Pradesh,Chittoor
Nagar,27.42397,77.09922,25572,Rajasthan,Bharatpur
Nagapattinam,10.76377,79.84313,102905,Tamil Nadu,Nagapattinam
Nagamangala,12.81939,76.75456,17776,Karnataka,Mandya
Nagalapuram,13.38836,79.79623,34026,Andhra Pradesh,Tirupati
Naduvattam,11.48075,76.54365,11674,Tamil Nadu,Nilgiris
Naduvannur,11.48772,75.77511,25979,Kerala,Kozhikode
Nadigaon,26.10784,79.02283,7597,Uttar Pradesh,District Jalaun
Nadiad,22.69385,72.86157,225071,Gujarat,Kheda
Nadbai,27.22288,77.19569,26411,Rajasthan,Bharatpur
Nadapuram,11.68465,75.65493,40230,Kerala,Kozhikode
Nabinagar,24.60681,84.12624,23984,Bihar,Aurangabad
Nabha,30.37577,76.15292,67972,Punjab,Patiala
Mysuru,12.29791,76.63925,920550,Karnataka,Mysore
Muzaffarpur,26.12259,85.39055,354462,Bihar,Muzaffarpur
Muzaffarnagar,29.47091,77.70332,349706,Uttar Pradesh,Muzaffarnagar
Muvattupula,9.98493,76.57728,29664,Kerala,Ernakulam
Muttur,11.04637,77.7363,13212,Tamil Nadu,Tiruppur
Muthupet,10.39505,79.49353,21722,Tamil Nadu,Thiruvarur
Mustafabad,30.2022,77.14873,9042,Haryana,Yamunanagar
Mussoorie,30.45498,78.07068,25753,Uttarakhand,Dehradun
Musiri,10.95299,78.44427,30209,Tamil Nadu,Tiruchirappalli
Mushabani,22.51135,86.45713,32761,Jharkhand,Purba Singhbhum
Musafir-Khana,26.37837,81.79607,8081,Uttar Pradesh,Amethi
Murwara,23.83776,80.39405,221883,Madhya Pradesh,Katni
Murud,18.32817,72.9621,12665,Maharashtra,Raigarh
Murtajapur,20.73299,77.36694,40295,Maharashtra,Akola
Murshidabad,24.1839,88.27171,39557,West Bengal,Murshidabad
Mursan,27.57788,77.94091,12310,Uttar Pradesh,Hathras
Murliganj,25.8969,86.99577,28691,Bihar,Madhepura
Morinda,30.79014,76.49883,24022,Punjab,Rupnagar
Muri,23.37074,85.86236,12744,West Bengal,
Murgud,16.39604,74.19142,11194,Maharashtra,Kolhapur
Murbad,19.25395,73.38993,18725,Maharashtra,Thane
Muragacha,23.53631,88.39425,10324,West Bengal,Nadia
Muradnagar,28.78069,77.49865,89482,Uttar Pradesh,Ghaziabad
Munnar,10.08818,77.06239,68000,Kerala,Idukki
Munirabad,15.30928,76.3383,8672,Karnataka,Koppal
Munger,25.37459,86.47455,213303,Bihar,Munger
Mungeli,22.06566,81.68543,36450,Chhattisgarh,Mungeli
Mungaoli,24.40837,78.09588,26192,Madhya Pradesh,Ashoknagar
Mundwa,27.0631,73.82304,17465,Rajasthan,Nagaur District
Mundra,22.83918,69.7219,20338,Gujarat,Kutch
Mundi,22.06693,76.49326,12889,Madhya Pradesh,Khandwa district
Mundgod,14.97144,75.03658,18866,Karnataka,Uttar Kannada
Mundargi,15.20677,75.8839,24919,Karnataka,Gadag
Multai,21.77463,78.25756,29976,Madhya Pradesh,Betul
Mulki,13.09101,74.79353,17274,Karnataka,Dakshina Kannada
Mulgund,15.2807,75.52132,18928,Karnataka,Gadag
Mulbagal,13.16352,78.39346,57276,Karnataka,Kolar
Muluppilagadu,11.79788,75.45111,23709,Kerala,Kannur
Mulanur,10.79426,77.7115,15223,Tamil Nadu,Tiruppur
Mulaikkaraippatti,8.54541,77.76792,11112,Tamil Nadu,Tirunelveli Kattabo
Mul,20.06987,79.67826,25449,Maharashtra,Chandrapur
Muktsar,30.47426,74.5166,116747,Punjab,Muktsar
Mukher,18.70636,77.36795,28647,Maharashtra,Nanded
Mukerian,31.95394,75.61716,29841,Punjab,Hoshiarpur
Muhammadabad,27.30895,79.43252,22151,Uttar Pradesh,Ferrukhabad
Muhammadabad,26.03404,83.38114,24146,Uttar Pradesh,Mau
Muhammadabad,25.61907,83.75576,33186,Uttar Pradesh,Ghazipur
Pandit Deen Dayal Upadhyaya Nagar,25.28307,83.11968,109650,Uttar Pradesh,Chandauli District
Mudukulathur,9.34169,78.51388,14789,Tamil Nadu,Ramanathapuram
Mudki,30.78005,74.88106,10415,Punjab,Firozpur
Mudkhed,19.15657,77.50304,23517,Maharashtra,Nanded
Mudgere,13.13353,75.6416,9677,Karnataka,Chikmagalur
Mudhol,16.33354,75.28305,52199,Karnataka,Bagalkot
Mudgal,16.01191,76.44203,22731,Karnataka,Raichur
Muddebihal,16.33782,76.13173,34217,Karnataka,Bijapur
Muddanuru,14.68718,78.39309,9775,Andhra Pradesh,YSR district
Mudbidri,13.06653,74.99525,30632,Karnataka,Dakshina Kannada
Mubarikpur,30.61464,76.85586,5217,Punjab,Ajitgarh
Mubarakpur,26.08866,83.29088,53263,Uttar Pradesh,Azamgarh
Mowad,21.46475,78.45103,9045,Maharashtra,Nagpur Division
Mothihari,26.64862,84.91656,126158,Bihar,Purba Champaran
Moth,25.72595,78.95029,14077,Uttar Pradesh,Jhansi
Morwa,22.90469,73.83912,20168,Gujarat,Panch Mahals
Morsi,21.3403,78.01258,37333,Maharashtra,Amravati Division
Morjim,15.63097,73.73903,6760,Goa,North Goa
Morena,26.49892,77.99534,200482,Madhya Pradesh,Morena
Morvi,22.81731,70.8377,210451,Gujarat,Morbi
Morar,26.2264,78.22482,48464,Madhya Pradesh,Gwalior
Moranha,27.18735,94.91557,7136,Assam,Dibrugarh
Moram,17.78812,76.47077,18371,Maharashtra,Osmanabad
Morak,24.7266,75.95576,9204,Rajasthan,Kota
Moradabad,28.83893,78.77684,721139,Uttar Pradesh,Moradabad
Mon,26.73583,95.05841,26328,Nagaland,Mon
Mokokchung,26.3248,94.51834,35913,Nagaland,Mokokchung
Mokameh,25.39662,85.9219,60678,Bihar,Patna
Moirang,24.4975,93.77791,19893,Manipur,Bishnupur
Mohpa,21.31012,78.82969,7140,Maharashtra,Nagpur Division
Mohiuddinnagar,25.57374,85.66944,14938,Bihar,Samastipur
Mohgaon,21.63941,78.73638,10446,Madhya Pradesh,Chhindwara
Mohanur,11.05936,78.13965,14315,Tamil Nadu,Namakkal
Mohanpur,28.25261,80.24498,5596,Uttar Pradesh,Shajahanpur
Mohana,19.44273,84.26128,5197,Odisha,Gajapati
Mohan,26.78008,80.67497,14709,Uttar Pradesh,District Unnao
Moga,30.81383,75.16878,163397,Punjab,Moga
Modasa,23.46253,73.29857,67648,Gujarat,Arvalli
Meethari Marwar,27.57615,74.68661,14760,Rajasthan,Nagaur District
Misrikh,27.43137,80.53157,15007,Uttar Pradesh,Sitapur
Mirzapur,25.1449,82.56534,220029,Uttar Pradesh,Mirzapur
Mirik,26.88817,88.19007,10109,West Bengal,Darjeeling
Miryalaguda,16.8722,79.56247,104918,Telangana,Nalgonda District
Mirganj,28.54012,79.20817,15335,Uttar Pradesh,Bareilly
Miranpur Katra,28.02963,79.66778,29626,Uttar Pradesh,Shajahanpur
Miranpur,29.29026,77.94939,27390,Uttar Pradesh,Muzaffarnagar
Minjur,13.27951,80.25815,28337,Tamil Nadu,Thiruvallur
Milak,28.61031,79.16997,28505,Uttar Pradesh,District Rampur
Mihona,26.28373,78.98048,16935,Madhya Pradesh,Bhind
Miao,27.49335,96.18118,5841,Arunachal Pradesh,Changlang
Mhow,22.5589,75.76543,81702,Madhya Pradesh,Indore
Mhaswad,17.63359,74.78773,24120,Maharashtra,Satara Division
Mhasla,18.1334,73.11162,9679,Maharashtra,Raigarh
Mettur,11.78796,77.8008,56743,Tamil Nadu,Salem
Mettupalayam,11.29971,76.93485,69213,Tamil Nadu,Coimbatore
Mettuppalaiyam,11.16806,78.44944,9587,Tamil Nadu,Tiruchirappalli
Merta,26.64859,74.03414,46070,Rajasthan,Nagaur District
Mennanyam,11.5579,75.75964,15768,Kerala,Kozhikode
Mendarda,21.32112,70.44078,17166,Gujarat,Junagadh
Memari,23.17647,88.09749,44448,West Bengal,Purba Bardhaman
Melur,10.03241,78.3393,40017,Tamil Nadu,Madurai
Mehsi,26.35574,85.09251,25995,Bihar,Purba Champaran
Mehndawal,26.97579,83.10995,25495,Uttar Pradesh,Sant Kabir Nagar
Mehnagar,25.87889,83.11611,14897,Uttar Pradesh,Azamgarh
Mehkar,20.1505,76.56841,45248,Maharashtra,Buldhana
Meghraj,23.49805,73.51352,11363,Gujarat,Arvalli
Meerut,28.98002,77.70636,1223184,Uttar Pradesh,Meerut
Medinipur,22.42114,87.32257,153349,West Bengal,Paschim Medinipur
Medchal,17.62972,78.48139,35611,Telangana,Medchal Malkajgiri
Medak,18.04531,78.26078,46880,Telangana,Medak
Mayiladuthurai,11.10354,79.655,86660,Tamil Nadu,Mayiladuthurai district
Mayapur,22.41667,88.11667,10871,West Bengal,Haora
Mayang Imphal,24.60998,93.88873,24239,Manipur,Imphal West
Mayakonda,14.28894,76.08305,6445,Karnataka,Davanagere
Mayabandar,12.90954,92.90348,23912,Andaman and Nicobar,North  & Middle Andaman
Mawana,29.10288,77.92199,76973,Uttar Pradesh,Meerut
Mavoor,11.26667,75.91667,29781,Kerala,Kozhikode
Maoli,24.78348,73.98389,9199,Rajasthan,Udaipur
Mavelikara,9.25929,76.55642,28300,Kerala,Alappuzha
Mauranwan,26.42876,80.88008,14916,Uttar Pradesh,District Unnao
Maur,30.08333,75.25,31849,Punjab,Bathinda
Mauda,21.14575,79.39794,14606,Maharashtra,Nagpur Division
Mauganj,24.66721,81.87339,26420,Madhya Pradesh,Rewa
Maudaha,25.68312,80.11419,37844,Uttar Pradesh,District Hamirpur
Mau Aimma,25.69515,81.92336,20123,Uttar Pradesh,Prayagraj
Mau,26.26584,78.67108,20147,Madhya Pradesh,Bhind
Mau,25.94167,83.56111,246050,Uttar Pradesh,Mau
Mattur,11.32147,79.20245,5605,Tamil Nadu,Ariyalur
Mattigiri,12.69795,77.80832,23129,Tamil Nadu,Krishnagiri
Mattanur,11.93018,75.57152,47078,Kerala,Kannur
Mathura,27.5035,77.67215,330511,Uttar Pradesh,Mathura
Matheran,18.98281,73.2652,5287,Maharashtra,Raigarh
Mataundh,25.43594,80.15653,8591,Uttar Pradesh,District Banda
Matabhanga,26.34197,89.21555,22642,West Bengal,Cooch Behar District
Masinigudi,11.56831,76.64087,9642,Tamil Nadu,Nilgiris
Mashat,20.24514,73.00841,12139,Dadra and Nagar Haveli and Daman and Diu,Dadra & Nagar Haveli
Masaurhi Buzurg,25.35417,85.03195,59803,Bihar,Patna
Marwad,20.43764,72.83224,7443,Dadra and Nagar Haveli and Daman and Diu,Daman District
Maro,21.86665,81.85888,6596,Chhattisgarh,Bemetara
Mormugao,15.38914,73.81491,102345,Goa,South Goa
Markapur,15.73534,79.26848,71092,Andhra Pradesh,Prakasam
Mariani,26.65725,94.31529,23640,Assam,Jorhat
Mariahu,25.60404,82.60379,22248,Uttar Pradesh,Jaunpur
Marhaura,25.97349,84.86796,29932,Bihar,Saran
Margherita,27.28482,95.66796,26914,Assam,Tinsukia
Marandahalli,12.38826,78.00316,12451,Tamil Nadu,Dharmapuri
Marakkanam,12.19214,79.94193,22034,Tamil Nadu,Villupuram
Marayur,10.27641,77.16205,25000,Kerala,Idukki
Marahra,27.7368,78.56891,18873,Uttar Pradesh,Etah District
Mapusa,15.59154,73.80898,40122,Goa,North Goa
Manwath,19.30133,76.49735,32488,Maharashtra,Parbhani
Manvi,15.99126,77.05034,46465,Karnataka,Raichur
Manthani,18.65087,79.66501,15661,Telangana,Peddapalli
Mansar,21.39602,79.2635,6901,Maharashtra,Nagpur Division
Mansa,29.98844,75.40167,82956,Punjab,Mansa
Mansa,23.42564,72.65739,30347,Gujarat,Gandhinagar
Manpur,22.43151,75.62107,7621,Madhya Pradesh,Indore
Manor,19.7244,72.90966,10421,Maharashtra,Palghar
Manohar Thana,24.24,76.80182,11292,Rajasthan,Jhalawar District
Manoharpur,27.29769,75.9495,28928,Rajasthan,Jaipur
Manoharpur,23.72154,91.21257,14105,Tripura,Sepahijala
Manoharpur,22.37456,85.19234,13189,Jharkhand,Pashchim Singhbhum
Mannargudi,10.66626,79.45064,66999,Tamil Nadu,Thiruvarur
Mannarakkat,10.99223,76.46418,50921,Kerala,Palakkad district
Manmad,20.25334,74.43755,80058,Maharashtra,Nashik Division
Mankuwa,23.20986,69.56758,11975,Gujarat,Kutch
Mankapur,27.05189,82.22961,9746,Uttar Pradesh,Gonda
Mankachar,25.53347,89.86373,31091,Meghalaya,
Majalgaon,19.15513,76.20992,49453,Maharashtra,Bid
Manjhanpur,25.53046,81.37566,16939,Uttar Pradesh,Kaushambi District
Manjeshvar,12.71287,74.88857,8927,Kerala,Kasaragod District
Manjeri,11.12018,76.11996,97102,Kerala,Malappuram
Manipal,13.35,74.78333,34370,Karnataka,Udupi
Mani Majra,30.71397,76.83824,15489,Haryana,
Manikpur,25.06083,81.09961,14415,Uttar Pradesh,Chitrakoot
Manihari,25.33891,87.61998,26629,Bihar,Katihar
Maniar,25.98546,84.17233,20462,Uttar Pradesh,Ballia
Mangvadi,18.43135,73.86002,7685,Maharashtra,Pune Division
Mangrul Pir,20.31379,77.34178,30983,Maharashtra,Washim
Mangrol,25.33061,76.50973,25073,Rajasthan,Baran
Mangrol,21.12268,70.11484,69779,Gujarat,Junagadh
Manglya,22.81461,75.92585,10393,Madhya Pradesh,Indore
Manglaur,29.79094,77.87836,46395,Uttarakhand,Haridwar
Mangawan,24.66754,81.54644,13700,Madhya Pradesh,Rewa
Mangalvedha,17.51046,75.44713,21824,Maharashtra,Solapur
Mangaluru,12.91723,74.85603,499487,Karnataka,Dakshina Kannada
Mangaldai,26.44212,92.03047,25989,Assam,Darrang
Mangalapadi,12.66868,74.91039,12790,Kerala,Kasaragod District
Mangalam,11.63684,79.28062,9278,Tamil Nadu,Cuddalore
Mangalam,9.76473,78.64037,11379,Tamil Nadu,Sivaganga
Mangalagiri,16.43083,80.56815,107197,Andhra Pradesh,Guntur
Maner,25.64602,84.87291,40068,Bihar,Patna
Mandya,12.5223,76.89746,137358,Karnataka,Mandya
Mandavla,25.42622,72.51904,6683,Rajasthan,Jalore
Mandvi,22.83282,69.35237,51376,Gujarat,Kutch
Mandvi,21.25526,73.30412,18669,Gujarat,Surat
Mandu,23.79459,85.46872,10223,Jharkhand,Ramgarh
Mandu,22.34125,75.4013,10657,Madhya Pradesh,Dhar
Mandsaur,24.07184,75.06986,141667,Madhya Pradesh,Mandsaur
Mandrem,15.65337,73.72272,8336,Goa,North Goa
Mandleshwar,22.17598,75.65995,12343,Madhya Pradesh,Khargone
Mandla,22.59879,80.37115,55133,Madhya Pradesh,Mandla
Mandi Dabwali,29.96633,74.70025,52873,Haryana,Sirsa
Mandi,31.71194,76.93273,28217,Himachal Pradesh,Mandi
Mandawar,29.48655,78.12732,21339,Uttar Pradesh,Bijnor
Mandawar,27.86374,76.54999,10979,Rajasthan,Alwar
Mandawa,28.05541,75.14834,23335,Rajasthan,Jhunjhunu District
Mandasa,18.8683,84.46296,9287,Andhra Pradesh,Srikakulam
Mandapeta,16.86254,81.92921,56063,Andhra Pradesh,Konaseema
Mandapam,9.27571,79.12362,18427,Tamil Nadu,Ramanathapuram
Mandalgarh,25.19407,75.07215,21569,Rajasthan,Bhilwara District
Mandal,25.44126,74.56979,23478,Rajasthan,Bhilwara District
Mandal,23.28865,71.91854,13345,Gujarat,Ahmadabad
Manda,19.56843,72.79722,7605,Maharashtra,Palghar
Mancherial,18.87074,79.42863,89935,Telangana,Mancherial
Manchar,19.00436,73.94346,18876,Maharashtra,Pune Division
Manawar,22.23566,75.08917,30393,Madhya Pradesh,Dhar
Manavalakurichi,8.14776,77.30552,10969,Tamil Nadu,Kanniyakumari
Manavadar,21.49813,70.13775,30850,Gujarat,Junagadh
Manasa,24.47764,75.14095,26551,Madhya Pradesh,Neemuch
Manapparai,10.60772,78.42582,40510,Tamil Nadu,Tiruchirappalli
Manamadurai,9.67318,78.47096,32257,Tamil Nadu,Sivaganga
Manalurpettai,12.00788,79.09184,8523,Tamil Nadu,Kallakurichi district
Manali,32.2574,77.17481,8096,Himachal Pradesh,Kulu
Manali,13.16667,80.26667,35248,Tamil Nadu,Chennai
Manethi,28.15824,76.38904,5070,Haryana,Rewari District
Mamit,23.92703,92.48968,7884,Mizoram,Mamit
Mahabalipuram,12.62091,80.19331,15172,Tamil Nadu,Chengalpattu district
Malvan,16.05981,73.4629,18858,Maharashtra,Sindhudurg
Malur,13.00322,77.93798,40050,Karnataka,Kolar
Malsisar,28.35365,75.29749,13719,Rajasthan,Jhunjhunu District
Malpura,26.2838,75.36458,36028,Rajasthan,Tonk
Malpur,23.36035,73.46595,6971,Gujarat,Arvalli
Malpe,13.34962,74.70394,23496,Karnataka,Udupi
Mallur,11.54424,78.14078,10524,Tamil Nadu,Salem
Mallasamudram,11.49333,78.03119,18820,Tamil Nadu,Namakkal
Mallapuram,11.98231,78.24796,12705,Tamil Nadu,Dharmapuri
Malkera,23.78213,86.28767,12591,Jharkhand,Dhanbad
Malkapur,20.88555,76.19932,67740,Maharashtra,Buldhana
Malkapur,16.91999,73.9347,13343,Maharashtra,Kolhapur
Malakanagiri,18.36428,81.888,31007,Odisha,Malkangiri
Maliya,23.09296,70.75885,15964,Gujarat,Morbi
Malihabad,26.92223,80.71078,16649,Uttar Pradesh,Lucknow District
Malhargarh,24.28286,74.99024,8332,Madhya Pradesh,Mandsaur
Malhar,21.89275,82.28322,8505,Chhattisgarh,Bilaspur
Maler Kotla,30.5309,75.87949,135424,Punjab,Malerkotla
Malegaon,20.54966,74.53462,481228,Maharashtra,Nashik Division
Malavalli,12.38556,77.06045,38129,Karnataka,Mandya
Malout,30.21121,74.4818,81406,Punjab,Muktsar
Malaudh,30.63332,75.93565,7567,Punjab,Ludhiana
Malappuram,11.04199,76.08154,101386,Kerala,Malappuram
Mukandgarh,27.95208,75.22431,18469,Rajasthan,Jhunjhunu District
Makum,27.48652,95.43646,16923,Assam,Tinsukia
Maksi,23.25999,76.14567,20094,Madhya Pradesh,Shajapur
Makron,23.50671,76.0748,11678,Madhya Pradesh,Ujjain
Makrana,27.04361,74.72445,94487,Rajasthan,Nagaur District
Makhu,31.10335,74.99631,14658,Punjab,Firozpur
Makhjan,17.2698,73.50031,10000,Maharashtra,Ratnagiri
Majitha,31.75711,74.95891,14503,Punjab,Amritsar
Majholi,23.50114,79.92396,13210,Madhya Pradesh,Jabalpur
Majhiaon Kalan,24.32431,83.81613,18349,Jharkhand,Garhwa
Majhgawan,24.92131,80.80753,8290,Madhya Pradesh,Satna
Mairwa,26.23218,84.16349,23565,Bihar,Siwan
Mairang,25.56165,91.63602,14363,Meghalaya,Eastern West Khasi Hills
Mainpuri,27.22857,79.02882,94619,Uttar Pradesh,Mainpuri
Maindargi,17.45739,76.2932,12363,Maharashtra,Solapur
Mainaguri,26.56263,88.8204,29459,West Bengal,Jalpaiguri
Mailani,28.29088,80.3438,14212,Uttar Pradesh,Kheri
Maihar,24.26594,80.76063,40192,Madhya Pradesh,Satna
Maibong,25.30125,93.13811,8364,Assam,Dima Hasao District
Mahwa,27.04594,76.93152,24846,Rajasthan,Dausa
Mahuva,21.09007,71.76904,98519,Gujarat,Bhavnagar
Mahur,25.18305,93.11342,7176,Assam,Dima Hasao District
Mahudha,22.82082,72.94032,17722,Gujarat,Kheda
Mahroni,24.58624,78.72771,8898,Uttar Pradesh,Lalitpur
Maholi,27.66368,80.47371,19343,Uttar Pradesh,Sitapur
Mahoba,25.2905,79.87533,89170,Uttar Pradesh,Mahoba
Mahmudabad,27.29191,81.11775,45921,Uttar Pradesh,Sitapur
Mahishadal,22.18616,87.98072,17988,West Bengal,Purba Medinipur
Mahgawan,26.49471,78.61593,21335,Madhya Pradesh,Bhind
Maheshwar,22.17592,75.58715,24411,Madhya Pradesh,Khargone
Mahesana,23.59864,72.38472,190753,Gujarat,Mahesana
Mahendragarh,28.26935,76.15253,29128,Haryana,Mahendragarh
Mahemdavad,22.82359,72.75551,35368,Gujarat,Kheda
Mahe,11.70172,75.53474,41816,Kerala,
Mahbubnagar,16.74385,77.98597,190400,Telangana,Mahbubnagar
Mahbubabad,17.59728,80.00207,42851,Telangana,Mahabubabad
Mahasamund,21.10743,82.0948,54413,Chhattisgarh,Mahasamund
Maharaganj,27.14456,83.56214,30548,Uttar Pradesh,Maharajganj
Maharajganj,26.38126,81.27436,6442,Uttar Pradesh,District Raebareli
Bishunpur Urf Maharajganj,26.25914,83.11643,7499,Uttar Pradesh,Azamgarh
Maharajgani,26.11017,84.50365,24282,Bihar,Siwan
Maham,28.96912,76.29495,20484,Haryana,Rohtak
Mahalpur,31.36185,76.03774,11360,Punjab,Hoshiarpur
Mahalingpur,16.3888,75.10873,36055,Karnataka,Bagalkot
Mahagama,25.03425,87.31867,10969,Jharkhand,Godda
Mahad,18.08333,73.41667,27536,Maharashtra,Raigarh
Mahaban,27.43262,77.74338,9514,Uttar Pradesh,Mathura
Mahabaleshwar,17.56,73.4,13598,Maharashtra,Ratnagiri
Maghar,26.75586,83.12773,17011,Uttar Pradesh,Sant Kabir Nagar
Magarlor,20.74945,81.85151,6280,Chhattisgarh,Dhamtari
Magam,34.09256,74.59016,5470,Jammu and Kashmir,Baramula
Magadi,12.95706,77.22374,27605,Karnataka,Ramanagara
Madurantakam,12.51167,79.88485,30796,Tamil Nadu,Chengalpattu district
Madurai,9.919,78.11953,1465625,Tamil Nadu,Madurai
Madukkur,10.48098,79.39939,16266,Tamil Nadu,Thanjavur
Madukkarai,10.90568,76.96344,30357,Tamil Nadu,Coimbatore
Madugula,17.91589,82.81578,14741,Andhra Pradesh,Anakapalli
Chennai,13.08784,80.27847,4681087,Tamil Nadu,Chennai
Madkai,15.41416,73.93982,6215,Goa,North Goa
Madikeri,12.42602,75.7382,33540,Karnataka,Kodagu
Madhyamgram,22.68944,88.44594,161126,West Bengal,North 24 Parganas
Madhupur,24.27419,86.63929,55238,Jharkhand,Deogarh
Madhugiri,13.66035,77.21239,29159,Karnataka,Tumkur
Madhubani,26.35367,86.07169,75736,Bihar,Madhubani
Madhuban,26.43864,85.13573,17510,Bihar,Purba Champaran
Madhogarh,26.27522,79.1859,10530,Uttar Pradesh,District Jalaun
Madhogarh,24.56401,80.91126,5249,Madhya Pradesh,Satna
Madhoganj,27.11807,80.14058,10299,Uttar Pradesh,Hardoi
Madhepura,25.92127,86.79271,54472,Bihar,Madhepura
Madgaon,15.27501,73.95786,87650,Goa,South Goa
Maddur,12.58283,77.04294,28754,Karnataka,Mandya
Madattukkulam,10.55869,77.36597,20620,Tamil Nadu,Tiruppur
Madanpur,23.00589,88.49168,12959,West Bengal,Nadia
Madanapalle,13.5503,78.50288,180180,Andhra Pradesh,Annamayya
Machilipatnam,16.18747,81.13888,192827,Andhra Pradesh,Krishna
Machhlishahr,25.68564,82.41106,25247,Uttar Pradesh,Jaunpur
Machhiwara,30.91557,76.20016,24916,Punjab,Ludhiana
Macherla,16.47635,79.43533,57290,Andhra Pradesh,Palnadu
Machalpur,24.12767,76.31672,9476,Madhya Pradesh,Rajgarh
Lunglei,22.89247,92.74218,57011,Mizoram,Lunglei
Lunavada,23.12841,73.61043,36954,Gujarat,Mahisagar
Loisinga,20.86667,83.51667,6220,Odisha,Balangir
Ludhiana,30.91204,75.85379,1618879,Punjab,Ludhiana
Lucknow,26.83928,80.92313,2472011,Uttar Pradesh,Lucknow District
Luckeesarai,25.1765,86.0947,99979,Bihar,Lakhisarai
Losal,27.4,74.91667,28504,Rajasthan,Sikar District
Lormi,22.27434,81.70181,15156,Chhattisgarh,Mungeli
Loni,28.75143,77.29023,516082,Uttar Pradesh,Ghaziabad
Londa,15.46907,74.51906,6131,Karnataka,Belgaum
Lonavla,18.75275,73.40575,58562,Maharashtra,Pune Division
Lonar,19.98533,76.52046,23416,Maharashtra,Buldhana
Lonand,18.04041,74.18719,18723,Maharashtra,Satara Division
Lohogaon,18.59921,73.92701,13529,Maharashtra,Pune Division
Loharu,28.42993,75.80779,13937,Haryana,Bhiwani
Lohardaga,23.43305,84.67992,57411,Jharkhand,Lohardaga
Lohara,21.85,81.13333,7017,Chhattisgarh,Kabeerdham
Lohara,20.38983,78.09027,22664,Maharashtra,Yavatmal
Lohaghat,29.40356,80.08965,6758,Uttarakhand,Champawat
Lodhikheda,21.58235,78.85911,9994,Madhya Pradesh,Chhindwara
Lingsugur,16.15876,76.52174,35411,Karnataka,Raichur
Limbdi,22.56507,71.81076,42769,Gujarat,Surendranagar
Lilia,21.53678,71.36362,10359,Gujarat,Amreli
Leteri,24.05979,77.40858,15519,Madhya Pradesh,Vidisha
Lelanga,22.39197,83.58078,8208,Chhattisgarh,Raigarh
Leh,34.16504,77.58402,37475,Ladakh,Leh
Lawngtlai,22.53254,92.89902,20830,Mizoram,Lawngtlai
Loha,18.94484,77.11553,24125,Maharashtra,Nanded
Lawar Khas,29.11091,77.77767,19556,Uttar Pradesh,Meerut
Lawan,21.64137,82.34123,8984,Chhattisgarh,Baloda Bazar
Lauri,25.13962,80.00112,22002,Madhya Pradesh,Chhatarpur
Laungowal,30.19393,75.68089,21880,Punjab,Sangrur
Latur,18.39721,76.56784,382940,Maharashtra,Latur
Lathi,21.7231,71.38843,22745,Gujarat,Amreli
Latehar,23.74423,84.49984,26981,Jharkhand,Latehar
Lasalgaon,20.1427,74.23946,17360,Maharashtra,Nashik Division
Lar,26.20394,83.96906,26688,Uttar Pradesh,Deoria
Lansdowne,29.84183,78.68014,8198,Uttarakhand,Garhwal
Lanji,21.50175,80.54059,13558,Madhya Pradesh,Balaghat
Lanja,16.86086,73.54993,14377,Maharashtra,Ratnagiri
Lalsot,26.55951,76.32915,34363,Rajasthan,Dausa
Lalpur,22.19073,69.96351,15076,Gujarat,Jamnagar
Lalitpur,24.69007,78.41915,126475,Uttar Pradesh,Lalitpur
Lalgudi,10.87419,78.81935,23740,Tamil Nadu,Tiruchirappalli
Lalgola,24.42244,88.25238,28442,West Bengal,Murshidabad
Lalganj,25.93182,81.70478,23728,Uttar Pradesh,District Pratapgarh
Lalganj,25.86894,85.17394,37098,Bihar,Vaishali
Lalam,9.71667,76.7,8571,Kerala,Kottayam
Lala,24.55418,92.61592,11771,Assam,Hailakandi
Lakshmeshwar,15.12689,75.46935,36754,Karnataka,Gadag
Lakshettipet,18.86667,79.21667,11322,Telangana,Mancherial
Laksar,29.7587,78.04148,19270,Uttarakhand,Haridwar
Lakhyabad,23.66667,86.66667,33162,West Bengal,Puruliya
Lakhtar,22.85683,71.78844,14534,Gujarat,Surendranagar
Lakhnadon,22.60049,79.60094,17302,Madhya Pradesh,Seoni
Lakhna,26.64822,79.1477,11389,Uttar Pradesh,District Etawah
Lakhipur,26.03001,90.30611,15633,Assam,Goalpara
Lakhipur,24.79281,93.0091,12871,Assam,Cachar
Lakhimpur,27.94822,80.77935,140223,Uttar Pradesh,Kheri
Lakheri,25.67237,76.17692,29572,Rajasthan,Bundi District
Lakhanpur,22.98791,83.03563,6270,Chhattisgarh,Surguja
Lakema,25.56743,93.76056,5084,Nagaland,Peren
Laharpur,27.70827,80.90256,55911,Uttar Pradesh,Sitapur
Lahar,26.19401,78.94137,35674,Madhya Pradesh,Bhind
Ladwa,29.9935,77.04563,28887,Haryana,Kurukshetra
Ladnun,27.65312,74.39993,65575,Rajasthan,Nagaur District
Ladhaura,25.07295,78.8675,12974,Madhya Pradesh,Tikamgarh
Laxmangarh,27.82294,75.02754,53392,Rajasthan,Sikar District
Kyelang,32.5717,77.02448,14182,Himachal Pradesh,Lahul and Spiti
Kuzhithurai,8.31792,77.19192,21307,Tamil Nadu,Kanniyakumari
Kuttuparamba,11.82775,75.5659,29619,Kerala,Kannur
Kuttippuram,10.84246,76.03077,25750,Kerala,Malappuram
Kuttankuli,8.21743,77.78109,5118,Tamil Nadu,Tirunelveli Kattabo
Koothanallur,10.7199,79.5157,25423,Tamil Nadu,Thiruvarur
Kuttampuzha,10.15033,76.73544,25436,Kerala,Ernakulam
Kuthalam,11.07431,79.56222,16125,Tamil Nadu,Mayiladuthurai district
Kutiyana,21.6241,69.98494,16877,Gujarat,Porbandar
Kutiatodu,9.8,76.33333,23669,Kerala,Alappuzha
Kusmi,23.28391,83.9083,7448,Chhattisgarh,Balrampur
Kushtagi,15.75623,76.19112,24878,Karnataka,Koppal
Kushalnagar,12.45795,75.95904,15326,Karnataka,Kodagu
Kushalgarh,23.19899,74.45074,10666,Rajasthan,Banswara District
Kurud,20.83073,81.72212,13783,Chhattisgarh,Dhamtari
Kurnool,15.82887,78.03602,460184,Andhra Pradesh,Kurnool
Kurkhera,20.61811,80.20851,7430,Maharashtra,Gadchiroli
Kurinjippadi,11.55028,79.59066,39514,Tamil Nadu,Cuddalore
Kurgunta,17.19321,77.35772,8682,Karnataka,Gulbarga
Kurduvadi,18.09339,75.41567,23131,Maharashtra,Solapur
Kurara,25.98046,79.98984,12730,Uttar Pradesh,District Hamirpur
Kurandvad,16.68317,74.58892,22372,Maharashtra,Kolhapur
Kurali,30.83424,76.57677,31060,Punjab,Ajitgarh
Kuppam,12.74931,78.34189,21963,Andhra Pradesh,Chittoor
Kunnattur,12.34782,78.51046,7326,Tamil Nadu,Krishnagiri
Kunnattur,11.27275,77.41074,8774,Tamil Nadu,Tiruppur
Kunnamkulam,10.64667,76.06695,63903,Kerala,Thrissur District
Kunnamangalam,11.30459,75.87772,47396,Kerala,Kozhikode
Kunkuri,22.74199,83.95099,13846,Chhattisgarh,Jashpur
Kunigal,13.02319,77.02518,34155,Karnataka,Tumkur
Kundla,21.34222,71.30633,76809,Gujarat,Amreli
Kundgol,15.25612,75.24735,18726,Karnataka,Dharwad
Kundarkhi,28.68304,78.78559,27197,Uttar Pradesh,Moradabad
Kunda,25.71702,81.51396,24948,Uttar Pradesh,District Pratapgarh
Kumta,14.42853,74.4189,36719,Karnataka,Uttar Kannada
Kumsi,14.05455,75.39992,6468,Karnataka,Shimoga
Kumher,27.31657,77.37079,23540,Rajasthan,Bharatpur
Kumhari,21.26667,81.51667,38334,Chhattisgarh,Durg
Kumbhraj,24.37338,77.04841,19707,Madhya Pradesh,Guna
Kumbalgod,12.87915,77.44645,10178,Karnataka,Bangalore Urban
Kumbakonam,10.96209,79.39124,167155,Tamil Nadu,Thanjavur
Kumarmunda,22.3,84.78333,9043,Odisha,Sundargarh
Kumaralingam,10.48936,77.3499,13642,Tamil Nadu,Tiruppur
Kulu,31.95835,77.10823,19831,Himachal Pradesh,Kulu
Kulti,23.73166,86.84372,305405,West Bengal,Paschim Bardhaman
Kulpahar,25.32007,79.63931,18976,Uttar Pradesh,Mahoba
Kullada,19.96939,84.6329,5645,Odisha,Ganjam
Kulittalai,10.93487,78.41251,27910,Tamil Nadu,Karur
Kulgam,33.64456,75.01923,23584,Jammu and Kashmir,Kulgam
Kulattur,10.70516,78.55068,11083,Tamil Nadu,Tiruchirappalli
Kulattur,9.0032,78.1928,10632,Tamil Nadu,Thoothukkudi
Kulasegaram,8.36319,77.29777,17267,Tamil Nadu,Kanniyakumari
Kukshi,22.20677,74.75788,28331,Madhya Pradesh,Dhar
Kukkudakhandi,19.39361,84.755,7361,Odisha,Ganjam
Kukdeshwar,24.48285,75.26755,11956,Madhya Pradesh,Neemuch
Kukatpally,17.48486,78.41376,341709,Telangana,Medchal Malkajgiri
Kuju,23.72536,85.51023,21356,Jharkhand,Ramgarh
Kudligi,14.905,76.38527,26680,Karnataka,Vijayanagar
Kodavasal,10.86163,79.47965,14639,Tamil Nadu,Thiruvarur
Kudal,16.01148,73.68867,16015,Maharashtra,Sindhudurg
Kudachi,16.62784,74.85408,23154,Karnataka,Belgaum
Kuchera,26.98747,73.97108,23468,Rajasthan,Nagaur District
Kuchaman,27.14745,74.85655,61969,Rajasthan,Nagaur District
Rairangpur,22.26675,86.17385,34929,Odisha,Mayurbhanj
Krishnarajpet,12.66621,76.4877,25946,Karnataka,Mandya
Krishnarajasagara,12.43976,76.38276,35805,Karnataka,Mysore
Krishnanagar,23.40576,88.49073,145926,West Bengal,Nadia
Krishnagiri,12.51921,78.21382,71323,Tamil Nadu,Krishnagiri
Kozhikode,11.24802,75.7804,550440,Kerala,Kozhikode
Kozhancheri,9.35,76.7,12021,Kerala,Pattanamtitta
Koynanagar,17.4,73.76667,28091,Maharashtra,Satara Division
Kovvur,17.0162,81.72934,40379,Andhra Pradesh,East Godavari
Kovur,14.5005,79.98518,35600,Andhra Pradesh,Nellore
Kovilpatti,9.17167,77.86989,95057,Tamil Nadu,Thoothukkudi
Kovalam,8.36667,76.99667,6000,Kerala,
Kotwa,25.0308,81.31908,13916,Madhya Pradesh,Rewa
Kotturu,14.82442,76.22005,26289,Karnataka,Vijayanagar
Kottayam,11.82519,75.54779,19176,Kerala,Kannur
Kottayam,9.58692,76.52132,55374,Kerala,Kottayam
Kottavalasa,17.89044,83.1907,14321,Andhra Pradesh,Vizianagaram District
Kottarakara,9.00359,76.77383,29788,Kerala,Kollam
Kottapalli,18.49543,79.0943,9899,Telangana,Karimnagar
Kottakkal,11.00089,76.00618,44382,Kerala,Malappuram
Kottaiyur,10.10956,78.7956,14766,Tamil Nadu,Sivaganga
Kottagudem,17.55106,80.61779,79819,Telangana,Bhadradri Kothagudem
Kothri Kalan,23.07219,76.8296,10526,Madhya Pradesh,Sehore
Kotra,25.8077,79.30909,8534,Uttar Pradesh,District Jalaun
Kotputli,27.70207,76.19911,49202,Rajasthan,Jaipur
Kotma,23.20383,81.97904,31756,Madhya Pradesh,Anuppur
Kot Kapura,30.58061,74.82609,91979,Punjab,Faridkot
Kot Isa Khan,30.94659,75.1378,12800,Punjab,Moga
Kothi,24.7526,80.77751,8793,Madhya Pradesh,Satna
Kotharia,22.23436,70.81903,53794,Gujarat,Rajkot
Kothakota,16.38002,77.94004,19042,Telangana,Wanaparthy
Kot Fatah,30.11316,75.0867,7412,Punjab,Bathinda
Kotdwara,29.74612,78.52219,27009,Uttarakhand,Garhwal
Kotba,22.43943,83.73999,6805,Chhattisgarh,Jashpur
Kotar,24.69802,80.98073,7520,Madhya Pradesh,Satna
Kotaparh,19.14256,82.32536,16326,Chhattisgarh,
Kotamangalam,10.06435,76.62843,38837,Kerala,Ernakulam
Kotagiri,11.42072,76.86035,28848,Tamil Nadu,Nilgiris
Kota,25.18254,75.83907,1001694,Rajasthan,Kota
Kota,24.44643,83.13063,14632,Uttar Pradesh,Sonbhadra
Kota,22.29507,82.02366,18405,Chhattisgarh,Bilaspur
Kosigi,15.8551,77.24463,15455,Andhra Pradesh,Kurnool
Kosi,27.79449,77.4368,52492,Uttar Pradesh,Mathura
Kosamba,21.46202,72.95842,33221,Gujarat,Surat
Korwai,24.11774,78.04007,15136,Madhya Pradesh,Vidisha
Korukollu,16.5,81.25,8543,Andhra Pradesh,Eluru
Koregaon,18.64573,74.05909,25846,Maharashtra,Pune Division
Koregaon,17.69915,74.16252,24690,Maharashtra,Satara Division
Korba,22.3458,82.69633,419146,Chhattisgarh,Korba
Koratla,18.82154,78.71186,66504,Telangana,Jagitial
Koratagere,13.522,77.2373,15265,Karnataka,Tumkur
Koraput,18.81199,82.71048,47468,Odisha,Koraput
Koradi,21.24758,79.10575,6321,Maharashtra,Nagpur Division
Koradacheri,10.77019,79.49158,6450,Tamil Nadu,Thiruvarur
Koppal,15.34522,76.15478,70698,Karnataka,Koppal
Koppa,13.53044,75.36329,5124,Karnataka,Chikmagalur
Kopargaon,19.88239,74.47605,65273,Maharashtra,Ahmadnagar
Kopaganj,26.01923,83.5663,33539,Uttar Pradesh,Mau
Konta,17.80492,81.38666,7038,Telangana,Khammam
Konnur,16.20138,74.74886,19386,Karnataka,Belgaum
Konnagar,22.70508,88.34446,76082,West Bengal,Hugli
Konganapuram,11.57105,77.9004,9286,Tamil Nadu,Salem
Kondotty,11.1423,75.9657,28794,Kerala,Malappuram
Kondapalle,16.61989,80.54244,38714,Andhra Pradesh,NTR
Kondalwadi,18.80727,77.77031,14770,Maharashtra,Nanded
Kondagaon,19.59083,81.664,30921,Chhattisgarh,Kondagaon
Konch,25.99451,79.15127,52773,Uttar Pradesh,District Jalaun
Konarka,19.89021,86.09761,16834,Odisha,Puri
Konanur,12.63016,76.05037,9555,Karnataka,Hassan
Kombai,9.84745,77.29603,15960,Tamil Nadu,Theni
Kolasib,24.22388,92.67869,25000,Mizoram,Kolasib district
Kollegal,12.15449,77.11051,57149,Karnataka,Chamrajnagar
Kolhapur,16.69563,74.23167,549236,Maharashtra,Kolhapur
Kolayat,27.83815,72.95975,9684,Rajasthan,Bikaner District
Kolaras,25.21928,77.61167,19781,Madhya Pradesh,Shivpuri
Kolar,13.13768,78.12999,138462,Karnataka,Kolar
Colachel,8.17938,77.25818,23227,Tamil Nadu,Kanniyakumari
Kokrajhar,26.40107,90.27286,34136,Assam,Kokrajhar
Koira,21.90494,85.24208,6763,Odisha,Sundargarh
Kohima,25.67467,94.11099,99039,Nagaland,Kohima
Koelwar,25.58055,84.79751,25494,Bihar,Bhojpur
Kodungallur,10.23263,76.19513,60190,Kerala,Thrissur District
Kodumudi,11.07751,77.88363,13225,Tamil Nadu,Erode
Kodoli,16.87639,74.1909,17537,Maharashtra,Kolhapur
Kodinar,20.79393,70.70216,41492,Gujarat,Gir Somnath
Kodigenahalli,13.72136,77.38629,5727,Karnataka,Tumkur
Kodarma,24.46753,85.59397,24633,Jharkhand,Kodarma
Kodar,16.9985,79.9656,64234,Telangana,Suryapet
Kodala,19.62425,84.94075,13965,Odisha,Ganjam
Kodaikanal,10.23925,77.48932,36501,Tamil Nadu,Dindigul
Kuchinda,21.74356,84.34848,15576,Odisha,Sambalpur
Koch Bihar,26.32539,89.44508,78737,West Bengal,Cooch Behar District
Koath,25.32643,84.25983,18890,Bihar,Rohtas
Kizhake Chalakudi,10.30067,76.33763,49525,Kerala,Thrissur District
Kithor,28.86684,77.93861,25262,Uttar Pradesh,Meerut
Kishtwar,33.31346,75.76726,20553,Jammu and Kashmir,Kishtwar
Kishni,27.02487,79.262,9852,Uttar Pradesh,Mainpuri
Kishanpur,25.64232,81.0227,6104,Uttar Pradesh,Fatehpur
Kishangarh,27.81889,76.72972,10288,Rajasthan,Alwar
Renwal,27.15767,75.35808,29201,Rajasthan,Jaipur
Kishangarh,26.59006,74.85397,154886,Rajasthan,Ajmer
Kishanganj,26.10224,87.95534,105782,Bihar,Kishanganj
Kirnapur,21.62592,80.33142,6137,Madhya Pradesh,Balaghat
Kiri Buru,22.08333,85.35,9719,Odisha,Kendujhar
Kiratpur,29.50671,78.20613,60223,Uttar Pradesh,Bijnor
Kiraoli,27.13768,77.78516,21024,Uttar Pradesh,Agra
Ulundurpet,11.69099,79.2873,23734,Tamil Nadu,Kallakurichi district
Kiranur,10.59395,77.50315,6487,Tamil Nadu,Dindigul
Kiranur,10.56988,78.78682,11667,Tamil Nadu,Pudukkottai
Kirakat,25.63745,82.91596,14034,Uttar Pradesh,Jaunpur
Kinwat,19.62557,78.1987,28454,Maharashtra,Nanded
Kinattukkadavu,10.82248,77.01962,8653,Tamil Nadu,Coimbatore
Kilvelur,10.76721,79.74186,8272,Tamil Nadu,Nagapattinam
Kichha,28.91154,79.52009,34904,Uttarakhand,Udham Singh Nagar
Kiadgira,17.25255,77.43337,6711,Telangana,Vikarabad
Khutar,28.20307,80.27046,15618,Uttar Pradesh,Shajahanpur
Khusropur,25.48174,85.38492,15731,Bihar,Patna
Khurja,28.25382,77.85535,105909,Uttar Pradesh,Bulandshahr
Khordha,20.18268,85.61629,46205,Odisha,Khordha
Khurai,24.04372,78.33014,51108,Madhya Pradesh,Sagar
Khunti,23.07602,85.27818,36390,Jharkhand,Khunti
Khuldabad,20.00671,75.19245,15749,Maharashtra,Aurangabad
Khujner,23.78597,76.61773,10785,Madhya Pradesh,Rajgarh
Khudaganj,28.14607,79.71472,12636,Uttar Pradesh,Shajahanpur
Khreuh,34.01886,74.99914,9851,Jammu and Kashmir,Pulwama
Khowai,24.07964,91.59972,20046,Tripura,Khowai
Khopoli,18.78562,73.34589,71141,Maharashtra,Raigarh
Khonsa,27.01667,95.56667,10187,Arunachal Pradesh,Tirap
Khirkiya,22.16732,76.86137,22737,Madhya Pradesh,Harda
Khilchipur,24.03943,76.578,18928,Madhya Pradesh,Rajgarh
Khetri,28.00069,75.78644,18209,Rajasthan,Jhunjhunu District
Khetia,21.67124,74.58535,15744,Maharashtra,
Kherwara,23.98588,73.59493,7581,Rajasthan,Udaipur
Kheri,27.90354,80.79754,26327,Uttar Pradesh,Kheri
Kheralu,23.88534,72.61869,21843,Gujarat,Mahesana
Khem Karan,31.14443,74.55938,13446,Punjab,Tarn Taran
Khekra,28.86586,77.2841,42408,Uttar Pradesh,Baghpat
Khedbrahma,24.0299,73.04632,29402,Gujarat,Sabarkantha
Kheda,22.75218,72.68533,25575,Gujarat,Kheda
Khed,18.33811,73.84677,7370,Maharashtra,Pune Division
Khed,17.71888,73.39693,16892,Maharashtra,Ratnagiri
Khaur,32.6027,74.80918,6690,Jammu and Kashmir,Jammu
Khatra,22.97617,86.85462,16484,West Bengal,Bankura
Khatima,28.92134,79.97075,15714,Uttarakhand,Udham Singh Nagar
Khategaon,22.59573,76.9133,25413,Madhya Pradesh,Dewas
Khatauli,29.27844,77.73302,64731,Uttar Pradesh,Muzaffarnagar
Nagrota Bagwan,32.10721,76.37657,5900,Himachal Pradesh,Kangra
Kharupatia,26.51839,92.14722,18599,Assam,Darrang
Kharsia,21.98953,83.10476,18939,Chhattisgarh,Raigarh
Kharsawan,22.79093,85.83102,7216,Jharkhand,Saraikela
Kharora,21.40097,81.92757,9236,Chhattisgarh,Raipur
Kharod,21.7442,82.5788,10193,Chhattisgarh,Janjgir-Champa
Kharkhauda,28.8787,76.91069,25051,Haryana,Sonipat
Kharkhauda,28.83644,77.74159,13189,Uttar Pradesh,Meerut
Kharhial,20.28845,82.7606,15087,Odisha,Nuapada
Khargupur,27.37611,81.9882,9576,Uttar Pradesh,Gonda
Khargone,21.82292,75.61394,116150,Madhya Pradesh,Khargone
Khargapur,24.823,79.144,14813,Madhya Pradesh,Tikamgarh
Kharela,25.54277,79.81235,13798,Uttar Pradesh,Mahoba
Khardi,19.58763,73.38195,5579,Maharashtra,Thane
Khardah,22.71861,88.37806,128346,West Bengal,North 24 Parganas
Kharar,30.74632,76.64689,74460,Punjab,Ajitgarh
Kharar,22.72211,87.67824,12049,West Bengal,Paschim Medinipur
Kharakvasla,18.43997,73.77545,78684,Maharashtra,Pune Division
Kharagpur,25.12446,86.55578,31385,Bihar,Munger
Kharagpur,22.33971,87.32501,219665,West Bengal,Paschim Medinipur
Khapa,21.42243,78.98168,15175,Maharashtra,Nagpur Division
Khanpur,28.53446,78.06546,14688,Uttar Pradesh,Bulandshahr
Khanpur,24.73241,76.39601,14854,Rajasthan,Jhalawar District
Khanna,30.70547,76.22196,128137,Punjab,Ludhiana
Khaniadhana,25.02983,78.12709,15877,Madhya Pradesh,Shivpuri
Khandwa,21.82427,76.35086,200738,Madhya Pradesh,Khandwa district
Khandpara,20.26436,85.17673,9038,Odisha,Nayagarh District
Khandela,27.60499,75.502,29044,Rajasthan,Sikar District
Khanapur,15.63969,74.50847,19309,Karnataka,Belgaum
Khammam,17.24767,80.14368,196283,Telangana,Khammam
Khamharia,20.976,82.25116,6998,Chhattisgarh,Mahasamund
Khamgaon,20.70738,76.56827,94604,Maharashtra,Buldhana
Khambhat,22.31744,72.61916,99164,Gujarat,Anand
Khambhaliya,22.20685,69.65031,41734,Gujarat,Devbhumi Dwarka
Khamaria,23.22558,79.88007,15019,Madhya Pradesh,Jabalpur
Khamanon Kalan,30.81725,76.35478,10135,Punjab,Fatehgarh Sahib
Khallikot,19.60908,85.08609,13022,Odisha,Ganjam
Khalilabad,26.77268,83.07179,45321,Uttar Pradesh,Sant Kabir Nagar
Khali Kachigam,20.38333,72.86667,18434,Dadra and Nagar Haveli and Daman and Diu,Daman District
Khalari,23.65063,85.00744,20010,Jharkhand,Ranchi
Khajuraho Group of Monuments,24.84809,79.93351,25662,Madhya Pradesh,Chhatarpur
Khairagarh,26.94352,77.81816,20095,Uttar Pradesh,Agra
Khairagarh,21.41859,80.97942,22564,Chhattisgarh,Khairgarh Chhuikhadan Gandai
Khairabad,27.52698,80.75461,42125,Uttar Pradesh,Sitapur
Khairabad,24.6596,75.93067,11993,Rajasthan,Kota
Khair,27.94195,77.84243,30173,Uttar Pradesh,Aligarh
Khailar,25.34127,78.53133,13334,Uttar Pradesh,Jhansi
Khagaul,25.57898,85.04564,51577,Bihar,Patna
Khagaria,25.5022,86.46708,49982,Bihar,Khagaria
Khaga,25.77215,81.10393,13338,Uttar Pradesh,Fatehpur
Khadki,18.5635,73.85205,75654,Maharashtra,Pune Division
Khada,27.18333,83.88333,16350,Uttar Pradesh,Kushinagar
Khachrod,23.42322,75.28185,34191,Madhya Pradesh,Ujjain
Kaithoon,25.12407,75.97218,24260,Rajasthan,Kota
Keskal,20.0836,81.58675,11115,Chhattisgarh,Kondagaon
Kesinga,20.18778,83.21949,19239,Odisha,Kalahandi
Keshorai Patan,25.29275,75.93948,24627,Rajasthan,Bundi District
Keshod,21.30328,70.24861,76193,Gujarat,Junagadh
Kesariya,26.34992,84.87086,18984,Bihar,Purba Champaran
Kerur,16.01384,75.54631,19731,Karnataka,Bagalkot
Keonjhargarh,21.6318,85.59686,60590,Odisha,Kendujhar
Keolari,22.36974,79.90603,9654,Madhya Pradesh,Seoni
Kenduadih,23.73602,86.37403,9032,Jharkhand,Dhanbad
Kendraparha,20.50166,86.42227,47006,Odisha,Kendrapara
Kenda,23.1959,86.51499,15131,West Bengal,Puruliya
Kemri,28.80673,79.2048,26726,Uttar Pradesh,District Rampur
Kelwa,25.15212,73.84332,11712,Rajasthan,Rajsamand
Kelamangalam,12.60307,77.85193,13321,Tamil Nadu,Krishnagiri
Kekri,25.97132,75.14992,41890,Rajasthan,Ajmer
Kayattar,8.94834,77.77424,10400,Tamil Nadu,Thoothukkudi
Kayamkulam,9.18173,76.50093,68634,Kerala,Alappuzha
Kayalpattinam,8.57143,78.11992,40588,Tamil Nadu,Thoothukkudi
Kawardha,22.00853,81.23148,46657,Chhattisgarh,Kabeerdham
Kawant,22.09282,74.05078,9553,Gujarat,Chhotaudepur
Kawai,24.75644,76.73485,9487,Rajasthan,Baran
Kaveripatnam,12.42186,78.2188,15006,Tamil Nadu,Krishnagiri
Kaveripak,12.90855,79.46222,14583,Tamil Nadu,Ranipet district
Kavaratti,10.56688,72.64203,11210,Lakshadweep,Lakshadweep
Kavali,14.9163,79.99449,90099,Andhra Pradesh,Nellore
Kattupputtur,10.99385,78.21929,11040,Tamil Nadu,Tiruchirappalli
Kattivakkam,13.21667,80.31667,36617,Tamil Nadu,Chennai
Kattanam,9.17614,76.56325,19764,Kerala,Alappuzha
Katras,23.79752,86.29834,57349,Jharkhand,Dhanbad
Katra,32.99167,74.93195,9106,Jammu and Kashmir,Reasi
Katra,27.50871,82.02636,6853,Uttar Pradesh,Shrawasti
Katpur,21.05869,71.79457,8677,Gujarat,Bhavnagar
Katpadi,12.96951,79.14552,38833,Tamil Nadu,Vellore
Katoya,23.64558,88.13258,78408,West Bengal,Purba Bardhaman
Katol,21.27388,78.5858,43267,Maharashtra,Nagpur Division
Katihar,25.53852,87.57044,240838,Bihar,Katihar
Kati,17.96137,75.88895,12022,Maharashtra,Osmanabad
Kathua,32.36941,75.52539,59866,Jammu and Kashmir,Kathua
Kathor,21.28854,72.9407,15311,Gujarat,Surat
Kathlal,22.8982,72.99282,22071,Gujarat,Kheda
Katghora,22.50247,82.54279,22690,Chhattisgarh,Korba
Katangi,23.44124,79.79621,19040,Madhya Pradesh,Jabalpur
Katangi,21.77369,79.80513,15321,Madhya Pradesh,Balaghat
Kasrawad,22.12745,75.61101,22750,Madhya Pradesh,Khargone
Kasipet,19.02701,79.43806,5133,Telangana,Mancherial
Kasibugga,18.75927,84.41613,57507,Andhra Pradesh,Srikakulam
Kashipur,29.21399,78.95693,103138,Uttarakhand,Udham Singh Nagar
Kasganj,27.80882,78.64579,99462,Uttar Pradesh,Kasganj
Kasdol,21.6186,82.42489,14071,Chhattisgarh,Baloda Bazar
Kasauli,30.89856,76.96587,5215,Himachal Pradesh,Solan
Kasaragod,12.49838,74.98959,54172,Kerala,Kasaragod District
Kasara,19.6451,73.47434,15611,Maharashtra,Thane
Chitrakoot Dham,25.21473,80.91645,23316,Uttar Pradesh,Chitrakoot
Karwar,14.81361,74.12972,77139,Karnataka,Uttar Kannada
Karur,10.95771,78.08095,234191,Tamil Nadu,Karur
Karunguli,12.53325,79.9039,12485,Tamil Nadu,Chengalpattu district
Karungappalli,9.10422,76.53701,25336,Kerala,Kollam
Karumbakkam,12.70203,80.0911,11992,Tamil Nadu,Chengalpattu district
Karumattampatti,11.10933,77.182,35062,Tamil Nadu,Coimbatore
Kartarpur,31.44268,75.49847,26701,Punjab,Jalandhar
Kurseong,26.88251,88.27729,46427,West Bengal,Darjeeling
Karrapur,23.94891,78.86584,10647,Madhya Pradesh,Sagar
Karol Bagh,28.65136,77.19072,505241,Delhi,Central Delhi
Karnal,29.69197,76.98448,302140,Haryana,Karnal
Karmala,18.4077,75.19386,23199,Maharashtra,Solapur
Karkala,13.21428,74.99234,25800,Karnataka,Udupi
Karjat,18.9107,73.32354,34554,Maharashtra,Raigarh
Kariapatti,9.67505,78.09992,18191,Tamil Nadu,Virudhunagar
Karimpur,23.97594,88.61917,9565,West Bengal,Nadia
Karimnagar,18.43915,79.12856,289821,Telangana,Karimnagar
Karimganj,24.86919,92.35543,56854,Assam,Karimganj
Karimangalam,12.30874,78.20333,13511,Tamil Nadu,Dharmapuri
Karhal,27.00089,78.93935,26693,Uttar Pradesh,Mainpuri
Kargil,34.55765,76.12622,16338,Ladakh,Kargil
Karera,25.45815,78.13583,28705,Madhya Pradesh,Shivpuri
Kareli,22.91533,79.06378,29929,Madhya Pradesh,Narsimhapur
Karauli,26.49831,77.02755,82960,Rajasthan,Karauli
Karari,25.45241,81.42675,14403,Uttar Pradesh,Kaushambi District
Karanjia,21.76259,85.97319,22865,Odisha,Mayurbhanj
Karanja,20.48273,77.48857,67907,Maharashtra,Washim
Karamsad,22.54243,72.90392,35285,Gujarat,Anand
Karambakkudi,10.45866,79.14101,14626,Tamil Nadu,Pudukkottai
Karamadai,11.24058,76.96009,35166,Tamil Nadu,Coimbatore
Karaikkudi,10.06615,78.76784,181851,Tamil Nadu,Sivaganga
Karaikal,10.91667,79.83333,86838,Puducherry,Karaikal
Karad,17.28937,74.18183,55663,Maharashtra,Satara Division
Kapurthala Town,31.38011,75.38105,98916,Punjab,Kapurthala
Captainganj,26.9264,83.71334,12299,Uttar Pradesh,Kushinagar
Kapren,25.40529,76.07431,20748,Rajasthan,Bundi District
Kapasan,24.8894,74.31667,20869,Rajasthan,Chittaurgarh
Kapadvanj,23.02302,73.07113,49308,Gujarat,Kheda
Kanwat,27.58898,75.69884,7903,Rajasthan,Sikar District
Kantilo,20.36152,85.19212,9181,Odisha,Nayagarh District
Kanth,29.05939,78.62951,24883,Uttar Pradesh,Moradabad
Kantaphor,22.57659,76.5596,10405,Madhya Pradesh,Dewas
Kantai,26.21421,85.29749,25051,Bihar,Muzaffarpur
Kantabanji,20.46709,82.92042,21819,Odisha,Balangir
Kant,27.81049,79.79185,24430,Uttar Pradesh,Shajahanpur
Kanpur,26.46523,80.34975,2823249,Uttar Pradesh,Kanpur
Kanota,26.87097,75.9484,11250,Rajasthan,Jaipur
Kanor,24.43437,74.26546,13239,Rajasthan,Udaipur
Kanodar,24.08932,72.39354,12389,Gujarat,Banas Kantha
Kannod,22.66764,76.74286,17744,Madhya Pradesh,Dewas
Kanniyakumari,8.09008,77.53841,22453,Tamil Nadu,Kanniyakumari
Kannavam,11.8445,75.66266,8880,Kerala,Kannur
Kannauj,27.05524,79.9188,76714,Uttar Pradesh,Kannauj
Kanhangad,12.30814,75.10632,125564,Kerala,Kasaragod District
Kannad,20.25684,75.13786,42056,Maharashtra,Aurangabad
Kankon,15.02698,74.04617,12444,Goa,South Goa
Kankipadu,16.4353,80.76715,14616,Andhra Pradesh,Krishna
Kanker,20.27193,81.49177,37442,Chhattisgarh,Uttar Bastar Kanker
Kanke,23.43478,85.32059,17560,Jharkhand,Ranchi
Kankauli,16.26609,73.71217,16398,Maharashtra,Sindhudurg
Kaniyambadi,12.81181,79.13403,9597,Tamil Nadu,Vellore
Kanigiri,15.40555,79.50694,25045,Andhra Pradesh,Prakasam
Kangra,32.09135,76.26267,9528,Himachal Pradesh,Kangra
Kangpokpi,25.15273,93.97167,7476,Manipur,Kangpokpi
Kangayam,11.00599,77.5609,32147,Tamil Nadu,Tiruppur
Kandukur,15.21542,79.9039,57246,Andhra Pradesh,Nellore
Kandri,21.4203,79.27663,8315,Maharashtra,Nagpur Division
Kandra,22.8517,86.05192,8157,Jharkhand,Saraikela
Kandla,23.03333,70.21667,25845,Gujarat,Kutch
Kandi,23.95946,88.04018,54848,West Bengal,Murshidabad
Kandhla,29.32104,77.27101,43387,Uttar Pradesh,Shamli
Kandahar,18.87312,77.19231,24843,Maharashtra,Nanded
Kanchipuram,12.83515,79.70006,221715,Tamil Nadu,Kancheepuram
Kanar,23.67209,76.17084,10458,Madhya Pradesh,Agar Malwa
Kanakapura,12.54654,77.42005,54014,Karnataka,Ramanagara
Kanadukattan,10.17209,78.77935,5275,Tamil Nadu,Sivaganga
Kamuthi,9.40732,78.37337,14754,Tamil Nadu,Ramanathapuram
Kamthi,21.21615,79.1973,86793,Maharashtra,Nagpur Division
Kampli,15.40626,76.60013,39307,Karnataka,Vijayanagar
Kampil,27.61268,79.27687,9200,Uttar Pradesh,Ferrukhabad
Cumbum,9.73647,77.2847,68090,Tamil Nadu,Theni
Kamarhati,22.67111,88.37472,332965,West Bengal,North 24 Parganas
Kamareddi,18.32001,78.34177,80315,Telangana,Kamareddy
Kaman,27.65791,77.26908,38040,Rajasthan,Bharatpur
Kamalpur,24.19593,91.83438,10872,Tripura,Dhalai
Kamalnagar,18.23102,77.17914,10252,Karnataka,Bidar
Kamalganj,27.26181,79.63134,16222,Uttar Pradesh,Ferrukhabad
Kamalapuram,14.5983,78.66948,14677,Andhra Pradesh,YSR district
Kamakhyanagar,20.93385,85.54489,16810,Odisha,Dhenkanal
Kalyani,22.9757,88.4337,93184,West Bengal,Nadia
Kalyan,19.2437,73.13554,1262255,Maharashtra,Thane
Kalwakurti,16.66396,78.49143,28060,Telangana,Nagarkurnool
Kalundri,18.9802,73.12708,8101,Maharashtra,Raigarh
Kalugumalai,9.14941,77.70569,15423,Tamil Nadu,Thoothukkudi
Kalpi,26.11667,79.73333,44339,Uttar Pradesh,District Jalaun
Kalpatta,11.60871,76.08343,31580,Kerala,Wayanad
Kalol,23.24656,72.49508,134426,Gujarat,Gandhinagar
Kalol,22.60777,73.46272,25929,Gujarat,Panch Mahals
Kalna,23.21944,88.36295,53964,West Bengal,Purba Bardhaman
Kalmeshwar,21.23219,78.91988,19578,Maharashtra,Nagpur Division
Kallupatti,9.71667,77.86667,10762,Tamil Nadu,Madurai
Kallidaikurichi,8.68591,77.46592,26398,Tamil Nadu,Tirunelveli Kattabo
Kallakkurichchi,11.7404,78.959,40449,Tamil Nadu,Kallakurichi district
Kalka,30.83982,76.94065,34134,Himachal Pradesh,
Kaliyaganj,25.63442,88.32665,51748,West Bengal,Uttar Dinajpur
Kanina Khas,28.33093,76.31099,12989,Haryana,Mahendragarh
Kalinagar,28.62019,80.08152,10728,Uttar Pradesh,District Pilibhit
Kalimpong,27.03461,88.63084,43000,West Bengal,Kalimpong
Kaliapani,21.05172,85.77722,5028,Odisha,Jajpur
Kalghatgi,15.18315,74.97099,16917,Karnataka,Dharwad
Kalavai,12.77029,79.41999,10057,Tamil Nadu,Ranipet district
Kalavad,22.20789,70.38343,28314,Gujarat,Jamnagar
Kalas,18.17241,74.79045,14858,Maharashtra,Pune Division
Kalanwali,29.83573,74.9717,27355,Haryana,Sirsa
Kalanaur,32.01227,75.15063,13671,Punjab,Gurdaspur
Kalanaur,28.82823,76.3955,23319,Haryana,Rohtak
Kalamnuri,19.67386,77.31149,24784,Maharashtra,Hingoli
Kalamb,19.04437,73.95554,27287,Maharashtra,Pune Division
Kallam,18.57506,76.02186,25713,Maharashtra,Osmanabad
Kalakkadu,8.5138,77.54944,30921,Tamil Nadu,Tirunelveli Kattabo
Kalayat,29.67665,76.25561,18660,Haryana,Kaithal
Kalaigaon,26.5741,91.97605,5112,Assam,Udalguri
Kalagarh Project Colony,29.4778,78.78449,13298,Uttarakhand,Garhwal
Kaladhungi,29.28351,79.351,6763,Uttarakhand,Nainital
Kakrala,27.89269,79.1945,35690,Uttar Pradesh,Budaun
Kakosi,24.00396,72.30311,9734,Gujarat,Patan
Kakori,26.868,80.7857,18332,Uttar Pradesh,Lucknow District
Kakinada,16.96036,82.23809,384182,Andhra Pradesh,Kakinada
Kakdwip,21.87914,88.1913,19368,West Bengal,South 24 Parganas
Kakching,24.4982,93.98126,32138,Manipur,Kakching
Kaithal,29.80153,76.39959,144915,Haryana,Kaithal
Kairana,29.39541,77.2054,80432,Uttar Pradesh,Shamli
Athmallik,20.72115,84.53514,12298,Odisha,Angul District
Kaimori,23.38465,79.7442,20154,Madhya Pradesh,Jabalpur
Kaimganj,27.55441,79.33525,32858,Uttar Pradesh,Ferrukhabad
Kailashahar,24.33199,92.00391,22405,Tripura,Unakoti
Kailaras,26.30498,77.616,25920,Madhya Pradesh,Morena
Kaikalur,16.55154,81.214,20763,Andhra Pradesh,Eluru
Kaij,18.71364,76.06718,30704,Maharashtra,Bid
Kagal,16.57702,74.31544,34106,Maharashtra,Kolhapur
Kadur,13.55285,76.01164,34151,Karnataka,Chikmagalur
Kadod,21.21717,73.21972,16747,Gujarat,Surat
Kadiyampatti,11.87199,78.09614,11390,Tamil Nadu,Salem
Kadiri,14.11168,78.15982,89429,Andhra Pradesh,Sri Sathya Sai
Kadipur,26.16779,82.37028,7472,Uttar Pradesh,District Sultanpur
Kadikkad,10.67052,75.97975,19147,Kerala,Thrissur District
Kadi,23.29908,72.33362,81404,Gujarat,Mahesana
Kadaura,25.98537,79.83842,13784,Uttar Pradesh,District Jalaun
Kadattur,12.0861,78.29257,11382,Tamil Nadu,Dharmapuri
Kadambuttur,13.09755,79.86227,11235,Tamil Nadu,Thiruvallur
Kadakola,12.19181,76.66571,6436,Karnataka,Mysore
Kadayanallur,9.07277,77.34152,90364,Tamil Nadu,Tenkasi district
Kadaiyam,8.82044,77.37291,5430,Tamil Nadu,Tenkasi district
Kanchrapara,22.95998,88.42849,136954,West Bengal,Nadia
Kachhwa,25.20615,82.71442,15381,Uttar Pradesh,Mirzapur
Kabrai,25.40281,79.9997,24771,Uttar Pradesh,Mahoba
Kab,25.38921,84.78945,10141,Bihar,Patna
Junnar,19.20815,73.8752,25997,Maharashtra,Pune Division
Junagarh,19.85993,82.93385,19656,Chhattisgarh,
Junagadh,21.51966,70.45981,319462,Gujarat,Junagadh
Jhumri Telaiya,24.4349,85.52951,87867,Jharkhand,Kodarma
Jalandhar,31.32556,75.57917,868929,Punjab,Jalandhar
Shadipur Julana,29.12368,76.40516,18755,Haryana,Jind
Jugsalai,22.77668,86.18351,49660,Jharkhand,Purba Singhbhum
Jua,15.5307,73.95047,5470,Goa,North Goa
Jowai,25.43596,92.19132,28430,Meghalaya,West Jaintia Hills
Joshimath,30.55543,79.56436,13865,Uttarakhand,Chamoli
Jorhat,26.75751,94.20306,126736,Assam,Jorhat
Jora,26.34209,77.8092,42153,Madhya Pradesh,Morena
Jalarpet,12.57025,78.57318,40959,Tamil Nadu,Tirupattur district
Jogipet,17.83564,78.06811,18494,Telangana,Sangareddy
Jogindarnagar,31.98727,76.78906,5335,Himachal Pradesh,Mandi
Jogbani,26.39905,87.26525,39281,Bihar,Araria
Jodiya Bandar,22.71667,70.28333,15788,Gujarat,Jamnagar
Jodhpur,26.26841,73.00594,1056191,Rajasthan,Jodhpur
Jodhpur,21.90174,70.0327,47329,Gujarat,Jamnagar
Jobner,26.97257,75.38752,11354,Rajasthan,Jaipur
Jobat,22.41599,74.56828,11976,Madhya Pradesh,Alirajpur
Jiran,24.30871,74.89087,11518,Madhya Pradesh,Neemuch
Jintur,19.61186,76.6874,44291,Maharashtra,Parbhani
Jining,28.21633,94.85389,20684,Arunachal Pradesh,West Siang
Jind,29.31577,76.31502,167592,Haryana,Jind
Jigani,12.78612,77.63855,17036,Karnataka,Bangalore Urban
Jhusi,25.43745,81.9055,16642,Uttar Pradesh,Prayagraj
Jhunjhunun,28.12559,75.39797,118473,Rajasthan,Jhunjhunu District
Jhinjhana,29.52118,77.2247,19711,Uttar Pradesh,Shamli
Jhinjhak,26.56093,79.73423,23499,Uttar Pradesh,Kanpur Dehat
Jharsuguda,21.85531,84.00698,97730,Odisha,Jharsuguda District
Jharia,23.74079,86.41456,86938,Jharkhand,Dhanbad
Jhargram,22.45384,86.99497,57796,West Bengal,Jhargram
Jhansi,25.45887,78.57994,412927,Uttar Pradesh,Jhansi
Jhanjharpur,26.26467,86.27993,31283,Bihar,Madhubani
Jhalu,29.33609,78.22608,20356,Uttar Pradesh,Bijnor
Jhalrapatan,24.54205,76.17242,37506,Rajasthan,Jhalawar District
Jhalod,23.10097,74.15536,28720,Gujarat,Dohad
Jhalida,23.36545,85.97643,18057,West Bengal,Puruliya
Jhalawar,24.59633,76.16499,66919,Rajasthan,Jhalawar District
Jhajjar,28.6063,76.6565,48424,Haryana,Jhajjar
Jhajha,24.77107,86.37888,40646,Bihar,Jamui
Jhabua,22.76772,74.59087,35753,Madhya Pradesh,Jhabua
Jewar,28.122,77.55734,29316,Uttar Pradesh,Gautam Buddha Nagar
Jevargi,17.01394,76.77317,25686,Karnataka,Gulbarga
Jetpur,22.34472,73.84093,8446,Gujarat,Chhotaudepur
Jetpur,21.75482,70.62347,118302,Gujarat,Rajkot
Jetalsar,21.70891,70.57695,14771,Gujarat,Rajkot
Jejuri,18.27658,74.16008,14515,Maharashtra,Pune Division
Jeypore,18.8563,82.5716,84830,Odisha,Koraput
Jainagar,26.59048,86.13791,21782,Bihar,Madhubani
Jaynagar Majilpur,22.1752,88.42008,25922,West Bengal,South 24 Parganas
Jayamkondacholapuram,11.21266,79.36369,33945,Tamil Nadu,Ariyalur
Jawhar,19.91213,73.22679,12082,Maharashtra,Palghar
Iawar,23.00943,76.5007,8206,Madhya Pradesh,Sehore
Jawala Mukhi,31.87456,76.32013,5361,Himachal Pradesh,Kangra
Jawad,24.59916,74.86261,17129,Madhya Pradesh,Neemuch
Jaunpur,25.75356,82.68689,169572,Uttar Pradesh,Jaunpur
Jatara,25.00964,79.04869,17499,Madhya Pradesh,Tikamgarh
Jatani,20.15975,85.70742,63697,Odisha,Khordha
Jaswantpura,24.80364,72.45998,5111,Rajasthan,Jalore
Jaswantnagar,26.88271,78.90256,27777,Uttar Pradesh,District Etawah
Jasrasar,27.70701,73.81276,8000,Rajasthan,Bikaner District
Jasrana,27.23587,78.65244,9883,Uttar Pradesh,Firozabad
Jaspur,29.27919,78.82798,42524,Uttarakhand,Udham Singh Nagar
Jasidih,24.51379,86.64576,16338,Jharkhand,Deogarh
Jashpur Nagar,22.88783,84.13864,28301,Chhattisgarh,Jashpur
Joshipur,21.96265,86.07509,5101,Odisha,Mayurbhanj
Jasdan,22.03709,71.20794,48483,Gujarat,Rajkot
Jarwal,27.1629,81.54179,17576,Uttar Pradesh,Bahraich
Jarod,22.43928,73.33475,7200,Gujarat,Vadodara
Jaora,23.63783,75.12711,74907,Madhya Pradesh,Ratlam
Jansath,29.32502,77.85044,19467,Uttar Pradesh,Muzaffarnagar
Janjgir,22.00922,82.5778,32833,Chhattisgarh,Janjgir-Champa
Jangipur,24.47001,88.07659,82548,West Bengal,Murshidabad
Jangaon,17.72602,79.15236,52394,Telangana,Jangoan
Jandiala Guru,31.56198,75.0277,29232,Punjab,Amritsar
Jandiala,31.1593,75.61755,25631,Punjab,Jalandhar
Jamwa Ramgarh,27.02021,76.01089,7665,Rajasthan,Jaipur
Jamuria,23.70468,87.07872,160242,West Bengal,Paschim Bardhaman
Jamunamukh,26.10147,92.74264,7377,Assam,Hojai
Jamul,21.25,81.4,25878,Chhattisgarh,Durg
Jamui,24.92606,86.22531,87357,Bihar,Jamui
Jamtara,23.963,86.80285,29415,Jharkhand,Jamtara
Jamshedpur,22.80278,86.18545,1339438,Jharkhand,Purba Singhbhum
Jamner,20.80949,75.77768,46762,Maharashtra,Jalgaon
Jamnagar,22.47292,70.06673,600943,Gujarat,Jamnagar
Jammu,32.73528,74.86167,576198,Jammu and Kashmir,Jammu
Jammalamadugu,14.84677,78.38314,46069,Andhra Pradesh,YSR district
Jamkhed,18.73519,75.31343,34017,Maharashtra,Ahmadnagar
Jamkhandi,16.50461,75.29146,68938,Karnataka,Bagalkot
Jambusar,22.05236,72.80074,43344,Gujarat,Bharuch
Jam,19.19338,78.27949,6426,Telangana,Nirmal
Gogri Jamalpur,25.41117,86.65925,37753,Bihar,Khagaria
Jamalpur,25.31258,86.48888,105434,Bihar,Munger
Jamai,22.19644,78.59191,22587,Madhya Pradesh,Chhindwara
Jamadoba,23.71667,86.4,34774,Jharkhand,Dhanbad
Jalpaiguri,26.51667,88.73333,107832,West Bengal,Jalpaiguri
Jalor,25.34558,72.61559,54081,Rajasthan,Jalore
Jalna,19.84102,75.88636,285577,Maharashtra,Jalna
Jalgaon Jamod,21.05194,76.53464,28276,Maharashtra,Buldhana
Jalgaon,21.00292,75.56602,460228,Maharashtra,Jalgaon
Jalgaon,17.74026,73.19087,5822,Maharashtra,Ratnagiri
Jaleshwar,21.80176,87.2225,25747,Odisha,Baleshwar
Jalesar,27.47315,78.3031,38614,Uttar Pradesh,Etah District
Jalaun,26.1451,79.3366,55299,Uttar Pradesh,District Jalaun
Jalalpur,26.31162,82.73859,31388,Uttar Pradesh,Ambedkar Nagar
Jalalpore,20.94896,72.89829,17325,Gujarat,Navsari
Jalali,27.8668,78.25267,18177,Uttar Pradesh,Aligarh
Jalalabad,30.60622,74.25727,39525,Punjab,Fazilka
Jalalabad,29.61853,77.43908,25302,Uttar Pradesh,Shamli
Jalalabad,27.72625,79.65523,35051,Uttar Pradesh,Shajahanpur
Jalakandapuram,11.69779,77.87298,16184,Tamil Nadu,Salem
Jakhal,29.79627,75.82392,7411,Haryana,Fatehabad District
Jajpur,20.84852,86.33729,42157,Odisha,Jajpur
Jaito,30.45126,74.89189,37377,Punjab,Faridkot
Jaithari,23.20856,78.61487,8386,Madhya Pradesh,Raisen
Jaitaran,26.20446,73.93676,22621,Rajasthan,Pali District
Jaisingpur,16.77639,74.55361,48510,Maharashtra,Kolhapur
Jaisinghnagar,23.68582,81.39085,8233,Madhya Pradesh,Shahdol
Jaisalmer,26.91763,70.90387,67604,Rajasthan,Jaisalmer
Jais,26.2649,81.54855,25726,Uttar Pradesh,Amethi
Jaipur,26.91962,75.78781,3046163,Rajasthan,Jaipur
Jainpur,26.15389,83.33505,11674,Uttar Pradesh,Azamgarh
Jahazpur,25.61994,75.27609,20586,Rajasthan,Bhilwara District
Jahangirpur,28.17919,77.70501,10042,Uttar Pradesh,Gautam Buddha Nagar
Jahangirabad,28.40549,78.10588,57363,Uttar Pradesh,Bulandshahr
Jahanabad,28.63025,79.71818,13617,Uttar Pradesh,District Pilibhit
Jahanabad,25.21368,84.9871,103202,Bihar,Jehanabad
Jagtial,18.79473,78.91661,103930,Telangana,Jagitial
Jagraon,30.78783,75.47391,65305,Punjab,Ludhiana
Jagnair,26.8636,77.60231,10023,Uttar Pradesh,Agra
Jaggayyapeta,16.8938,80.09807,41180,Andhra Pradesh,NTR
Jagdispur,25.46811,84.41939,32447,Bihar,Bhojpur
Jagdishpur,26.74967,80.5451,31029,Uttar Pradesh,District Unnao
Jagdalpur,19.08136,82.02131,125463,Chhattisgarh,Bastar
Jagatsinghapur,20.2557,86.17112,33631,Odisha,Jagatsinghpur
Jagannathpur,22.22115,85.63917,7310,Jharkhand,Pashchim Singhbhum
Jagalur,14.51957,76.33915,17257,Karnataka,Davanagere
Jagadhri,30.16719,77.30367,124894,Haryana,Yamunanagar
Jagadapatnam,9.96795,79.19014,6274,Tamil Nadu,Pudukkottai
Jafarabad,20.86611,71.36606,27167,Gujarat,Amreli
Jadcherla,16.77381,78.13666,17958,Telangana,Mahbubnagar
Jabera,23.55819,79.67802,6806,Madhya Pradesh,Damoh
Jabalpur,23.16697,79.95006,1081677,Madhya Pradesh,Jabalpur
Etmadpur,27.23541,78.19829,22697,Uttar Pradesh,Agra
Itaunja,27.08347,80.89672,6726,Uttar Pradesh,Lucknow District
Itarsi,22.61477,77.76222,100574,Madhya Pradesh,Narmadapuram district
Itanagar,27.08694,93.60987,59490,Arunachal Pradesh,Papum Pare
Itamati,20.13777,85.15243,10317,Odisha,Nayagarh District
Ismailabad,30.11721,76.66903,13726,Haryana,Kurukshetra
Islampur,26.26541,88.18982,55691,West Bengal,Uttar Dinajpur
Islampur,25.14075,85.20587,35641,Bihar,Nalanda
Islamnagar,28.32896,78.72524,29144,Uttar Pradesh,Budaun
Isagarh,24.83906,77.88274,12583,Madhya Pradesh,Ashoknagar
Irugur,11.01782,77.06285,25691,Tamil Nadu,Coimbatore
Irinjalakuda,10.34238,76.21124,29208,Kerala,Thrissur District
Iringal,11.55929,75.61663,25894,Kerala,Kozhikode
Irikkur,11.98668,75.55007,13820,Kerala,Kannur
Malda,25.00447,88.14573,170039,West Bengal,Malda District
Indri,29.87999,77.05972,17487,Haryana,Karnal
Indore,22.71792,75.8333,1994397,Madhya Pradesh,Indore
Indi,17.17735,75.9526,38217,Karnataka,Bijapur
Indergarh,26.93521,79.6712,17366,Uttar Pradesh,Kannauj
Indargarh,25.9109,78.56193,23045,Madhya Pradesh,Datia
Indargarh,25.72816,76.19036,7444,Rajasthan,Bundi District
Indapur,18.3,73.25,26752,Maharashtra,Raigarh
Indapur,18.11529,75.02885,25515,Maharashtra,Pune Division
Imphal,24.80805,93.9442,277196,Manipur,Imphal East
Iluppur,10.51347,78.62357,14127,Tamil Nadu,Pudukkottai
Ilkal,15.95923,76.11351,60242,Karnataka,Bagalkot
Ilampillai,11.60659,78.00676,11797,Tamil Nadu,Salem
Ilaiyankudi,9.62512,78.62434,24767,Tamil Nadu,Sivaganga
Iklehra,23.14667,76.39044,8969,Madhya Pradesh,Dewas
Ikauna,27.53097,81.96917,14217,Uttar Pradesh,Shrawasti
Iglas,27.711,77.93967,13746,Uttar Pradesh,Aligarh
Igatpuri,19.69522,73.5626,35461,Maharashtra,Nashik Division
Idukki,9.85,76.96667,11248,Kerala,Idukki
Idar,23.84145,73.00068,42306,Gujarat,Sabarkantha
Idappadi,11.58624,77.83891,54823,Tamil Nadu,Salem
Ichora,19.42966,78.45285,12358,Telangana,Adilabad
Ichhawar,23.02816,77.01729,15221,Madhya Pradesh,Sehore
Ichchapuram,19.11393,84.68721,36493,Andhra Pradesh,Srikakulam
Ichalkaranji,16.69117,74.46054,287353,Maharashtra,Kolhapur
Ibrahimpatan,17.19573,78.65101,12349,Telangana,Rangareddi
Hyderabad,17.38405,78.45636,6993262,Telangana,Hyderabad
Hadagalli,15.02048,75.93185,27967,Karnataka,Vijayanagar
Hatti,16.19836,76.66037,16278,Karnataka,Raichur
Husainabad,24.52849,84.0,29241,Jharkhand,Palamu
Hunsur,12.30359,76.29275,50865,Karnataka,Mysore
Hungund,16.06213,76.0586,20877,Karnataka,Bagalkot
Huliyar,13.5836,76.5423,14304,Karnataka,Tumkur
Hukeri,16.23082,74.60244,22988,Karnataka,Belgaum
Hugli,22.90877,88.39674,177005,West Bengal,Hugli
Hubballi,15.34776,75.13378,943788,Karnataka,Dharwad
Howli,26.42237,90.98004,18301,Assam,Barpeta
Hosur,12.73647,77.83264,229528,Tamil Nadu,Krishnagiri
Hosapete,15.26954,76.3871,206167,Karnataka,Vijayanagar
Hoskote,13.0707,77.79814,56980,Karnataka,Bangalore Rural
Hoshiarpur,31.53723,75.91269,168653,Punjab,Hoshiarpur
Narmadapuram,22.74747,77.72736,117988,Madhya Pradesh,Narmadapuram district
Hosadurga,13.79631,76.28408,28370,Karnataka,Chitradurga
Hosanagara,13.91387,75.06503,5839,Karnataka,Shimoga
Hosakote,14.27603,77.16827,11692,Karnataka,Tumkur
Honnali,14.23976,75.64507,17928,Karnataka,Davanagere
Honnavar,14.28088,74.44497,19109,Karnataka,Uttar Kannada
Homnabad,17.77074,77.12519,44483,Karnataka,Bidar
Holenarasipura,12.78635,76.24331,29974,Karnataka,Hassan
Holalkere,14.04295,76.18496,15783,Karnataka,Chitradurga
Hojai,26.00281,92.85605,36869,Assam,Hojai
Hodal,27.89196,77.36744,50143,Haryana,Palwal
Hisua,24.8336,85.41729,32585,Bihar,Nawada
Hisar,29.15394,75.72294,307024,Haryana,Hisar
Hirmi,21.53864,81.94025,5139,Chhattisgarh,Baloda Bazar
Hiriyur,13.94455,76.61723,56416,Karnataka,Chitradurga
Hirekerur,14.45506,75.3952,19191,Karnataka,Haveri
Hirapur Hamesha,21.55546,79.78581,6069,Maharashtra,Bhandara
Hiranagar,32.45493,75.27187,9446,Jammu and Kashmir,Kathua
Hiramandalam,18.67085,83.95054,6603,Andhra Pradesh,Srikakulam
Hirakud,21.52502,83.87275,30207,Odisha,Sambalpur
Hinjilicut,19.48166,84.74489,24671,Odisha,Ganjam
Hingoli,19.71464,77.14238,85103,Maharashtra,Hingoli
Hinganghat,20.54875,78.83978,101805,Maharashtra,Wardha
Hindupur,13.82807,77.49143,151677,Andhra Pradesh,Sri Sathya Sai
Hindoria,23.90345,79.56861,16001,Madhya Pradesh,Damoh
Hindaun,26.73411,77.03519,105452,Rajasthan,Karauli
Himatnagar,23.59893,72.96602,81137,Gujarat,Sabarkantha
Hilsa,25.31642,85.28234,51052,Bihar,Nalanda
Hesla,24.06313,85.87905,6286,Jharkhand,Giridih
Harbatpur,30.43863,77.74058,9478,Uttarakhand,Dehradun
Heggadadevankote,12.08809,76.32957,14313,Karnataka,Mysore
Hazaribagh,23.99241,85.36162,153595,Jharkhand,Hazaribag
Haveri,14.79354,75.40448,67102,Karnataka,Haveri
Hattin,28.04234,77.24049,14421,Haryana,Palwal
Hatta,24.13406,79.60119,32465,Madhya Pradesh,Damoh
Hat Piplia,22.76948,76.29992,17419,Madhya Pradesh,Dewas
Hatod,22.79378,75.73928,10425,Madhya Pradesh,Indore
Hathwa,26.35535,84.29759,7156,Bihar,Gopalganj
Hathras,27.59551,78.05201,126882,Uttar Pradesh,Hathras
Hata,26.7412,83.74526,12050,Uttar Pradesh,Kushinagar
Hat,29.33185,76.61501,7354,Haryana,Jind
Hastinapur,29.16042,78.00762,24093,Uttar Pradesh,Meerut
Hassan,13.00715,76.0962,155006,Karnataka,Hassan
Hasimara,26.7469,89.35385,40000,West Bengal,Alipurduar
Hasanpur,28.72249,78.28436,57481,Uttar Pradesh,Amroha
Hasanpur,27.96944,77.49544,11569,Haryana,Palwal
Harur,12.05267,78.48023,25469,Tamil Nadu,Dharmapuri
Harsud,22.09947,76.73423,16736,Madhya Pradesh,Khandwa district
Harrai,22.61428,79.22207,11000,Madhya Pradesh,Chhindwara
Harpanahalli,14.78766,75.98863,47039,Karnataka,Vijayanagar
Harpalpur,25.28773,79.33279,18529,Madhya Pradesh,Chhatarpur
Harnai,17.8134,73.09668,7144,Maharashtra,Ratnagiri
Harji,25.29178,72.8598,11380,Rajasthan,Jalore
Haripad,9.28358,76.45519,15588,Kerala,Alappuzha
Haringhata,22.96474,88.57451,9705,West Bengal,Nadia
Harij,23.69356,71.907,20253,Gujarat,Patan
Harihar,14.51288,75.80716,83219,Karnataka,Davanagere
Haridwar,29.94791,78.16025,186079,Uttarakhand,Haridwar
Hariana,31.63512,75.83887,8928,Punjab,Hoshiarpur
Harduaganj,27.94361,78.15789,12328,Uttar Pradesh,Aligarh
Hardoi,27.39491,80.13165,122635,Uttar Pradesh,Hardoi
Harda,22.34414,77.09536,74268,Madhya Pradesh,Harda
Haraiya,26.79477,82.46436,9000,Uttar Pradesh,Basti
Hapur,28.72985,77.78068,242920,Uttar Pradesh,Hapur
Howrah,22.57688,88.31857,1027672,West Bengal,Haora
Hanur,12.0874,77.30208,11066,Karnataka,Chamrajnagar
Hanumangarh,29.58182,74.32938,155687,Rajasthan,Hanumangarh
Hanspura,25.0572,84.54899,7940,Bihar,Aurangabad
Hansot,21.58496,72.80764,12525,Gujarat,Bharuch
Hansi,29.10239,75.96253,86770,Haryana,Hisar
Hangal,14.76465,75.1246,28159,Karnataka,Haveri
Handia,25.36379,82.18655,17861,Uttar Pradesh,Prayagraj
Handwara,34.39677,74.28138,13600,Jammu and Kashmir,Kupwara
Hampi,15.3352,76.4603,10000,Karnataka,Vijayanagar
Hamirpur,31.68411,76.52506,19280,Himachal Pradesh,Hamirpur
Hamirpur,25.9553,80.14842,34144,Uttar Pradesh,District Hamirpur
Hamirgarh,25.18772,74.63122,11678,Rajasthan,Bhilwara District
Halwara,30.7251,75.64252,9761,Punjab,Ludhiana
Halvad,23.01516,71.18029,32024,Gujarat,Morbi
Haludpukhur,22.60112,86.13844,10485,Jharkhand,Purba Singhbhum
Halol,22.50321,73.47242,64265,Gujarat,Panch Mahals
Haliyal,15.32864,74.75638,24238,Karnataka,Uttar Kannada
Halisahar,22.93218,88.41859,128172,West Bengal,North 24 Parganas
Haldwani,29.22254,79.5286,139497,Uttarakhand,Nainital
Haldibari,26.33887,88.7822,14099,West Bengal,Cooch Behar District
Haldaur,29.28988,78.28437,18686,Uttar Pradesh,Bijnor
Hajo,26.2452,91.52525,15977,Assam,Kamrup
Hajipur,31.97714,75.75438,6091,Punjab,Hoshiarpur
Hajipur,25.68544,85.20981,147688,Bihar,Vaishali
Hajan,34.29895,74.61681,13239,Jammu and Kashmir,Bandipore
Hailakandi,24.68394,92.56097,33637,Assam,Hailakandi
Haflong,25.16478,93.01744,43756,Assam,Dima Hasao District
Hadiaya,30.32757,75.50198,12507,Punjab,Barnala
Hadgaon,19.49552,77.65863,27433,Maharashtra,Nanded
Habra,22.84202,88.65606,139297,West Bengal,North 24 Parganas
Gyanpur,25.33268,82.46637,200000,Uttar Pradesh,Bhadohi
Gwalior,26.22983,78.17337,1054420,Madhya Pradesh,Gwalior
Guhala,27.69079,75.63612,6343,Rajasthan,Sikar District
Guskhara,23.49276,87.73484,33780,West Bengal,Purba Bardhaman
Guruvayur,10.5943,76.0411,21416,Kerala,Thrissur District
Guru Har Sahai,30.70862,74.40407,17192,Punjab,Firozpur
Gursarai,25.61677,79.18053,25191,Uttar Pradesh,Jhansi
Gursahaiganj,27.11518,79.73174,40214,Uttar Pradesh,Kannauj
Gurmatkal,16.86773,77.39088,20614,Karnataka,Yadgir
Gurh,24.50265,81.50037,14608,Madhya Pradesh,Rewa
Gurugram,28.4601,77.02635,886519,Haryana,Gurugram district
Gurdaspur,32.03933,75.40318,77928,Punjab,Gurdaspur
Gunupur,19.0804,83.80879,28870,Odisha,Rayagada
Guntur,16.29974,80.45729,670073,Andhra Pradesh,Guntur
Guntakal,15.17112,77.36244,126270,Andhra Pradesh,Anantapur
Gunnaur,28.23995,78.43994,20980,Uttar Pradesh,Sambhal
Gundlupet,11.81004,76.69027,28105,Karnataka,Chamrajnagar
Gundardehi,20.94617,81.28924,8614,Chhattisgarh,Balod
Guna,24.64691,77.3113,180935,Madhya Pradesh,Guna
Gummidipundi,13.40765,80.10879,18891,Tamil Nadu,Thiruvallur
Gumla,23.04268,84.54429,51264,Jharkhand,Gumla
Gumia,23.7975,85.82523,48141,Jharkhand,Bokaro
Guledagudda,16.05025,75.78997,33851,Karnataka,Bagalkot
Kalaburagi,17.33583,76.83757,543147,Karnataka,Gulbarga
Gulaothi,28.58938,77.79318,46647,Uttar Pradesh,Bulandshahr
Gulabpura,25.90448,74.66025,27215,Rajasthan,Bhilwara District
Guirim,15.57552,73.80722,7057,Goa,North Goa
Guduvancheri,12.84519,80.06055,44098,Tamil Nadu,Chengalpattu district
Gudur,17.49174,78.82302,5647,Telangana,Yadadri Bhuvanagiri
Gudur,15.93911,75.91405,11969,Karnataka,Bagalkot
Gudur,14.15093,79.8521,74851,Andhra Pradesh,Tirupati
Gudlavalleru,16.35,81.05,10902,Andhra Pradesh,Krishna
Gudiyatham,12.94601,78.87377,93973,Tamil Nadu,Vellore
Gudivada,16.43547,80.99555,118167,Andhra Pradesh,Krishna
Gudibanda,13.67099,77.70414,9441,Karnataka,Chikkaballapur
Gudari,19.34762,83.78128,6931,Odisha,Rayagada
Gudalur,11.52073,76.48141,49535,Tamil Nadu,Nilgiris
Gudalur,9.67826,77.24951,47419,Tamil Nadu,Theni
Gubbi,13.31216,76.94102,18446,Karnataka,Tumkur
Gua,22.21361,85.38774,12554,Jharkhand,Pashchim Singhbhum
Goyerkata,26.69984,89.02565,66358,West Bengal,Jalpaiguri
Govindgarh,27.50423,76.99938,11552,Rajasthan,Alwar
Govindgarh,24.37845,81.29644,10547,Madhya Pradesh,Rewa
Govardhan,27.49658,77.46263,20044,Uttar Pradesh,Mathura
Gotan,26.65551,73.7371,17700,Rajasthan,Nagaur District
Goshaingaon,26.43946,89.96307,13933,Assam,Kokrajhar
Goshainganj,26.76793,81.10752,9537,Uttar Pradesh,Lucknow District
Goshainganj,26.57115,82.38091,13176,Uttar Pradesh,Ayodhya
Gorur,12.82297,76.06463,6192,Karnataka,Hassan
Gormi,26.60029,78.51188,20841,Madhya Pradesh,Bhind
Goregaon,18.15483,73.29147,7155,Maharashtra,Raigarh
Gorantla,13.98411,77.77224,24586,Andhra Pradesh,Sri Sathya Sai
Gorakhpur,29.44768,75.67206,13068,Haryana,Fatehabad District
Gorakhpur,26.76628,83.36889,674246,Uttar Pradesh,Gorakhpur
Gorai,19.25,72.78333,29107,Maharashtra,Mumbai Suburban
Gopinathpur,22.66301,86.075,5255,Jharkhand,Saraikela
Gobichettipalayam,11.45496,77.4422,59523,Tamil Nadu,Erode
Gopamau,27.53468,80.28507,13581,Uttar Pradesh,Hardoi
Gopalpur,19.25861,84.90517,7221,Odisha,Ganjam
Gopalganj,26.46734,84.44041,67339,Bihar,Gopalganj
Gooty,15.11836,77.63776,48658,Andhra Pradesh,Anantapur
Gondia,21.46026,80.19205,132813,Maharashtra,Gondiya
Gondal,21.96074,70.80255,112197,Gujarat,Rajkot
Gonda City,27.13181,81.95332,133583,Uttar Pradesh,Gonda
Gomoh,23.87355,86.1516,31495,Jharkhand,Dhanbad
Golakganj,26.10216,89.82275,8244,Assam,Dhubri
Gola Gokarannath,28.07837,80.47054,58986,Uttar Pradesh,Kheri
Golaghat,26.51167,93.95951,41989,Assam,Golaghat
Gola Bazar,26.3446,83.35303,10936,Uttar Pradesh,Gorakhpur
Gokavaram,17.25823,81.84985,16389,Andhra Pradesh,East Godavari
Gokarna,14.55,74.31667,25851,Karnataka,Uttar Kannada
Gokak,16.16901,74.82393,79121,Karnataka,Belgaum
Gohpur,26.88184,93.6156,12223,Assam,Biswanath
Gohand,25.69871,79.54567,7286,Uttar Pradesh,District Hamirpur
Gohana,29.13777,76.70247,65708,Haryana,Sonipat
Gohad,26.43278,78.44205,58939,Madhya Pradesh,Bhind
Gogunda,24.75844,73.52981,8751,Rajasthan,Udaipur
Gogapur,23.55746,75.51665,7608,Madhya Pradesh,Ujjain
Goyali,24.89947,72.83042,5728,Rajasthan,Sirohi
Godhra,22.77547,73.61488,143644,Gujarat,Panch Mahals
Godda,24.827,87.2125,48480,Jharkhand,Godda
Gobindpur,23.83556,86.51853,11318,Jharkhand,Dhanbad
Gobindpur,22.63393,86.07162,27066,Jharkhand,Saraikela
Gobardanga,22.8774,88.75479,43808,West Bengal,North 24 Parganas
Goa Velha,15.44384,73.88572,5656,Goa,North Goa
Goalpara,26.17668,90.62634,53430,Assam,Goalpara
Giridih,24.18622,86.30875,114533,Jharkhand,Giridih
Gingee,12.25282,79.41727,27045,Tamil Nadu,Villupuram
Giddarbaha,30.19953,74.66627,45370,Punjab,Muktsar
Giddalur,15.37439,78.92609,35150,Andhra Pradesh,Prakasam
Gidam,18.97431,81.39894,7440,Chhattisgarh,Dakshin Bastar Dantewada
Ghugus,19.9381,79.11192,32654,Maharashtra,Chandrapur
Ghoti Budrukh,19.71641,73.62821,24838,Maharashtra,Nashik Division
Ghosi,26.10587,83.5393,39138,Uttar Pradesh,Mau
Ghorawal,24.75459,82.77965,7492,Uttar Pradesh,Sonbhadra
Ghogha,21.68813,72.2763,12208,Gujarat,Bhavnagar
Ghogardiha,26.27986,86.47001,18257,Bihar,Madhubani
Ghogaon,21.91622,75.74734,11054,Madhya Pradesh,Khargone
Ghiror,27.18912,78.79312,14011,Uttar Pradesh,Mainpuri
Ghazipur,25.58333,83.58526,103095,Uttar Pradesh,Ghazipur
Ghaziabad,28.66535,77.43915,1199191,Uttar Pradesh,Ghaziabad
Ghaura,24.50588,79.07813,13301,Madhya Pradesh,Chhatarpur
Ghatsila,22.58531,86.47682,40624,Jharkhand,Purba Singhbhum
Ghatanji,20.14183,78.31333,21293,Maharashtra,Yavatmal
Ghatampur,26.15272,80.16803,40435,Uttar Pradesh,Kanpur
Ghatal,22.66244,87.73399,54658,West Bengal,Paschim Medinipur
Gharghoda,22.17427,83.3517,9455,Chhattisgarh,Raigarh
Gharaunda,29.53692,76.97142,37816,Haryana,Karnal
Ghansor,22.65976,79.95013,7120,Madhya Pradesh,Seoni
Ghanpur,17.85,79.36667,12721,Telangana,Jangoan
Ghanaur,30.33092,76.61203,6985,Punjab,Patiala
Ghumarwin,31.44166,76.71509,7899,Himachal Pradesh,Bilaspur
Gairtganj,23.41022,78.22082,18184,Madhya Pradesh,Raisen
Ghaghra,23.26659,84.55297,8580,Jharkhand,Gumla
Ghagga,30.01975,76.10408,10162,Punjab,Patiala
Gevrai,19.26372,75.75007,33562,Maharashtra,Bid
Gaya,24.79686,85.00385,474093,Bihar,Gaya
Gawan,28.41969,78.35186,8744,Uttar Pradesh,Sambhal
Gautampura,22.98664,75.51921,14584,Madhya Pradesh,Indore
Gauripur,26.08334,89.96118,25124,Assam,Dhubri
Gauribidanur,13.61072,77.51738,37947,Karnataka,Chikkaballapur
Gaurela,22.75449,81.90107,18165,Chhattisgarh,Gaurella Pendra Marwahi
Guwahati,26.1844,91.7458,962334,Assam,Kamrup Metropolitan
Garhwa,24.16002,83.80755,46059,Jharkhand,Garhwa
Garot,24.32342,75.65204,15122,Madhya Pradesh,Mandsaur
Gariadhar,21.53889,71.57737,35692,Gujarat,Bhavnagar
Gariaband,20.63323,82.06221,10517,Chhattisgarh,Gariyaband
Garhshankar,31.21537,76.14149,16955,Punjab,Hoshiarpur
Garhmuktesar,28.78732,78.10214,37043,Uttar Pradesh,Hapur
Garhi Harsaru,28.44515,76.93947,7894,Haryana,Gurugram district
Garhi Pukhta,29.5498,77.30881,13381,Uttar Pradesh,Shamli
Garhi,23.59014,74.14818,5180,Rajasthan,Banswara District
Garhchiroli,20.18061,80.00522,54152,Maharashtra,Gadchiroli
Garhakota,23.7791,79.14321,32726,Madhya Pradesh,Sagar
Garhdiwala,31.74147,75.75567,7593,Punjab,Hoshiarpur
Garautha,25.5719,79.29764,9489,Uttar Pradesh,Jhansi
Gannavaram,16.54092,80.80213,19410,Andhra Pradesh,Krishna
Ganj Muradabad,26.95733,80.184,9970,Uttar Pradesh,District Unnao
Ganjam,19.38705,85.05079,11747,Odisha,Ganjam
Gangtok,27.32574,88.61216,100286,Sikkim,Gangtok
Gangolli,13.65024,74.67072,15200,Karnataka,Udupi
Gangoh,29.78004,77.26346,59519,Uttar Pradesh,District Saharanpur
Gangavati,15.4313,76.52933,114642,Karnataka,Koppal
Gangavalli,11.49828,78.64966,12015,Tamil Nadu,Salem
Gangarampur,25.40138,88.52978,65316,West Bengal,Dakshin Dinajpur
Gangapur,26.47249,76.71744,120115,Rajasthan,Sawai Madhopur
Gangapur,25.21954,74.26028,18777,Rajasthan,Bhilwara District
Gangapur,19.69718,75.01045,27745,Maharashtra,Aurangabad
Sri Ganganagar,29.92009,73.87496,237780,Rajasthan,Ganganagar
Gangakher,18.96962,76.74946,49891,Maharashtra,Parbhani
Gangaikondan,8.85785,77.78019,10779,Tamil Nadu,Tirunelveli Kattabo
Gandhi Nagar,13.00639,80.25417,9773,Tamil Nadu,Chennai
Gandhinagar,23.21667,72.68333,292797,Gujarat,Gandhinagar
Gandhidham,23.08333,70.13333,247992,Gujarat,Kutch
Gandevi,20.81214,72.99811,16827,Gujarat,Navsari
Ganderbal,34.22619,74.77478,28233,Jammu and Kashmir,Ganderbal
Gandai,21.66667,81.10013,13278,Chhattisgarh,Khairgarh Chhuikhadan Gandai
Gamharia,22.80943,86.10337,7505,Jharkhand,Saraikela
Galiakot,23.51995,74.02028,6906,Rajasthan,Dungarpur
Gajwel,17.84816,78.68291,24961,Telangana,Siddipet
Gajraula,28.8457,78.2396,50380,Uttar Pradesh,Amroha
Gajendragarh,15.73628,75.96976,32359,Karnataka,Gadag
Gajapatinagaram,18.27936,83.33647,5687,Andhra Pradesh,Vizianagaram District
Gadwal,16.23504,77.79556,63177,Telangana,Jogulamba Gadwal
Gadhinglaj,16.22291,74.3501,27185,Maharashtra,Kolhapur
Gadhada,21.96957,71.57828,29872,Gujarat,Botad
Gadarwara,22.9235,78.7849,47604,Madhya Pradesh,Narsimhapur
Gadag,15.42977,75.62971,172612,Karnataka,Gadag
Fort Gloster,22.50444,88.18333,18350,West Bengal,Haora
Forbesganj,26.30253,87.26556,50475,Bihar,Araria
Firozpur Jhirka,27.78853,76.94496,24750,Haryana,Nuh
Firozpur,30.92574,74.61311,110313,Punjab,Firozpur
Firozabad,27.15092,78.39781,306409,Uttar Pradesh,Firozabad
Fingeshwar,20.96898,82.04039,9752,Chhattisgarh,Gariyaband
Ferokh,11.17989,75.84141,32122,Kerala,Kozhikode
Fazilka,30.40207,74.02836,76492,Punjab,Fazilka
Fatwa,25.50958,85.30504,50961,Bihar,Patna
Fatikrai,24.18318,92.018,5371,Tripura,Unakoti
Sakharkherda,20.20563,76.39756,14719,Maharashtra,Buldhana
Fatehpur Sikri,27.0937,77.66003,30026,Uttar Pradesh,Agra
Fatehpur Chaurasi,26.78925,80.26547,5931,Uttar Pradesh,District Unnao
Fatehpur,27.99486,74.95628,92595,Rajasthan,Sikar District
Fatehpur,27.17281,81.21061,34010,Uttar Pradesh,Bara Banki
Fatehpur,25.92774,80.81266,166480,Uttar Pradesh,Fatehpur
Fatehgarh Churian,31.86431,74.95665,18051,Punjab,Gurdaspur
Fatehgarh,27.36409,79.63111,14847,Uttar Pradesh,Ferrukhabad
Fatehganj West,28.4662,79.30657,23810,Uttar Pradesh,Bareilly
Fatehabad,29.51525,75.45554,70777,Haryana,Fatehabad District
Fatehabad,27.02645,78.3027,21957,Uttar Pradesh,Agra
Farrukhnagar,28.44745,76.82391,13513,Haryana,Gurugram district
Farrukhnagar,17.07787,78.20339,45675,Telangana,Rangareddi
Farrukhabad,27.39134,79.5793,241152,Uttar Pradesh,Ferrukhabad
Faridpur,28.20997,79.54149,71783,Uttar Pradesh,Bareilly
Faridnagar,28.76923,77.62934,11371,Uttar Pradesh,Ghaziabad
Faridkot,30.67399,74.75579,87695,Punjab,Faridkot
Faridabad,28.41124,77.31316,1414050,Haryana,Faridabad District
Farakka,24.81667,87.9,21834,West Bengal,Murshidabad
Farah,27.32081,77.76185,9236,Uttar Pradesh,Mathura
Falakata,26.51963,89.20423,20119,West Bengal,Alipurduar
Faizpur,21.16766,75.86006,26602,Maharashtra,Jalgaon
Fyzabad,26.77549,82.15018,153047,Uttar Pradesh,Ayodhya
Ettumanur,9.66898,76.55924,40438,Kerala,Kottayam
Ettapur,11.66245,78.47644,10968,Tamil Nadu,Salem
Ettaiyapuram,9.14405,77.99066,12956,Tamil Nadu,Thoothukkudi
Etikoppaka,17.5,82.73333,12000,Andhra Pradesh,Anakapalli
Etawah,26.77615,79.02133,257448,Uttar Pradesh,District Etawah
Etah,27.55879,78.65692,131023,Uttar Pradesh,Etah District
Erumaippatti,11.14671,78.28996,12085,Tamil Nadu,Namakkal
Erraguntla,14.63853,78.53974,32574,Andhra Pradesh,YSR district
Erode,11.3428,77.72741,521891,Tamil Nadu,Erode
Eriyodu,10.51724,78.06268,8890,Tamil Nadu,Dindigul
Erattupetta,9.68747,76.77891,34814,Kerala,Kottayam
Eraniel,8.20589,77.31726,10375,Tamil Nadu,Kanniyakumari
Erandol,20.92206,75.32641,31071,Maharashtra,Jalgaon
Eral,8.62584,78.02282,9478,Tamil Nadu,Thoothukkudi
Emmiganur,15.77203,77.48345,95149,Andhra Pradesh,Kurnool
Eluru,16.71311,81.10437,218020,Andhra Pradesh,Eluru
Elur,10.06667,76.28333,31468,Kerala,Ernakulam
Elumalai,9.86501,77.69923,15746,Tamil Nadu,Madurai
Ellenabad,29.45282,74.66122,37680,Haryana,Sirsa
Elivala,12.35776,76.54072,9826,Karnataka,Mysore
Elayirampannai,9.27033,77.82494,6814,Tamil Nadu,Virudhunagar
Elamanchili,17.54907,82.85749,27265,Andhra Pradesh,Anakapalli
Eklahra,22.20355,78.68929,7975,Madhya Pradesh,Chhindwara
Ekangar Sarai,25.2234,85.22978,6672,Bihar,Nalanda
Egra,21.89947,87.53794,32832,West Bengal,Purba Medinipur
Edappal,10.78339,76.00789,32550,Kerala,Malappuram
Dwarka,22.23944,68.96778,38873,Gujarat,Devbhumi Dwarka
Dusi,12.77574,79.67892,5577,Tamil Nadu,Tiruvannamalai
Durgapur,23.51583,87.30801,518872,West Bengal,Paschim Bardhaman
Durgapur,20.0054,79.30273,18561,Maharashtra,Chandrapur
Durg,21.19147,81.27619,268806,Chhattisgarh,Durg
Dungarpur,23.84306,73.71466,47706,Rajasthan,Dungarpur
Dungarpur,21.28777,71.7556,6105,Gujarat,Bhavnagar
Ganj Dundwara,27.73308,78.94119,46314,Uttar Pradesh,Kasganj
Dumraon,25.55265,84.15149,53618,Bihar,Buxar
Dumra,26.56708,85.5204,15778,Bihar,Sitamarhi
Dumka,24.26778,87.24855,47663,Jharkhand,Dumka
Dum Duma,27.56884,95.55664,21706,Assam,Tinsukia
Dam Dam,22.63341,88.42286,122719,West Bengal,North 24 Parganas
Duliajan,27.36035,95.31806,28626,Assam,Dibrugarh
Dugda,23.74516,86.17175,22740,Jharkhand,Bokaro
Dudhi,24.21357,83.24067,12742,Uttar Pradesh,Sonbhadra
Dudhani,17.35792,76.36688,12735,Maharashtra,Solapur
Dubrajpur,23.7902,87.37648,35087,West Bengal,Birbhum
Dostpur,26.27486,82.47091,12688,Uttar Pradesh,District Sultanpur
Dornakal,17.44475,80.14905,15350,Telangana,Mahabubabad
Doraha,30.79953,76.02355,25424,Punjab,Ludhiana
Dongargarh,21.18893,80.75459,37372,Chhattisgarh,Raj Nandgaon
Dongargaon,20.97172,80.85077,14693,Chhattisgarh,Raj Nandgaon
Dondi,20.48809,81.08708,8042,Chhattisgarh,Balod
Dondaicha,21.3236,74.56804,46767,Maharashtra,Dhule
Domchanch,24.47484,85.69213,15809,Jharkhand,Kodarma
Dombivali,19.21667,73.08333,1247327,Maharashtra,Thane
Doiwala,30.17667,78.11659,8247,Uttarakhand,Dehradun
Dohrighat,26.27217,83.50916,11180,Uttar Pradesh,Mau
Doddaballapura,13.29452,77.53777,93105,Karnataka,Bangalore Rural
Doda,33.14916,75.54746,21605,Jammu and Kashmir,Doda
Diyodar,24.10871,71.77401,14912,Gujarat,Banas Kantha
Diu,20.71405,70.98224,23991,Dadra and Nagar Haveli and Daman and Diu,Diu
Dispur,26.13564,91.80069,10812,Assam,Kamrup Metropolitan
Deesa,24.25612,72.17928,111160,Gujarat,Banas Kantha
Dirba,30.07222,75.99607,16952,Punjab,Sangrur
Diphu,25.84341,93.43116,61797,Assam,Karbi Anglong
Dinhata,26.13526,89.46129,42381,West Bengal,Cooch Behar District
Dindori,22.94141,81.07975,21323,Madhya Pradesh,Dindori
Dindigul,10.36896,77.98036,292512,Tamil Nadu,Dindigul
Dinanagar,32.13664,75.47291,23976,Punjab,Gurdaspur
Dimapur,25.91174,93.7217,135860,Nagaland,Dimapur
Diguvametta,15.39507,78.8293,5166,Andhra Pradesh,Prakasam
Digras,20.1035,77.71846,44767,Maharashtra,Yavatmal
Deglur,18.54829,77.57695,54493,Maharashtra,Nanded
Diglipur,13.26667,93.0,42877,Andaman and Nicobar,North  & Middle Andaman
Dighwara,25.74434,85.01003,32741,Bihar,Saran
Digboi,27.39321,95.61839,21736,Assam,Tinsukia
Digapahandi,19.37275,84.57184,13190,Odisha,Ganjam
Dig,27.47188,77.32564,44999,Rajasthan,Bharatpur
Didwana,27.40096,74.57537,53749,Rajasthan,Nagaur District
Bicholim,15.59319,73.94571,16986,Goa,North Goa
Dibrugarh,27.47989,94.90837,145488,Assam,Dibrugarh
Dibai,28.20849,78.26173,37873,Uttar Pradesh,Bulandshahr
Diamond Harbour,22.19268,88.18951,41802,West Bengal,South 24 Parganas
Dhuwaran,22.23779,72.7591,11473,Gujarat,Anand
Dhuri,30.36846,75.86791,55225,Punjab,Sangrur
Dhupgari,26.58904,89.00732,41168,West Bengal,Jalpaiguri
Dundigal,17.60802,78.41461,13465,Telangana,Medchal Malkajgiri
Dhulian,24.68127,87.9535,77070,West Bengal,Murshidabad
Dhule,20.9013,74.77737,375559,Maharashtra,Dhule
Dhubri,26.01856,89.98564,63388,Assam,Dhubri
Dhrol,22.567,70.41769,26496,Gujarat,Jamnagar
Dhrangadhra,22.99167,71.46793,75578,Gujarat,Surendranagar
Dhorimanna,25.20374,71.43687,6513,Rajasthan,Barmer District
Dhoraji,21.73359,70.45004,84545,Gujarat,Rajkot
Dhone,15.3952,77.8715,59272,Andhra Pradesh,Nandyal
Dholka,22.72732,72.44128,80945,Gujarat,Ahmadabad
Dhola,21.88129,71.77269,8206,Gujarat,Bhavnagar
Dhing,26.46793,92.47336,20826,Assam,Nagaon
Dhilwan,31.51432,75.34574,8447,Punjab,Kapurthala
Dhenkanal,20.65744,85.59693,67414,Odisha,Dhenkanal
Dhemaji,27.48333,94.58333,13058,Assam,Dhemaji
Dhekiajuli,26.70367,92.47808,21579,Assam,Sonitpur
Dhaurahra,27.99814,81.08975,20098,Uttar Pradesh,Kheri
Dhaulpur,26.69286,77.87968,133075,Rajasthan,Dhaulpur
Dhasa,21.80488,71.51589,14448,Gujarat,Botad
Dharur,18.82017,76.10937,20417,Maharashtra,Bid
Dharuhera,28.20553,76.79691,30344,Haryana,Rewari District
Dharni,21.55333,76.88972,15761,Madhya Pradesh,
Dharamsala,32.22006,76.32013,30764,Himachal Pradesh,Kangra
Dharmkot,30.94559,75.23239,19057,Punjab,Moga
Dharmavaram,14.41435,77.72035,121874,Andhra Pradesh,Sri Sathya Sai
Dharmaragar,24.34911,92.13139,8761,Tripura,North Tripura
Dharmapuri,12.1277,78.15794,68619,Tamil Nadu,Dharmapuri
Dharmanagar,24.36667,92.16667,40595,Tripura,North Tripura
Dharmadam,11.77538,75.46459,30804,Kerala,Kannur
Dharmabad,18.89116,77.8494,33741,Maharashtra,Nanded
Dhariwal,31.95616,75.32386,20604,Punjab,Gurdaspur
Dhari,21.32855,71.02645,29346,Gujarat,Amreli
Dharchula,29.84707,80.51951,7331,Uttarakhand,Pithoragarh
Dharavi,19.05,72.86667,700000,Maharashtra,Mumbai
Dharapuram,10.73828,77.53223,72291,Tamil Nadu,Tiruppur
Dharangaon,21.01187,75.27407,35375,Maharashtra,Jalgaon
Dharampuri,22.14951,75.34439,16363,Madhya Pradesh,Dhar
Dharampur,20.53693,73.17368,24178,Gujarat,Valsad
Dhar,22.59373,75.29774,93917,Madhya Pradesh,Dhar
Dhanwar,24.41074,85.98183,8777,Jharkhand,Giridih
Dhanera,24.50967,72.02343,29578,Gujarat,Banas Kantha
Dhandhuka,22.38185,71.98664,32475,Gujarat,Ahmadabad
Dhanbad,23.79759,86.42992,1196214,Jharkhand,Dhanbad
Dhanaura,28.95912,78.25629,28285,Uttar Pradesh,Amroha
Dhanaula,30.28216,75.57341,19920,Punjab,Barnala
Dhana,23.74697,78.86234,10641,Madhya Pradesh,Sagar
Dhamtari,20.70718,81.54874,101677,Chhattisgarh,Dhamtari
Dhampur,29.30883,78.51083,49973,Uttar Pradesh,Bijnor
Dhamnod,22.20928,75.47057,32093,Madhya Pradesh,Dhar
Dhamda,21.45,81.31667,9961,Chhattisgarh,Durg
Dhali,10.51049,77.18806,6494,Tamil Nadu,Tiruppur
Dhakuakhana,27.20114,94.45712,13502,Assam,Lakhimpur
Dhaka,26.67479,85.16698,42063,Bihar,Purba Champaran
Dewas,22.96585,76.05526,289550,Madhya Pradesh,Dewas
Dewa,27.03621,81.16692,14375,Uttar Pradesh,Bara Banki
Devrukh,17.06715,73.61518,12689,Maharashtra,Ratnagiri
Deoli,25.75728,75.37991,22065,Rajasthan,Tonk
Devipattinam,9.47763,78.89558,11599,Tamil Nadu,Ramanathapuram
Devgarh,25.52533,73.90812,17604,Rajasthan,Rajsamand
Devgadh Bariya,22.70517,73.90882,21030,Gujarat,Dohad
Devarkonda,16.69186,78.92073,29731,Telangana,Nalgonda District
Devanahalli,13.24655,77.71183,28051,Karnataka,Bangalore Rural
Devakottai,9.94704,78.8233,51865,Tamil Nadu,Sivaganga
Devikapuram,12.49807,79.25308,9800,Tamil Nadu,Tiruvannamalai
Devadanapatti,10.14673,77.6439,19285,Tamil Nadu,Theni
Deulgaon Raja,20.01757,76.03755,30827,Maharashtra,Buldhana
Desur,12.43727,79.48145,5312,Tamil Nadu,Tiruvannamalai
Deshnoke,27.79836,73.34297,18470,Rajasthan,Bikaner District
Dergaon,26.7,93.96667,20059,Assam,Golaghat
Dera Mandi,28.43597,77.17601,16725,Delhi,South Delhi
Dera Nanak,32.03733,75.02787,7491,Punjab,Gurdaspur
Depalpur,22.85095,75.54224,17474,Madhya Pradesh,Indore
Deori Khas,23.39017,79.0163,25632,Madhya Pradesh,Sagar
Deoria,26.50167,83.77936,129570,Uttar Pradesh,Deoria
Deori,21.45,82.61667,12286,Chhattisgarh,Baloda Bazar
Deori,21.06765,80.36746,14579,Maharashtra,Gondiya
Deoranian,28.62989,79.47648,19788,Uttar Pradesh,Bareilly
Deoli,20.6492,78.48023,19288,Maharashtra,Wardha
Deolali,19.94404,73.83441,54027,Maharashtra,Nashik Division
Deolali,19.47393,74.62063,30997,Maharashtra,Ahmadnagar
Deokar,21.56667,81.31667,6358,Chhattisgarh,Bemetara
Deoghar,24.48983,86.69902,203123,Jharkhand,Deogarh
Deogarh,21.53827,84.73337,22390,Odisha,Debagarh
Deoband,29.69505,77.67964,88171,Uttar Pradesh,District Saharanpur
Denkanikota,12.5301,77.78887,24252,Tamil Nadu,Krishnagiri
Delvada,20.77544,71.04646,11912,Gujarat,Gir Somnath
Delhi Cantonment,28.6,77.13333,110351,Delhi,New Delhi
Delhi,28.65195,77.23149,11034555,Delhi,
Dekan,24.70638,75.1044,7951,Madhya Pradesh,Neemuch
Dehu,18.71851,73.76635,6133,Maharashtra,Pune Division
Dehradun,30.32443,78.03392,522081,Uttarakhand,Dehradun
Dahi,22.11217,74.5879,8509,Madhya Pradesh,Dhar
Dediapada,21.62769,73.59026,9026,Gujarat,Narmada
Debipur,24.25029,88.61824,9613,West Bengal,Murshidabad
Davrapada,18.7961,73.07783,5389,Maharashtra,Raigarh
Davorlim,15.27221,73.99242,15350,Goa,South Goa
Davangere,14.46693,75.92694,435128,Karnataka,Davanagere
Dausa,26.89,76.33584,85960,Rajasthan,Dausa
Daurala,29.11344,77.70467,10915,Uttar Pradesh,Meerut
Daund,18.46515,74.58375,49450,Maharashtra,Pune Division
Daulatpur,25.32605,88.32989,7620,West Bengal,Dakshin Dinajpur
Daulatabad,19.93611,75.22148,10000,Maharashtra,Aurangabad
Daudnagar,25.03473,84.40095,52364,Bihar,Aurangabad
Dattapur,20.78075,78.1407,21763,Maharashtra,Amravati Division
Datia,25.67312,78.45908,100284,Madhya Pradesh,Datia
Dataganj,28.0253,79.40819,24562,Uttar Pradesh,Budaun
Dasuya,31.81679,75.6531,25192,Punjab,Hoshiarpur
Daspalla,20.33962,84.84723,6906,Odisha,Nayagarh District
Dasna,28.67736,77.52252,27926,Uttar Pradesh,Ghaziabad
Daryapur,20.92489,77.32644,36463,Maharashtra,Amravati Division
Darwha,20.31017,77.77257,25791,Maharashtra,Yavatmal
Darsi,15.76978,79.67939,33418,Andhra Pradesh,Prakasam
Darjiling,27.03333,88.26667,123797,West Bengal,Darjeeling
Daringbarhi,19.90703,84.12408,6995,Odisha,Kandhamal
Dariawad,24.10119,74.44311,11368,Rajasthan,Pratapgarh
Darbhanga,26.15216,85.89707,296039,Bihar,Darbhanga
Dapoli,17.75927,73.18816,15713,Maharashtra,Ratnagiri
Dantewara,18.88881,81.35068,13633,Chhattisgarh,Dakshin Bastar Dantewada
Danta,27.29636,75.18665,15594,Rajasthan,Sikar District
Dankaur,28.35121,77.55508,13020,Uttar Pradesh,Gautam Buddha Nagar
Dandeli,15.26667,74.61667,52295,Karnataka,Uttar Kannada
Dinapore,25.63705,85.04794,152940,Bihar,Patna
Damoh,23.83312,79.4419,139561,Madhya Pradesh,Damoh
Damnagar,21.69232,71.51747,17766,Gujarat,Amreli
Daman,20.41431,72.83236,44282,Dadra and Nagar Haveli and Daman and Diu,Daman District
Medininagar,24.03971,84.0658,78396,Jharkhand,Palamu
Dalsingh Sarai,25.66795,85.83636,23862,Bihar,Samastipur
Dalmau,26.06477,81.0298,11432,Uttar Pradesh,District Raebareli
Dalkola,25.87577,87.84009,15285,West Bengal,Uttar Dinajpur
Dalhousie,32.55219,75.94663,7601,Himachal Pradesh,Chamba
Dakor,22.75268,73.14967,25658,Gujarat,Kheda
Dohad,22.83283,74.25986,118846,Gujarat,Dohad
Dahegam,23.16903,72.82161,42632,Gujarat,Gandhinagar
Dahanu,19.96778,72.71263,50287,Maharashtra,Palghar
Dadri,28.55257,77.55403,70609,Uttar Pradesh,Gautam Buddha Nagar
Dadra,20.32504,72.96618,13039,Dadra and Nagar Haveli and Daman and Diu,Dadra & Nagar Haveli
Dabwali,29.94906,74.73832,62113,Haryana,Sirsa
Dabra,25.88572,78.33221,61277,Madhya Pradesh,Gwalior
Dabra,21.78036,83.08237,7854,Chhattisgarh,Sakti
Dabolim,15.39911,73.8559,6700,Goa,South Goa
Daboh,26.00239,78.87658,18298,Madhya Pradesh,Bhind
Dabhol,17.58971,73.18001,9142,Maharashtra,Ratnagiri
Dabhoi,22.18333,73.43333,56253,Gujarat,Vadodara
Dabhel,20.40953,72.88339,52578,Dadra and Nagar Haveli and Daman and Diu,Daman District
Cuttack,20.46497,85.87927,610189,Odisha,Cuttack
Curtorim,15.27563,74.02158,12886,Goa,South Goa
Curti,15.41667,74.01667,16385,Goa,North Goa
Curchorem,15.26349,74.10875,22730,Goa,South Goa
Cuncolim,15.1773,73.99392,16623,Goa,South Goa
Cumbum,15.58171,79.11059,22653,Andhra Pradesh,Prakasam
Kadapa,14.47995,78.82346,344893,Andhra Pradesh,YSR district
Cuddalore,11.75617,79.76693,173636,Tamil Nadu,Cuddalore
Covelong,12.78653,80.25065,8124,Tamil Nadu,Chengalpattu district
Cortalim,15.40247,73.90881,9080,Goa,South Goa
Coonoor,11.34979,76.79375,45494,Tamil Nadu,Nilgiris
Kundapura,13.63126,74.6902,30444,Karnataka,Udupi
Colva,15.27976,73.92285,12000,Goa,South Goa
Colovale,15.63522,73.82426,5723,Goa,North Goa
Colonelganj,27.13432,81.69868,25503,Uttar Pradesh,Gonda
Colgong,25.26328,87.23264,33700,Bihar,Bhagalpur
Calangute,15.5439,73.7553,17446,Goa,North Goa
Coimbatore,11.00555,76.96612,2136916,Tamil Nadu,Coimbatore
Kochi,9.93988,76.26022,633553,Kerala,Ernakulam
Clement Town,30.26361,78.00862,20806,Uttarakhand,Dehradun
Churu,28.30415,74.96718,120157,Rajasthan,Churu District
Churachandpur,24.33353,93.66999,47774,Manipur,Churachandpur
Chunar,25.12776,82.8821,36459,Uttar Pradesh,Mirzapur
Vikasnagar,30.46944,77.77275,13055,Uttarakhand,Dehradun
Chuganwan,31.70567,74.66335,5416,Punjab,Amritsar
Chotila,22.42347,71.19641,21364,Gujarat,Surendranagar
Chorwad,21.02947,70.23302,22720,Gujarat,Junagadh
Churhat,24.42743,81.66948,14962,Madhya Pradesh,Sidhi
Chopda,21.24578,75.29946,72783,Maharashtra,Jalgaon
Chopan,24.51954,83.02287,13585,Uttar Pradesh,Sonbhadra
Sholavandan,10.0216,77.96087,22578,Tamil Nadu,Madurai
Cholapuram,9.35193,77.56839,6557,Tamil Nadu,Tenkasi district
Chodavaram,17.82884,82.93526,29000,Andhra Pradesh,Anakapalli
Rampachodavaram,17.44088,81.77558,25074,Andhra Pradesh,Alluri Sitharama Raju
Chityal,17.2316,79.12814,13752,Telangana,Nalgonda District
Chittur,10.69967,76.7471,32298,Kerala,Palakkad district
Chittoor,13.21055,79.0956,160722,Andhra Pradesh,Chittoor
Chittorgarh,24.88963,74.62403,116406,Rajasthan,Chittaurgarh
Chittaranjan,23.85681,86.90324,45305,West Bengal,Paschim Bardhaman
Chittarkonda,18.12533,82.1089,7260,Odisha,Malkangiri
Chitradurga,14.22262,76.40038,145853,Karnataka,Chitradurga
Chitarpur,23.57283,85.65355,22837,Jharkhand,Ramgarh
Chitapur,17.12357,77.0824,31299,Karnataka,Gulbarga
Chitalwana,24.90887,71.66066,8141,Rajasthan,Jalore
Chirgaon,25.57198,78.81432,14147,Uttar Pradesh,Jhansi
Chidawa,28.23937,75.64035,43953,Rajasthan,Jhunjhunu District
Chirala,15.82385,80.35219,92942,Andhra Pradesh,Bapatla
Chipurupalle,18.31142,83.56846,25898,Andhra Pradesh,Vizianagaram District
Chiplun,17.53339,73.50935,55139,Maharashtra,Ratnagiri
Chintapalle,17.87117,82.35108,7888,Andhra Pradesh,Alluri Sitharama Raju
Chintamani,13.40051,78.05172,76068,Karnataka,Chikkaballapur
Chinnur,18.85779,79.7956,23579,Telangana,Mancherial
Chinna Salem,11.63422,78.87412,25106,Tamil Nadu,Kallakurichi district
Chinnamanur,9.83999,77.38109,42305,Tamil Nadu,Theni
Chincholi,17.46508,77.41874,20897,Karnataka,Gulbarga
Chinchinim,15.21447,73.97555,7355,Goa,South Goa
Chinchani,19.87458,72.6851,14357,Maharashtra,Palghar
Chiman,30.0936,75.6875,11615,Punjab,Sangrur
Chillupar,26.28221,83.5064,20518,Uttar Pradesh,Gorakhpur
Chilakalurupet,16.08987,80.16705,101398,Andhra Pradesh,Palnadu
Chikodi,16.42898,74.58591,38307,Karnataka,Belgaum
Chiknayakanhalli,13.41609,76.62063,24292,Karnataka,Tumkur
Chikmagalur,13.32231,75.774,121484,Karnataka,Chikmagalur
Chikjajur,14.1267,76.14081,6236,Karnataka,Chitradurga
Chikiti,19.20233,84.6145,11645,Odisha,Ganjam
Chikhli,20.75751,73.06268,7480,Gujarat,Navsari
Chikhli,20.35046,76.25774,57889,Maharashtra,Buldhana
Chik Banavar,13.08217,77.50191,14409,Karnataka,Bangalore Urban
Chik Ballapur,13.43512,77.72787,63652,Karnataka,Chikkaballapur
Chikhaldara,21.40038,77.31865,5158,Maharashtra,Amravati Division
Chika,30.04891,76.343,38952,Haryana,Kaithal
Chidambaram,11.39933,79.69144,62153,Tamil Nadu,Cuddalore
Chicholi,22.0123,77.671,9282,Madhya Pradesh,Betul
Chicholi,21.46926,79.70151,18864,Maharashtra,Bhandara
Chichli,22.83363,78.82611,10225,Madhya Pradesh,Narsimhapur
Chicalim,15.39835,73.84216,7787,Goa,South Goa
Chhura,20.81123,82.20905,6095,Chhattisgarh,Gariyaband
Chhuikhadan,21.52316,80.99788,7093,Chhattisgarh,Khairgarh Chhuikhadan Gandai
Chhoti Sadri,24.38145,74.7012,18360,Rajasthan,Pratapgarh
Chhota Udepur,22.30401,74.0158,25787,Gujarat,Chhotaudepur
Chhindwara,22.05697,78.93958,175052,Madhya Pradesh,Chhindwara
Chhibramau,27.14872,79.50078,57071,Uttar Pradesh,Kannauj
Chhatarpur,28.49849,77.18254,46776,Delhi,South Delhi
Chhatarpur,24.9177,79.58871,142128,Madhya Pradesh,Chhatarpur
Chhatapur,26.21965,87.00479,23425,Bihar,Supaul
Chhata,27.72374,77.5081,21260,Uttar Pradesh,Mathura
Chharra,27.9247,78.40102,24535,Uttar Pradesh,Aligarh
Chhaprauli,29.20989,77.17454,19224,Uttar Pradesh,Baghpat
Chapra,25.78031,84.74709,202352,Bihar,Saran
Chhapera,23.89484,76.45378,8501,Madhya Pradesh,Rajgarh
Chhapar,27.819,74.43936,19744,Rajasthan,Churu District
Chhanera,21.96097,76.69494,22052,Madhya Pradesh,Khandwa district
Chhala,23.30779,72.77404,17323,Gujarat,Gandhinagar
Chhachhrauli,30.24492,77.36027,10751,Haryana,Yamunanagar
Chhabra,24.66472,76.84379,32285,Rajasthan,Baran
Cheyyur,12.34948,80.00304,11060,Tamil Nadu,Chengalpattu district
Chettipalaiyam,10.91248,77.03699,24080,Tamil Nadu,Coimbatore
Chetput,12.46399,79.3484,19827,Tamil Nadu,Tiruvannamalai
Chetput,13.07,80.24083,18326,Tamil Nadu,Chennai
Cheruthuruthi,10.74571,76.27449,13828,Kerala,Thrissur District
Cherrapunjee,25.30089,91.69619,11722,Meghalaya,East Khasi Hills
Cheranmahadevi,8.67547,77.56957,18327,Tamil Nadu,Tirunelveli Kattabo
Chennimalai,11.16378,77.60388,16268,Tamil Nadu,Erode
Chengannur,9.31575,76.61513,25043,Kerala,Alappuzha
Chengam,12.30889,78.79137,26980,Tamil Nadu,Tiruvannamalai
Chengalpattu,12.69184,79.97661,65689,Tamil Nadu,Chengalpattu district
Chelur,13.70762,78.09921,5911,Karnataka,Chikkaballapur
Chelakara,10.69289,76.34387,8936,Kerala,Thrissur District
Chechat,24.76667,75.88333,11690,Rajasthan,Kota
Chavara,8.96727,76.54188,42655,Kerala,Kollam
Chetwayi,10.52885,76.04793,38011,Kerala,Thrissur District
Chaurai,22.05459,79.25195,12956,Madhya Pradesh,Chhindwara
Chauparan,24.38699,85.2532,5361,Jharkhand,Hazaribag
Chaumu,27.16955,75.72226,64417,Rajasthan,Jaipur
Nangal Chaudhri,27.89275,76.11207,8538,Haryana,Mahendragarh
Chaksu,26.6051,75.94814,33432,Rajasthan,Jaipur
Chhatrapur,19.35574,84.98359,22027,Odisha,Ganjam
Chatra,24.20645,84.87085,49985,Jharkhand,Chatra
Chas,23.63556,86.16712,141640,Jharkhand,Bokaro
Charthawal,29.54687,77.59438,19942,Uttar Pradesh,Muzaffarnagar
Charkhi Dadri,28.59166,76.27161,56337,Haryana,Charki Dadri
Charkhari,25.40304,79.74877,24881,Uttar Pradesh,Mahoba
Charama,20.49318,81.36747,9707,Chhattisgarh,Uttar Bastar Kanker
Chapar,26.27266,90.44556,20322,Assam,Dhubri
Chantongia,26.54588,94.6856,7532,Nagaland,Mokokchung
Channarayapatna,12.90642,76.38775,40417,Karnataka,Hassan
Channapatna,12.65143,77.20672,71942,Karnataka,Ramanagara
Channagiri,14.02399,75.92577,21313,Karnataka,Davanagere
Changsari,26.26433,91.6839,5354,Assam,Kamrup
Changanacheri,9.44203,76.53604,51430,Kerala,Kottayam
Chandwa,23.67558,84.74009,12046,Jharkhand,Latehar
Chandor,20.3306,74.24467,25341,Maharashtra,Nashik Division
Chandur Bazar,21.23853,77.74713,18780,Maharashtra,Amravati Division
Chandur,20.81408,77.98015,19776,Maharashtra,Amravati Division
Chandur,19.73444,79.17167,26755,Maharashtra,Chandrapur
Chanda,19.95076,79.29523,328351,Maharashtra,Chandrapur
Chandrakona,22.73333,87.51667,21855,West Bengal,Paschim Medinipur
Chandpur,29.13489,78.27187,73555,Uttar Pradesh,Bijnor
Chandpur,19.94307,85.40722,5565,Odisha,Nayagarh District
Chandla,25.07148,80.19294,12838,Madhya Pradesh,Chhatarpur
Chandigarh,30.73629,76.7884,970602,Chandigarh,Chandigarh
Chandia,23.65647,80.70911,15891,Madhya Pradesh,Umaria District
Chanderi,24.71312,78.13809,33081,Madhya Pradesh,Ashoknagar
Chandbali,20.77519,86.74139,9918,Odisha,Bhadrak
Chanduasi,28.45178,78.78277,112635,Uttar Pradesh,Sambhal
Chandauli,25.25803,83.26825,25035,Uttar Pradesh,Chandauli District
Chandarun,26.92696,74.33551,10655,Rajasthan,Nagaur District
Chandannagar,22.86225,88.36796,180623,West Bengal,Hugli
Chanasma,23.71472,72.11279,15932,Gujarat,Patan
Chanari,24.9156,83.79684,6569,Bihar,Rohtas
Chamrajnagar,11.92312,76.93949,69875,Karnataka,Chamrajnagar
Champua,22.06734,85.66463,10394,Odisha,Kendujhar
Champa,22.03532,82.64234,45256,Chhattisgarh,Janjgir-Champa
Chamkor,30.89748,76.41539,13920,Punjab,Rupnagar
Chamba,32.55531,76.12647,21502,Himachal Pradesh,Chamba
Challapalle,16.11756,80.93139,16841,Andhra Pradesh,Krishna
Challakere,14.318,76.65165,55194,Karnataka,Chitradurga
Chalisgaon,20.45781,75.01596,97551,Maharashtra,Jalgaon
Chalala,21.41073,71.16621,17081,Gujarat,Amreli
Chakulia,22.48301,86.71793,16306,Jharkhand,Purba Singhbhum
Chakradharpur,22.67611,85.62892,56531,Jharkhand,Pashchim Singhbhum
Chaklasi,22.6532,72.94497,39581,Gujarat,Kheda
Chakia,26.41598,85.04665,20686,Bihar,Purba Champaran
Chakia,25.04891,83.22155,14999,Uttar Pradesh,Chandauli District
Chakan,18.76059,73.86351,41113,Maharashtra,Pune Division
Chakai,24.5493,86.39777,11525,Bihar,Jamui
Chail,25.42654,81.63198,8407,Uttar Pradesh,Kaushambi District
Chaibasa,22.55038,85.80249,69565,Jharkhand,Pashchim Singhbhum
Chachaura,24.17583,76.99957,21860,Madhya Pradesh,Guna
Chabua,27.48253,95.17451,8966,Assam,Dibrugarh
Cavelossim,15.17255,73.94194,11983,Goa,South Goa
Carapur,15.56588,73.98713,5575,Goa,North Goa
Canning,22.31399,88.66508,42132,West Bengal,South 24 Parganas
Kannur,11.86752,75.35763,62836,Kerala,Kannur
Candolim,15.51807,73.76259,9197,Goa,North Goa
Kolkata,22.56263,88.36304,4631392,West Bengal,Kolkata
Byadgi,14.67325,75.4868,30014,Karnataka,Haveri
Buxar,25.57548,83.98043,102861,Bihar,Buxar
Burla,21.50976,83.87259,46698,Odisha,Sambalpur
Buriya,30.15911,77.35814,10903,Haryana,Yamunanagar
Burhar,23.21494,81.53204,19289,Madhya Pradesh,Shahdol
Burhanpur,21.30868,76.23026,210886,Madhya Pradesh,Burhanpur
Bungal,32.31388,75.74908,5257,Punjab,Pathankot
Bundu,23.16095,85.59007,21054,Jharkhand,Ranchi
Bundi,25.43855,75.63735,104919,Rajasthan,Bundi District
Buldana,20.52933,76.18457,67431,Maharashtra,Buldhana
Bulandshahr,28.40392,77.85773,198612,Uttar Pradesh,Bulandshahr
Buguda,19.80806,84.79084,15176,Odisha,Ganjam
Budhlada,29.92799,75.56205,26172,Punjab,Mansa
Budhana,29.28805,77.47534,35442,Uttar Pradesh,Muzaffarnagar
Budaun,28.03811,79.12668,161555,Uttar Pradesh,Budaun
Bramhapuri,20.61107,79.86103,36025,Maharashtra,Chandrapur
Bramhabarada,20.7426,86.24454,10721,Odisha,Jajpur
Brajarajnagar,21.81667,83.91667,80403,Odisha,Jharsuguda District
Brahmapur,19.31151,84.7929,356598,Odisha,Ganjam
Barmhan Kalan,23.0346,79.02092,8143,Madhya Pradesh,Narsimhapur
Botad,22.16917,71.66671,130327,Gujarat,Botad
Borsad,22.40788,72.89817,63377,Gujarat,Anand
Borlai Panchaitan,18.17005,73.00439,6952,Maharashtra,Raigarh
Borla,22.16399,81.21855,5689,Chhattisgarh,Kabeerdham
Borivli,19.23496,72.85976,609617,Maharashtra,Mumbai Suburban
Borio,25.03443,87.59252,6964,Jharkhand,Sahibganj
Borim,15.36667,74.0,8257,Goa,North Goa
Borigumma,19.04681,82.55318,9785,Chhattisgarh,
Bori,20.91208,79.0045,12072,Maharashtra,Nagpur Division
Borawar,27.02366,74.67579,24975,Rajasthan,Nagaur District
Bora,23.65851,76.81116,9886,Madhya Pradesh,Rajgarh
Bongaigaon,26.47703,90.55815,67322,Assam,Bongaigaon
Bomdila,27.26475,92.42472,8370,Arunachal Pradesh,West Kameng
Mumbai,19.07283,72.88261,12691836,Maharashtra,
Bolpur,23.66278,87.69695,70998,West Bengal,Birbhum
Bolanikhodan,22.11312,85.33645,11942,Odisha,Kendujhar
Bokaro,23.66934,86.15161,564319,Jharkhand,Bokaro
Bokakhat,26.64018,93.60052,10143,Assam,Golaghat
Bokajan,26.02131,93.77945,19877,Assam,Karbi Anglong
Boisar,19.80362,72.75598,36151,Maharashtra,Palghar
Bodri,23.16524,81.43262,14491,Madhya Pradesh,Shahdol
Bodinayakkanur,10.01171,77.34976,75680,Tamil Nadu,Theni
Bodh Gaya,24.69808,84.9869,38439,Bihar,Gaya
Bodhan,18.66208,77.88581,77573,Telangana,Nizamabad
Bobbili,18.57366,83.35925,56819,Andhra Pradesh,Vizianagaram District
Bithur,26.60664,80.27098,10602,Uttar Pradesh,Kanpur
Biswan,27.49581,80.99618,52516,Uttar Pradesh,Sitapur
Bissau,28.24737,75.07666,23227,Rajasthan,Jhunjhunu District
Bissamcuttack,19.51168,83.50596,8399,Odisha,Rayagada
Bishrampur,24.25299,83.92502,42925,Jharkhand,Palamu
Bishnupur,23.0738,87.31991,64041,West Bengal,Bankura
Bishnah,32.6106,74.85557,11645,Jammu and Kashmir,Jammu
Bisenda Buzurg,25.4035,80.61889,11100,Uttar Pradesh,District Banda
Bisauli,28.30772,78.93678,32154,Uttar Pradesh,Budaun
Bisalpur,28.29253,79.80472,68355,Uttar Pradesh,District Pilibhit
Bisalgarh,23.67595,91.28325,21085,Tripura,Sepahijala
Birvadi,18.1019,73.50803,8829,Maharashtra,Raigarh
Birur,13.59723,75.97167,23493,Karnataka,Chikmagalur
Birpur,26.50823,87.01194,19932,Bihar,Supaul
Birmitrapur,22.4,84.76667,33442,Odisha,Sundargarh
Birbhaddar,30.0712,78.28189,13058,Uttarakhand,Dehradun
Beed,18.98921,75.75634,146709,Maharashtra,Bid
Binika,21.02626,83.81197,15765,Odisha,Subarnapur
Bindki,26.03613,80.57617,36058,Uttar Pradesh,Fatehpur
Etawa,24.18351,78.20289,55185,Madhya Pradesh,Sagar
Bilthra,26.12705,83.89148,17228,Uttar Pradesh,Ballia
Bilsi,28.12941,78.9109,26320,Uttar Pradesh,Budaun
Bilsanda,28.24341,79.95135,15538,Uttar Pradesh,District Pilibhit
Biloli,18.77385,77.72463,14923,Maharashtra,Nanded
Bilkha,21.4415,70.60063,14421,Gujarat,Junagadh
Bilimora,20.76957,72.96134,510879,Gujarat,Navsari
Bilhaur,26.84345,80.06388,19333,Uttar Pradesh,Kanpur
Bilgram,27.17509,80.03201,27173,Uttar Pradesh,Hardoi
Bilgi,16.34714,75.61804,17792,Karnataka,Bagalkot
Bilaua,26.05008,78.27522,12893,Madhya Pradesh,Gwalior
Bilaspur,31.33027,76.75663,14037,Himachal Pradesh,Bilaspur
Bilaspur,30.3045,77.30424,11733,Haryana,Yamunanagar
Bilaspur,28.88655,79.2703,39873,Uttar Pradesh,District Rampur
Bilaspur,28.39128,77.62421,8036,Uttar Pradesh,Gautam Buddha Nagar
Bilaspur,22.08005,82.15543,365579,Chhattisgarh,Bilaspur
Bilasipara,26.23285,90.2341,37739,Assam,Dhubri
Bilariaganj,26.19593,83.2269,13244,Uttar Pradesh,Azamgarh
Bilari,28.62146,78.80361,29666,Uttar Pradesh,Moradabad
Bilara,26.18067,73.7055,41710,Rajasthan,Jodhpur
Bilaigarh,21.63809,82.72354,5544,Chhattisgarh,Sarangarh Bilaigarh
Bikramganj,25.21073,84.25508,48465,Bihar,Rohtas
Bikram,25.44708,84.86261,22486,Bihar,Patna
Bikkatti,11.27721,76.62568,5864,Tamil Nadu,Nilgiris
Bikapur,26.59534,82.13272,13177,Uttar Pradesh,Ayodhya
Bikaner,28.01762,73.31495,644406,Rajasthan,Bikaner District
Bijrauni,24.93296,77.64352,5743,Madhya Pradesh,Shivpuri
Bijolia,25.16095,75.32328,14140,Rajasthan,Bhilwara District
Bijnor,29.373,78.13636,84593,Uttar Pradesh,Bijnor
Bijni,26.49588,90.70298,13257,Assam,Chirang
Bijeraghogarh,23.99554,80.60657,8371,Madhya Pradesh,Katni
Bijepur,21.18926,83.46061,6922,Odisha,Baragarh
Bijbehara,33.79378,75.107,24590,Jammu and Kashmir,Anantnag
Bijawar,24.62351,79.48994,20513,Madhya Pradesh,Chhatarpur
Bijapur,18.79387,80.81599,16129,Chhattisgarh,Bijapur
Vijayapura,16.82442,75.71537,327427,Karnataka,Bijapur
Bijaipur,26.05052,77.37138,16964,Madhya Pradesh,Sheopur
Bijaynagar,25.92976,74.64916,32124,Rajasthan,Ajmer
Bihta,25.55885,84.87141,47549,Bihar,Patna
Bihpuriagaon,27.01718,93.91673,11780,Assam,Lakhimpur
Bihar Sharif,25.20084,85.52389,297268,Bihar,Nalanda
Bihariganj,25.73415,86.98837,32805,Bihar,Madhepura
Bighapur Khurd,26.34734,80.65698,6409,Uttar Pradesh,District Unnao
Bidhuna,26.80172,79.50829,27158,Uttar Pradesh,Auraiya
Bidasar,27.83598,74.31776,35683,Rajasthan,Churu District
Bidar,17.90802,77.51524,216020,Karnataka,Bidar
Bidadi,12.7993,77.38655,9917,Karnataka,Ramanagara
Bichhia,22.45047,80.70236,10427,Madhya Pradesh,Mandla
Bibinagar,17.47277,78.79596,8320,Telangana,Yadadri Bhuvanagiri
Biaora,23.9205,76.91074,49093,Madhya Pradesh,Rajgarh
Kil Bhuvanagiri,11.44216,79.64763,21956,Tamil Nadu,Cuddalore
Boothapandi,8.26586,77.44606,15931,Tamil Nadu,Kanniyakumari
Bhusawal,21.04365,75.78506,187421,Maharashtra,Jalgaon
Bhundsi,28.35051,77.06144,17410,Haryana,Gurugram district
Bhuma,27.78333,74.93333,5743,Rajasthan,Sikar District
Bhoom,18.45908,75.65877,18561,Maharashtra,Osmanabad
Bhuj,23.25397,69.66928,148834,Gujarat,Kutch
Bhudgaon,16.90742,74.59954,15738,Maharashtra,Sangli
Bhubaneswar,20.27241,85.83385,885363,Odisha,Khordha
Bhuban,20.88197,85.83334,22200,Odisha,Dhenkanal
Bhowali,29.38985,79.50481,5685,Uttarakhand,Nainital
Bhor,18.14861,73.84336,18982,Maharashtra,Pune Division
Bhopal,23.25469,77.40289,1798218,Madhya Pradesh,Bhopal
Bhonrasa,22.99303,76.2098,12166,Madhya Pradesh,Dewas
Bhongir,17.51544,78.88563,53339,Telangana,Yadadri Bhuvanagiri
Bhongaon,27.25515,79.18118,29911,Uttar Pradesh,Mainpuri
Bhulath Gharbi,31.54279,75.50755,10669,Punjab,Kapurthala
Bhokardan,20.2583,75.76997,24416,Maharashtra,Jalna
Bhokar,19.21933,77.66962,32899,Maharashtra,Nanded
Bhojudih,23.63962,86.44105,9109,Jharkhand,Bokaro
Bhogpur,31.55442,75.64271,18008,Punjab,Jalandhar
Bhiwani,28.79304,76.13968,196057,Haryana,Bhiwani
Bhiwandi,19.30023,73.05881,874032,Maharashtra,Thane
Bhitarwar,25.79216,78.11085,19096,Madhya Pradesh,Gwalior
Bhinmal,24.99944,72.27141,47932,Rajasthan,Jalore
Bhinga,27.70283,81.9343,22016,Uttar Pradesh,Shrawasti
Bhindar,24.50235,74.18551,17878,Rajasthan,Udaipur
Bhind,26.56671,78.78728,197585,Madhya Pradesh,Bhind
Bhimunipatnam,17.89017,83.45203,55082,Andhra Pradesh,Visakhapatnam
Bhim Tal,29.34447,79.56336,6625,Uttarakhand,Nainital
Bhimpur,20.45,72.88333,10936,Dadra and Nagar Haveli and Daman and Diu,Daman District
Bhimavaram,16.54078,81.52322,146961,Andhra Pradesh,West Godavari
Bhim,25.73804,74.08013,11568,Rajasthan,Rajsamand
Bhilwara,25.34707,74.64081,359483,Rajasthan,Bhilwara District
Bhiloda,23.7676,73.24704,16074,Gujarat,Arvalli
Bhilai,21.20919,81.4285,627734,Chhattisgarh,Durg
Bhikkiwind Uttar,31.34943,74.70271,20526,Punjab,Tarn Taran
Bhikhi,30.05918,75.535,17825,Punjab,Mansa
Bhikangaon,21.86764,75.96391,16217,Madhya Pradesh,Khargone
Bhigvan,18.3007,74.76701,8753,Maharashtra,Pune Division
Bhetia,22.79321,86.14098,174355,Jharkhand,Saraikela
Bheraghat,23.13168,79.80107,6657,Madhya Pradesh,Jabalpur
Bhelai,22.3093,82.60953,27158,Chhattisgarh,Korba
Bhayavadar,21.85523,70.24791,19458,Gujarat,Rajkot
Bhayandar,19.30157,72.85107,809378,Maharashtra,Thane
Bhawanipatna,19.90717,83.16697,69045,Odisha,Kalahandi
Bhawanigarh,30.26685,76.03854,22320,Punjab,Sangrur
Bhawani Mandi,24.41582,75.83552,42283,Madhya Pradesh,Mandsaur
Bhavnagar,21.76287,72.15331,605882,Gujarat,Bhavnagar
Bhavani,11.44553,77.68215,39744,Tamil Nadu,Erode
Bhattiprolu,16.1026,80.78074,18001,Andhra Pradesh,Bapatla
Bhatpara,22.86643,88.40113,483129,West Bengal,North 24 Parganas
Bhatkal,13.98534,74.55531,32000,Karnataka,Uttar Kannada
Bathinda,30.20747,74.93893,285788,Punjab,Bathinda
Bhatgaon,21.15,81.7,8044,Chhattisgarh,Raipur
Bhatapara,21.735,81.94711,57537,Chhattisgarh,Baloda Bazar
Bhusawar,27.03895,77.04849,19946,Rajasthan,Bharatpur
Bharweli,21.83732,80.22706,10357,Madhya Pradesh,Balaghat
Bharwari,25.56078,81.49164,16411,Uttar Pradesh,Kaushambi District
Bharuch,21.69482,72.9805,169007,Gujarat,Bharuch
Bharthana,26.75231,79.2218,41055,Uttar Pradesh,District Etawah
Bharatpur,27.21731,77.49009,252838,Rajasthan,Bharatpur
Bhanvad,21.93053,69.78081,22142,Gujarat,Devbhumi Dwarka
Bhanpuri,21.0919,80.93218,17270,Chhattisgarh,Raj Nandgaon
Bhanpura,24.513,75.7469,21013,Madhya Pradesh,Mandsaur
Bhanjanagar,19.92719,84.58201,20647,Odisha,Ganjam
Bhander,25.73581,78.74555,25204,Madhya Pradesh,Datia
Bhandara,21.16817,79.64885,91845,Maharashtra,Bhandara
Bhalki,18.04348,77.206,40333,Karnataka,Bidar
Bhakhara,20.89953,81.60284,7547,Chhattisgarh,Dhamtari
Bhaisa,19.11285,77.96336,49764,Telangana,Nirmal
Bhairamgarh,19.00641,81.05917,9026,Chhattisgarh,Bijapur
Bhainsdehi,21.64491,77.63023,16400,Madhya Pradesh,Betul
Bhagwantnagar,26.22383,80.7575,6596,Uttar Pradesh,District Unnao
Bhagalpur,25.24446,86.97183,400146,Bihar,Bhagalpur
Bhadson,30.50666,76.24707,7260,Punjab,Patiala
Bhadreswar,22.82449,88.33841,121662,West Bengal,Hugli
Bhadravati,13.84846,75.70502,163903,Karnataka,Shimoga
Bhadrak,21.05447,86.5156,121338,Odisha,Bhadrak
Bhadrachalam,17.66846,80.88887,50087,Telangana,Bhadradri Kothagudem
Bhadra,29.10298,75.17138,40662,Rajasthan,Hanumangarh
Bhadohi,25.39526,82.5703,78568,Uttar Pradesh,Bhadohi
Bhadgaon,20.66905,75.22937,37214,Maharashtra,Jalgaon
Bhadaur,30.47651,75.33049,18561,Punjab,Barnala
Bhadasar,28.31457,74.28952,33006,Rajasthan,Churu District
Bhadarwah,32.97941,75.71723,13429,Jammu and Kashmir,Doda
Bhachau,23.29858,70.34279,39532,Gujarat,Kutch
Bhabhua,25.04049,83.60749,50179,Bihar,Kaimur District
Bhabhra,22.53048,74.32846,10968,Madhya Pradesh,Alirajpur
Bhabhar,24.07165,71.59745,21894,Gujarat,Banas Kantha
Beypore,11.17151,75.80611,70751,Kerala,Kozhikode
Bewar,27.21869,79.29761,23280,Uttar Pradesh,Mainpuri
Betul Bazar,21.85572,77.92913,10630,Madhya Pradesh,Betul
Betul,21.90056,77.90229,103330,Madhya Pradesh,Betul
Bettiah,26.80229,84.50311,132209,Bihar,Pashchim Champaran
Bethamangala,13.00846,78.32824,10413,Karnataka,Kolar
Betma,22.68653,75.61456,15999,Madhya Pradesh,Indore
Betamcherla,15.45144,78.14797,38994,Andhra Pradesh,Nandyal
Beswan,27.63792,77.88019,5897,Uttar Pradesh,Aligarh
Berla,21.52585,81.4784,5165,Chhattisgarh,Bemetara
Beriwala,28.70463,72.64192,11831,Rajasthan,Bikaner District
Beri Khas,28.70146,76.57708,16727,Haryana,Jhajjar
Berhait,24.88997,87.60728,9753,Jharkhand,Sahibganj
Berasia,23.63134,77.43351,30951,Madhya Pradesh,Bhopal
Beohari,24.02423,81.37831,24545,Madhya Pradesh,Shahdol
Beniganj,27.29293,80.44364,10418,Uttar Pradesh,Hardoi
Benaulim,15.26435,73.92812,11919,Goa,South Goa
Bemetara,21.71556,81.53423,28536,Chhattisgarh,Bemetara
Belur,13.16558,75.86519,22484,Karnataka,Hassan
Belur,11.70752,78.41437,9281,Tamil Nadu,Salem
Beltangadi,13.98333,75.3,7676,Karnataka,Shimoga
Belsand,26.44365,85.40076,20566,Bihar,Sitamarhi
Belonia,23.25178,91.45407,19996,Tripura,South Tripura
Belluru,12.9814,76.73308,7626,Karnataka,Mandya
Ballari,15.14205,76.92398,410445,Karnataka,Ballari
Beliator,23.32052,87.22081,6014,West Bengal,Bankura
Belagavi,15.85212,74.50447,490045,Karnataka,Belgaum
Beldanga,23.93428,88.26018,27489,West Bengal,Murshidabad
Belaguntha,19.88249,84.63801,11297,Odisha,Ganjam
Bela,25.92058,81.99629,73992,Uttar Pradesh,District Pratapgarh
Behror,27.88832,76.28108,29531,Rajasthan,Alwar
Behat,30.1718,77.6139,18223,Uttar Pradesh,District Saharanpur
Begusarai,25.41853,86.13389,252008,Bihar,Begusarai
Begun,24.98333,75.0,20836,Rajasthan,Chittaurgarh
Begowal,31.61152,75.52135,10175,Punjab,Kapurthala
Begamganj,23.59917,78.34064,34031,Madhya Pradesh,Raisen
Bedla,24.63447,73.69461,5766,Rajasthan,Udaipur
Bedi,22.50143,70.04363,21327,Gujarat,Jamnagar
Bed,22.43103,69.89983,8229,Gujarat,Jamnagar
Beawar,26.10119,74.32028,151152,Rajasthan,Ajmer
Bazpur,29.15299,79.10814,23900,Uttarakhand,Udham Singh Nagar
Bayana,26.90791,77.28985,38502,Rajasthan,Bharatpur
Bayad,23.2234,73.21491,17886,Gujarat,Arvalli
Bawani Khera,28.94919,76.03108,20289,Haryana,Bhiwani
Bawana,28.7982,77.03431,73680,Delhi,North Delhi
Bawal,28.07184,76.58312,16776,Haryana,Rewari District
Baud,20.83773,84.32618,20424,Odisha,Baudh
Batala,31.80921,75.20294,158621,Punjab,Gurdaspur
Baswa,27.14955,76.58345,22515,Rajasthan,Dausa
Basugaon,26.46742,90.41951,13849,Assam,Chirang
Basudebpur,21.11974,86.72896,33690,Odisha,Bhadrak
Basti,26.78817,82.71617,115115,Uttar Pradesh,Basti
Bastar,19.20306,81.92959,10048,Chhattisgarh,Bastar
Basoda,23.85153,77.93652,78289,Madhya Pradesh,Vidisha
Basni,27.17232,73.64519,29187,Rajasthan,Nagaur District
Basna,21.27885,82.8267,10345,Chhattisgarh,Mahasamund
Basmat,19.32872,77.15746,68846,Maharashtra,Hingoli
Basirhat City,22.66142,88.85477,143007,West Bengal,North 24 Parganas
Basi,30.6885,76.40111,20288,Punjab,Fatehgarh Sahib
Basi,30.58813,76.84498,26295,Punjab,Ajitgarh
Basi,26.8315,76.04856,26029,Rajasthan,Jaipur
Basavana Bagevadi,16.57278,75.97252,33198,Karnataka,Bijapur
Basavakalyan,17.87445,76.94972,69717,Karnataka,Bidar
Barwani,22.03232,74.89982,55504,Madhya Pradesh,Barwani
Barwala,29.36747,75.90809,43384,Haryana,Hisar
Barwah,22.25394,76.03853,26459,Madhya Pradesh,Khargone
Barwadih,23.8478,84.11049,7888,Jharkhand,Latehar
Baruni,25.47509,85.96813,84888,Bihar,Begusarai
Baruipur,22.36544,88.4325,53128,West Bengal,South 24 Parganas
Barsur,19.13556,81.38394,6636,Chhattisgarh,Dakshin Bastar Dantewada
Barshi,18.23454,75.69275,118722,Maharashtra,Solapur
Barsana,27.64802,77.3764,9815,Uttar Pradesh,Mathura
Barpeta,26.32293,91.00632,48824,Assam,Barpeta
Barpathar,26.28709,93.88844,7657,Assam,Golaghat
Barpali,21.19005,83.58721,20850,Odisha,Baragarh
Baroda,25.5,76.65,18437,Madhya Pradesh,Sheopur
Chhipa Barod,24.62361,76.70783,18837,Rajasthan,Baran
Barod,23.78891,75.81159,13834,Madhya Pradesh,Agar Malwa
Barnala,30.37451,75.5487,116449,Punjab,Barnala
Barnagar,23.0489,75.37804,36438,Madhya Pradesh,Ujjain
Barmer,25.74572,71.39211,96225,Rajasthan,Barmer District
Barkuhi,22.19011,78.70472,9895,Madhya Pradesh,Chhindwara
Barkot,30.80861,78.20596,7725,Uttarakhand,Uttarkashi
Barki Saria,24.17594,85.88938,24134,Jharkhand,Giridih
Barkhera Kalan,28.45209,79.80655,11209,Uttar Pradesh,District Pilibhit
Barka Kana,23.62118,85.46748,18475,Jharkhand,Ramgarh
Barjora,23.42754,87.29037,12294,West Bengal,Bankura
Barjala,23.6182,91.35596,17998,Tripura,Sepahijala
Bari Sadri,24.41339,74.47331,15713,Rajasthan,Chittaurgarh
Baripada,21.93458,86.72852,116849,Odisha,Mayurbhanj
Bariarpur,25.28791,86.57643,14595,Bihar,Munger
Bari,26.64661,77.61634,62721,Rajasthan,Dhaulpur
Barhiya,25.28814,86.02055,43045,Bihar,Lakhisarai
patamda,24.3,85.41667,10655,Jharkhand,Hazaribag
Barhi,23.90326,80.81516,13946,Madhya Pradesh,Katni
Barharwa,24.85711,87.77896,12617,Jharkhand,Sahibganj
Badamba,20.41912,85.34463,6284,Odisha,Cuttack
Barhagarh,19.64503,84.40791,6982,Odisha,Ganjam
Barh,25.48339,85.70928,61470,Bihar,Patna
Bargur,12.54288,78.35735,16366,Tamil Nadu,Krishnagiri
Bargi,22.99138,79.8755,17588,Madhya Pradesh,Jabalpur
Barghat,22.03065,79.7328,12100,Madhya Pradesh,Seoni
Bargarh,21.33348,83.61905,80625,Odisha,Baragarh
Bareli,23.00445,78.2301,34663,Madhya Pradesh,Raisen
Barela,23.09678,80.05084,12620,Madhya Pradesh,Jabalpur
Bareja,22.84863,72.59137,19690,Gujarat,Ahmadabad
Bareilly,28.36678,79.43167,745435,Uttar Pradesh,Bareilly
Bardoli,21.12297,73.11151,60821,Gujarat,Surat
Barddhaman,23.25572,87.85691,301725,West Bengal,Purba Bardhaman
Bar Bigha,25.21855,85.7332,41758,Bihar,Sheikhpura
Baraut,29.10199,77.26334,93544,Uttar Pradesh,Baghpat
Barauni,25.68514,78.37537,10309,Madhya Pradesh,Datia
Barauli,26.38109,84.58648,41877,Bihar,Gopalganj
Barauda,23.55753,75.24894,8700,Madhya Pradesh,Ratlam
Barasat,22.72154,88.48198,298127,West Bengal,North 24 Parganas
Baranagar,22.64132,88.37727,260072,West Bengal,North 24 Parganas
Baran,25.1,76.51667,117992,Rajasthan,Baran
Baramula,34.209,74.34285,77276,Jammu and Kashmir,Baramula
Baramkela,21.56494,83.26114,5600,Chhattisgarh,Sarangarh Bilaigarh
Baramati,18.15174,74.57767,54415,Maharashtra,Pune Division
Barakpur,22.76602,88.36336,148174,West Bengal,North 24 Parganas
Baragaon,25.47554,78.71224,8655,Uttar Pradesh,Jhansi
Baragaon,25.42936,82.81709,11362,Uttar Pradesh,Varanasi
Bara Bazar,22.56667,88.35,7985,West Bengal,Kolkata
Bapatla,15.90422,80.46743,70777,Andhra Pradesh,Bapatla
Baonli,26.32611,76.22829,15300,Rajasthan,Sawai Madhopur
Baola,22.82844,72.36364,42458,Gujarat,Ahmadabad
Banur,30.55407,76.71948,18775,Punjab,Ajitgarh
Bantval,12.8905,75.03489,40155,Karnataka,Dakshina Kannada
Bantva,21.48815,70.07576,15291,Gujarat,Junagadh
Banswara,23.54109,74.4425,101017,Rajasthan,Banswara District
Banswada,18.37725,77.88007,28384,Telangana,Kamareddy
Banskhoh,26.83089,76.15205,11150,Rajasthan,Jaipur
Bansi,27.17749,82.93442,39926,Uttar Pradesh,Siddharthnagar
Bansgaon,26.55032,83.34503,14282,Uttar Pradesh,Gorakhpur
Bansdih,25.88377,84.21827,21457,Uttar Pradesh,Ballia
Bansbaria,22.95387,88.40098,108474,West Bengal,Hugli
Banposh,22.24834,84.81044,10430,Odisha,Sundargarh
Bannur,12.33295,76.86201,25455,Karnataka,Mysore
Banmankhi,25.88857,87.19421,26806,Bihar,Purnia
Bankura,23.23241,87.0716,133966,West Bengal,Bankura
Banki,20.37912,85.52953,17521,Odisha,Cuttack
Bankapur,14.92295,75.26221,22529,Karnataka,Haveri
Banka,24.88091,86.92257,45977,Bihar,Banka
Bangomunda,20.34302,82.91136,5759,Odisha,Balangir
Bangarmau,26.8912,80.21149,37425,Uttar Pradesh,District Unnao
Bangarapet,12.99116,78.17804,44849,Karnataka,Kolar
Bangaon,26.41667,91.33333,5873,Assam,Nalbari
Bangaon,25.86728,86.51152,60000,Bihar,Saharsa
Bangaon,23.04553,88.83084,111693,West Bengal,North 24 Parganas
Banganapalle,15.31771,78.22669,25325,Andhra Pradesh,Nandyal
Bengaluru,12.97194,77.59369,8495492,Karnataka,Bangalore Urban
Banga,31.18874,75.99495,20906,Punjab,Shahid Bhagat Singh Nagar
Bonaigarh,21.82189,84.952,7080,Odisha,Sundargarh
Bandora,15.40823,73.98129,12819,Goa,North Goa
Bandipura,34.41728,74.64308,37081,Jammu and Kashmir,Bandipore
Bandikui,27.05087,76.57325,44664,Rajasthan,Dausa
Banda,25.47758,80.33491,152218,Uttar Pradesh,District Banda
Banda,24.04488,78.96094,30923,Madhya Pradesh,Sagar
Banda,15.81181,73.86118,6611,Maharashtra,Sindhudurg
Banavar,13.41029,76.16314,7827,Karnataka,Hassan
Banat,29.46355,77.35478,21580,Uttar Pradesh,Shamli
Banapur,19.77889,85.17033,17499,Odisha,Khordha
Bamor Kalan,24.89298,78.15105,27860,Madhya Pradesh,Shivpuri
Bamora,24.05539,78.08925,8493,Madhya Pradesh,Sagar
Bamna,23.09454,74.76164,9034,Madhya Pradesh,Jhabua
Bamhni,22.48221,80.37157,10266,Madhya Pradesh,Mandla
Bamboo Flat,11.7,92.71667,7962,Andaman and Nicobar,
Bambolim,15.46361,73.8531,6885,Goa,North Goa
Bamaur,26.33895,78.10104,32838,Madhya Pradesh,Morena
Balussheri,11.44738,75.82944,27363,Kerala,Kozhikode
Balurghat,25.22099,88.77732,153279,West Bengal,Dakshin Dinajpur
Balugaon,20.17838,85.11327,17238,Odisha,Nayagarh District
Balugan,19.73333,85.21667,17645,Odisha,Puri
Balrampur,27.42949,82.18545,77396,Uttar Pradesh,Balrampur
Balotra,25.83242,72.24,74496,Rajasthan,Barmer District
Baloda Bazar,21.65678,82.16062,26632,Chhattisgarh,Baloda Bazar
Baloda,22.1389,82.48171,13630,Chhattisgarh,Janjgir-Champa
Balod,20.73081,81.20578,23648,Chhattisgarh,Balod
Bali,22.64859,88.34115,296973,West Bengal,Haora
Ballia,25.42139,86.31445,47550,Bihar,Begusarai
Ballarpur,19.84696,79.34578,92146,Maharashtra,Chandrapur
Balimila,18.25167,82.10659,12008,Odisha,Malkangiri
Baliguda,20.19966,83.90938,16611,Odisha,Kandhamal
Bali Chak,22.36482,87.55304,12957,West Bengal,Paschim Medinipur
Bali,25.19725,73.29117,19880,Rajasthan,Pali District
Balasore,21.49266,86.93348,144373,Odisha,Baleshwar
Baldeogarh,24.75619,79.06715,9079,Madhya Pradesh,Tikamgarh
Baldev,27.40684,77.82214,10536,Uttar Pradesh,Mathura
Balarampur,23.09714,86.22292,22847,West Bengal,Puruliya
Balapur,20.66612,76.77386,44594,Maharashtra,Akola
Balangir,20.70419,83.49029,98238,Odisha,Balangir
Balagunda,22.1,85.36667,11708,Odisha,Kendujhar
Balaghat,21.8156,80.18845,84261,Madhya Pradesh,Balaghat
Balachor,31.06062,76.30166,21631,Punjab,Shahid Bhagat Singh Nagar
Buxwaha,24.25106,79.28618,10216,Madhya Pradesh,Chhatarpur
Bakhtiyarpur,25.46179,85.53179,34533,Bihar,Patna
Bakhri,25.59889,86.26074,40043,Bihar,Begusarai
Bakewar,26.66226,79.17625,14217,Uttar Pradesh,District Etawah
Bakani,24.28624,76.23709,9812,Rajasthan,Jhalawar District
Bajna,27.89793,77.67836,7673,Uttar Pradesh,Mathura
Budge Budge,22.48275,88.18176,76837,West Bengal,South 24 Parganas
Viratnagar,27.43538,76.18297,20568,Rajasthan,Jaipur
Bairagnia,26.74063,85.27323,42895,Bihar,Sitamarhi
Byndoor,13.86667,74.63333,20323,Karnataka,Udupi
Bail-Hongal,15.8137,74.85895,49182,Karnataka,Belgaum
Baikunthpur,23.26206,82.56051,28431,Chhattisgarh,Koriya
Baikunthpur,24.72768,81.40975,10282,Madhya Pradesh,Rewa
Baihar,22.10133,80.54967,16650,Madhya Pradesh,Balaghat
Baidyabati,22.78498,88.32586,115504,West Bengal,Hugli
Bahua,25.83942,80.62255,10243,Uttar Pradesh,Fatehpur
Bahsuma,29.20063,77.97221,11157,Uttar Pradesh,Meerut
Bahraigh,27.57429,81.59474,182218,Uttar Pradesh,Bahraich
Bahjoi,28.39502,78.62659,33752,Uttar Pradesh,Sambhal
Baheri,28.77416,79.4974,63953,Uttar Pradesh,Bareilly
Baharampur,24.10473,88.25155,180547,West Bengal,Murshidabad
Bahadurgarh,28.69287,76.93555,170767,Haryana,Jhajjar
Bahadurganj,26.26172,87.82443,36993,Bihar,Kishanganj
Bah,26.86912,78.59385,15359,Uttar Pradesh,Agra
Bagula,23.33664,88.64109,20999,West Bengal,Nadia
Bagra,23.73333,86.31667,11364,Jharkhand,Dhanbad
Bagli,22.64124,76.34877,10764,Madhya Pradesh,Dewas
Bagicha,22.9773,83.65705,10427,Chhattisgarh,Jashpur
Baghpat,28.94485,77.21865,41766,Uttar Pradesh,Baghpat
Bagdogra,26.69929,88.31177,17372,West Bengal,Darjeeling
Bagha Purana,30.68809,75.09838,25206,Punjab,Moga
Baghamara,25.18954,90.64789,13131,Meghalaya,South Garo Hills
Bag,22.35905,74.79052,9274,Madhya Pradesh,Dhar
Bageshwar,29.83738,79.77161,8708,Uttarakhand,Bageshwar
Bagepalli,13.78338,77.79667,27011,Karnataka,Chikkaballapur
Bagbahra,21.04606,82.3864,19529,Chhattisgarh,Mahasamund
Bagasra,21.48719,70.95516,34521,Gujarat,Amreli
Bagar,28.18784,75.50012,15670,Rajasthan,Jhunjhunu District
Bagalkot,16.18673,75.69614,111933,Karnataka,Bagalkot
Bagaha,27.09918,84.09003,112634,Bihar,Pashchim Champaran
Bagaha,24.52898,85.06019,91383,Bihar,Gaya
Badvel,14.7451,79.06288,70626,Andhra Pradesh,YSR district
Baduria,22.74431,88.78655,49547,West Bengal,North 24 Parganas
Badshahpur,28.39317,77.04919,15593,Haryana,Gurugram district
Badnawar,23.02181,75.23268,20917,Madhya Pradesh,Dhar
Badlapur,19.15516,73.26553,174226,Maharashtra,Thane
Badhni Kalan,30.6813,75.29087,6786,Punjab,Moga
Badgam,34.01524,74.72074,15338,Jammu and Kashmir,Badgam
Badarwas,24.97516,77.5649,13571,Madhya Pradesh,Shivpuri
Badarpur,24.86852,92.59606,13298,Assam,Hailakandi
Badami,15.91495,75.67683,30943,Karnataka,Bagalkot
Badagara,11.59776,75.58142,76493,Kerala,Kozhikode
Bada Barabil,22.11186,85.38684,56870,Odisha,Kendujhar
Bachhrawan,26.4709,81.1158,12809,Uttar Pradesh,District Raebareli
Bachhraon,28.92694,78.23456,29232,Uttar Pradesh,Amroha
Babugarh,28.72353,77.84677,7156,Uttar Pradesh,Hapur
Babrala,28.26419,78.4056,16670,Uttar Pradesh,Sambhal
Babra,21.84577,71.30544,25270,Gujarat,Amreli
Babina,25.23947,78.47028,35538,Uttar Pradesh,Jhansi
Baberu,25.54711,80.70443,15607,Uttar Pradesh,District Banda
Babai,27.8876,75.76223,10620,Rajasthan,Jhunjhunu District
Babai,22.70256,77.93494,16741,Madhya Pradesh,Narmadapuram district
Baba Bakala,31.55545,75.26389,8946,Punjab,Amritsar
Azamgarh,26.06832,83.18358,116644,Uttar Pradesh,Azamgarh
Ayyampettai,10.90141,79.17984,16263,Tamil Nadu,Thanjavur
Ayyampalaiyam,10.22528,77.74849,12175,Tamil Nadu,Dindigul
Ayodhya,26.79909,82.2047,53293,Uttar Pradesh,Ayodhya
Ayakudi,10.44992,77.55198,27156,Tamil Nadu,Dindigul
Awantipur,33.91978,75.01515,12647,Jammu and Kashmir,Pulwama
Avanigadda,16.02148,80.91808,25761,Andhra Pradesh,Krishna
Avinashi,11.19297,77.26865,28868,Tamil Nadu,Tiruppur
Avadi,13.1147,80.10981,345996,Tamil Nadu,Thiruvallur
Ausa,18.24728,76.4993,36118,Maharashtra,Latur
Auras,26.91414,80.50792,6591,Uttar Pradesh,District Unnao
Aurangabad,24.75204,84.3742,102244,Bihar,Aurangabad
Aurangabad,19.87757,75.34226,1175116,Maharashtra,Aurangabad
Auraiya,26.46517,79.50918,70508,Uttar Pradesh,Auraiya
Aurad,18.25397,77.41761,19849,Karnataka,Bidar
Attur,11.59414,78.60143,61793,Tamil Nadu,Salem
Attingal,8.69609,76.81507,37346,Kerala,Thiruvananthapuram
Attili,16.7,81.6,68196,Andhra Pradesh,West Godavari
Attibele,12.77809,77.77259,20532,Karnataka,Bangalore Urban
Attayampatti,11.53272,78.05363,13852,Tamil Nadu,Salem
Attani,11.52205,77.51219,8430,Tamil Nadu,Erode
Atru,24.87686,76.66105,11141,Rajasthan,Baran
Atraulia,26.3333,82.94727,11847,Uttar Pradesh,Azamgarh
Atrauli,28.02964,78.28571,47512,Uttar Pradesh,Aligarh
Athner,21.62382,77.91523,11915,Madhya Pradesh,Betul
Atmakur,16.33802,77.80855,12297,Telangana,Wanaparthy
Atmakur,15.88109,78.58704,35137,Andhra Pradesh,Nandyal
Adirampattinam,10.34059,79.37905,31066,Tamil Nadu,Thanjavur
Athani,16.72613,75.06421,47842,Karnataka,Belgaum
Athagarh,20.51999,85.62965,17304,Odisha,Cuttack
Ateli Mandi,28.1008,76.2598,7619,Haryana,Mahendragarh
Atarra,25.28618,80.57155,46168,Uttar Pradesh,District Banda
Asind,25.7342,74.33278,16611,Rajasthan,Bhilwara District
Asika,19.61114,84.65998,21428,Odisha,Ganjam
Asifabad,19.35851,79.28415,23059,Telangana,Kumuram Bheem Asifabad
Ashti,19.37671,76.2252,13084,Maharashtra,Jalna
Ashti,18.80519,75.17562,11972,Maharashtra,Bid
Ashta,23.01754,76.72208,53184,Madhya Pradesh,Sehore
Ashta,16.94943,74.40936,37105,Maharashtra,Sangli
Ashoknagar,24.57578,77.73123,81828,Madhya Pradesh,Ashoknagar
Asarganj,25.15046,86.68639,6327,Bihar,Munger
Asansol,23.68333,86.98333,504271,West Bengal,Paschim Bardhaman
Asangaon,19.43866,73.30594,13104,Maharashtra,Thane
Asandh,29.52119,76.60552,27125,Haryana,Karnal
Arwal,25.24281,84.66571,51849,Bihar,Arwal
Arvi,20.99585,78.22914,42822,Maharashtra,Wardha
Aruppukkottai,9.5096,78.09588,87722,Tamil Nadu,Virudhunagar
Arumuganeri,8.5688,78.09091,27266,Tamil Nadu,Thoothukkudi
Arumbavur,11.38096,78.72965,12467,Tamil Nadu,Perambalur
Arukutti,9.86667,76.35,17944,Kerala,Alappuzha
Arsikere,13.31446,76.25704,53216,Karnataka,Hassan
Aron,24.38109,77.41739,28010,Madhya Pradesh,Guna
Noria,32.52095,74.79845,9662,Jammu and Kashmir,Jammu
Arkalgud,12.76171,76.06035,16810,Karnataka,Hassan
Ariyalur,11.13849,79.07556,29144,Tamil Nadu,Ariyalur
Arimalam,10.25498,78.88403,8948,Tamil Nadu,Pudukkottai
Arcot,12.90569,79.31897,55955,Tamil Nadu,Ranipet district
Aruvankad,11.36315,76.7579,5175,Tamil Nadu,Nilgiris
Aravakkurichchi,10.77598,77.90869,12412,Tamil Nadu,Karur
Araria,26.14934,87.51323,79021,Bihar,Araria
Arantangi,10.17235,78.99118,40814,Tamil Nadu,Pudukkottai
Arni,12.66771,79.28529,63671,Tamil Nadu,Tiruvannamalai
Arangaon,19.02681,74.71487,29591,Maharashtra,Ahmadnagar
Arang,21.19639,81.96912,19091,Chhattisgarh,Raipur
Aramboli,8.24962,77.52161,22846,Tamil Nadu,Kanniyakumari
Arambol,15.68681,73.70449,10000,Goa,North Goa
Arambagh,22.88333,87.78333,60639,West Bengal,Hugli
Arakkonam,13.08449,79.67053,79080,Tamil Nadu,Ranipet district
Arrah,25.55629,84.66335,261430,Bihar,Bhojpur
Aonla,28.27402,79.16521,50011,Uttar Pradesh,Bareilly
Anupshahr,28.35748,78.26914,25306,Uttar Pradesh,Bulandshahr
Anuppur,23.10344,81.69083,19899,Madhya Pradesh,Anuppur
Anupgarh,29.19111,73.20861,33309,Rajasthan,Ganganagar
Antu,26.05654,81.90267,8316,Uttar Pradesh,District Pratapgarh
Antri,26.05804,78.21027,9949,Madhya Pradesh,Gwalior
Antagarh,20.09256,81.1586,6777,Chhattisgarh,Uttar Bastar Kanker
Anta,25.15,76.3,32377,Rajasthan,Baran
Anshing,20.0409,77.31501,19000,Maharashtra,Washim
Annur,11.23616,77.10514,20079,Tamil Nadu,Coimbatore
Annigeri,15.42513,75.4335,28267,Karnataka,Dharwad
Annavasal,10.4606,78.70029,8906,Tamil Nadu,Pudukkottai
Annamalainagar,11.4,79.73333,16289,Tamil Nadu,Cuddalore
Ankola,14.66049,74.3047,22249,Karnataka,Uttar Kannada
Ankleshwar,21.63236,72.99001,89457,Gujarat,Bharuch
Anjuna,15.58005,73.74487,9636,Goa,North Goa
Anjar,23.11316,70.02671,87183,Gujarat,Kutch
Anjangaon,21.16516,77.3091,56380,Maharashtra,Amravati Division
Anjad,22.04171,75.05519,26289,Madhya Pradesh,Barwani
Angul,20.84089,85.10192,44386,Odisha,Angul District
Angamali,10.19055,76.38789,34399,Kerala,Ernakulam
Anekal,12.7111,77.69557,44260,Karnataka,Bangalore Urban
Andol,17.81458,78.07713,24645,Telangana,Sangareddy
Anthiyur,11.57506,77.59043,21086,Tamil Nadu,Erode
Andippatti,9.99797,77.62097,27287,Tamil Nadu,Theni
Anantnag,33.73068,75.15418,150592,Jammu and Kashmir,Anantnag
Anantapur,14.67784,77.60813,267161,Andhra Pradesh,Anantapur
Anandpur,31.23926,76.50253,16282,Punjab,Rupnagar
Anandpur,21.21411,86.12492,39585,Odisha,Kendujhar
Anandnagar,27.10062,83.27156,11220,Uttar Pradesh,Maharajganj
Anand,22.55251,72.9552,209410,Gujarat,Anand
Anakapalle,17.69134,83.00395,86519,Andhra Pradesh,Anakapalli
Anaimalai,10.58303,76.93441,17208,Tamil Nadu,Coimbatore
Amur,18.79284,78.27666,64023,Telangana,Nizamabad
Amudalavalasa,18.41025,83.90295,39799,Andhra Pradesh,Srikakulam
Amta,22.58344,88.01039,16753,West Bengal,Haora
Amroli,21.25084,72.83878,17082,Gujarat,Surat
Amroha,28.90314,78.46984,176253,Uttar Pradesh,Amroha
Amritsar,31.62234,74.87534,1159227,Punjab,Amritsar
Amreli,21.59983,71.21169,117967,Gujarat,Amreli
Amravati,20.93333,77.75,647057,Maharashtra,Amravati Division
Amod,21.99317,72.87047,18742,Gujarat,Bharuch
Ammapettai,11.61975,77.74264,8552,Tamil Nadu,Erode
Ammapettai,10.79476,79.31986,14572,Tamil Nadu,Thanjavur
Ammapattinam,10.01534,79.23137,6652,Tamil Nadu,Pudukkottai
Amloh,30.60837,76.23199,14696,Punjab,Fatehgarh Sahib
Amli,20.28333,73.01667,33369,Dadra and Nagar Haveli and Daman and Diu,Dadra & Nagar Haveli
Amlagora,22.84616,87.33559,19038,West Bengal,Paschim Medinipur
Amla,21.92485,78.12786,30215,Madhya Pradesh,Betul
Amingarh,16.05662,75.94773,15073,Karnataka,Bagalkot
Amingaon,26.18491,91.6786,8855,Assam,Kamrup
Amguri,26.81482,94.52614,8494,Assam,Sibsagar
Amgaon,21.37196,80.38446,10972,Maharashtra,Gondiya
Amethi,28.01667,81.05,12206,Uttar Pradesh,Kheri
Amethi,26.15696,81.80519,13684,Uttar Pradesh,Amethi
Amet,25.30609,73.9258,17434,Rajasthan,Rajsamand
Ambur,12.79163,78.71644,114608,Tamil Nadu,Tirupattur district
Ambikapur,23.11892,83.19537,121071,Chhattisgarh,Surguja
Ambattur,13.09818,80.16152,466205,Tamil Nadu,Thiruvallur
Ambasamudram,8.71068,77.4519,35645,Tamil Nadu,Tirunelveli Kattabo
Ambasa,23.936,91.85436,16285,Tripura,Dhalai
Ambala,30.36099,76.79782,195153,Haryana,Ambala
Ambajogai,18.73312,76.38616,74114,Maharashtra,Bid
Ambahta,29.85706,77.33583,14303,Uttar Pradesh,District Saharanpur
Ambah,26.70423,78.22678,47177,Madhya Pradesh,Morena
Ambagarh Chauki,20.77644,80.74608,9889,Chhattisgarh,Mohla Manpur Ambagarh Chouki
Ambad,19.61301,75.78906,31553,Maharashtra,Jalna
Amarwara,22.2978,79.16943,14141,Madhya Pradesh,Chhindwara
Amarpur,25.03967,86.90247,25336,Bihar,Banka
Amarpur,23.5257,91.65879,11906,Tripura,Gomati
Amarpatan,24.31371,80.97703,19409,Madhya Pradesh,Satna
Ambarnath,19.2,73.16667,253475,Maharashtra,Thane
Amarkantak,22.67486,81.75908,8416,Madhya Pradesh,Anuppur
Amanpur,27.71222,78.73788,10362,Uttar Pradesh,Kasganj
Amanganj,24.42664,80.03579,13886,Madhya Pradesh,Panna
Amalner,21.03983,75.05887,97369,Maharashtra,Jalgaon
Amalapuram,16.57868,82.00609,53231,Andhra Pradesh,Konaseema
Alwaye,10.10649,76.35484,23703,Kerala,Ernakulam
Alwa Tirunagari,8.60635,77.93983,9289,Tamil Nadu,Thoothukkudi
Alwarkurichchi,8.7838,77.39524,10045,Tamil Nadu,Tenkasi district
Alwar,27.56246,76.625,322568,Rajasthan,Alwar
Alur,12.97805,75.99094,6604,Karnataka,Hassan
Alot,23.76336,75.55662,24115,Madhya Pradesh,Ratlam
Along,28.16951,94.8006,18425,Arunachal Pradesh,West Siang
Alnavar,15.42727,74.74111,17228,Karnataka,Dharwad
Almora,29.59713,79.65911,32442,Uttarakhand,Almora
Allinagaram,10.02737,77.47815,94453,Tamil Nadu,Theni
Alappuzha,9.49004,76.3264,240991,Kerala,Alappuzha
Allapalli,19.43172,80.06377,10772,Maharashtra,Gadchiroli
Allahganj,27.5454,79.68715,13824,Uttar Pradesh,Shajahanpur
Prayagraj,25.44478,81.84322,1073438,Uttar Pradesh,Prayagraj
Aliyabad,12.63168,79.21636,14304,Tamil Nadu,Tiruvannamalai
Alipur Duar,26.4835,89.52286,65232,West Bengal,Alipurduar
Alipur,28.79862,77.13314,20736,Delhi,North Delhi
Aligarh,27.88145,78.07464,753207,Uttar Pradesh,Aligarh
Aligarh,25.96517,76.08302,7626,Rajasthan,Tonk
Aliganj,27.49358,79.17127,26652,Uttar Pradesh,Etah District
Alibag,18.64813,72.87579,20752,Maharashtra,Raigarh
Aldona,15.59337,73.87482,6606,Goa,North Goa
Alawalpur,31.43161,75.65614,7815,Punjab,Jalandhar
Alattur,10.65,76.53333,26720,Kerala,Palakkad district
Alappakkam,11.59895,79.71893,5585,Tamil Nadu,Cuddalore
Alangulam,8.86404,77.49937,28558,Tamil Nadu,Tenkasi district
Alangudi,10.3606,78.98492,12367,Tamil Nadu,Pudukkottai
Alangayam,12.62235,78.75207,18327,Tamil Nadu,Tirupattur district
Alanganallur,10.04697,78.09033,12331,Tamil Nadu,Madurai
Alandurai,10.95322,76.79003,7221,Tamil Nadu,Coimbatore
Alandur,13.0025,80.20611,164430,Tamil Nadu,Chengalpattu district
Alandi,18.67756,73.89868,28645,Maharashtra,Pune Division
Aland,17.56425,76.56854,42371,Karnataka,Gulbarga
Alampur,26.02514,78.79697,10686,Madhya Pradesh,Bhind
Alampur,15.87987,78.13352,14060,Telangana,Jogulamba Gadwal
Azhagiapandipuram,8.30066,77.44394,11392,Tamil Nadu,Kanniyakumari
Alagapuram,11.88705,78.91758,8345,Tamil Nadu,Kallakurichi district
Akot,21.0963,77.0588,92637,Maharashtra,Akola
Akola,20.70957,76.9981,428857,Maharashtra,Akola
Akodia,23.38027,76.59875,11652,Madhya Pradesh,Shajapur
Akluj,17.89241,75.02138,39972,Maharashtra,Solapur
Aklera,24.41288,76.56719,26240,Rajasthan,Jhalawar District
Akividu,16.58225,81.38112,40413,Andhra Pradesh,West Godavari
Akhnur,32.8955,74.73486,20756,Jammu and Kashmir,Jammu
Akbarpur,26.42953,82.53431,36865,Uttar Pradesh,Ambedkar Nagar
Akbarpur,26.38371,79.94926,18835,Uttar Pradesh,Kanpur Dehat
Akaltara,22.02463,82.42641,22712,Chhattisgarh,Janjgir-Champa
Akalkot,17.52532,76.20611,40103,Maharashtra,Solapur
Akalgarh,29.82074,75.89078,6993,Punjab,Sangrur
Ajara,16.11601,74.21097,17257,Maharashtra,Kolhapur
Ajnala,31.84473,74.76295,21107,Punjab,Amritsar
Ajmer,26.4521,74.63867,542321,Rajasthan,Ajmer
Ajjampur,13.72794,76.0068,10795,Karnataka,Chikmagalur
Ajaigarh,24.89879,80.25921,16656,Madhya Pradesh,Panna
Aizawl,23.72894,92.71791,293416,Mizoram,Aizawl
Aish Maqam,33.86503,75.28369,6519,Jammu and Kashmir,Anantnag
Ahwa,20.75718,73.68626,15004,Gujarat,The Dangs
Ahraura,25.01579,83.03294,25075,Uttar Pradesh,Mirzapur
Ahor,25.3687,72.78038,16867,Rajasthan,Jalore
Ahmadpur,23.83009,87.68661,8855,West Bengal,Birbhum
Ahmadpur,18.70622,76.93731,43936,Maharashtra,Latur
Ahilyanagar,19.09457,74.73843,367140,Maharashtra,Ahmadnagar
Ahmedabad,23.02579,72.58727,6357693,Gujarat,Ahmadabad
Ahiri,19.41386,80.00359,14609,Maharashtra,Gadchiroli
Agra,27.18333,78.01667,1430055,Uttar Pradesh,Agra
Agastiswaram,8.09964,77.52153,9717,Tamil Nadu,Kanniyakumari
Agartala,23.83605,91.27939,400004,Tripura,West Tripura
Agar,23.71177,76.01571,37917,Madhya Pradesh,Agar Malwa
Afzalpur,17.19986,76.36018,27088,Karnataka,Gulbarga
Afzalgarh,29.3937,78.67393,27753,Uttar Pradesh,Bijnor
Aduthurai,11.01542,79.48093,11705,Tamil Nadu,Thanjavur
Adur,9.15595,76.73192,29652,Kerala,Pattanamtitta
Adri,20.96591,70.28857,6952,Gujarat,Gir Somnath
Adra,23.49668,86.68363,22159,West Bengal,Puruliya
Adoni,15.62788,77.27495,184625,Andhra Pradesh,Kurnool
Adilabad,19.67203,78.5359,118526,Telangana,Adilabad
Addanki,15.81061,79.97338,28547,Andhra Pradesh,Bapatla
Adbhar,21.95345,83.02475,7272,Chhattisgarh,Sakti
Adalaj,23.16453,72.58107,11957,Gujarat,Gandhinagar
Achhnera,27.17826,77.75674,20532,Uttar Pradesh,Agra
Achhibal,33.68409,75.21835,17556,Jammu and Kashmir,Anantnag
Acharapakkam,12.40279,79.81699,10362,Tamil Nadu,Chengalpattu district
Achalpur,21.25665,77.51006,112311,Maharashtra,Amravati Division
Abu Road,24.48012,72.78186,55599,Rajasthan,Sirohi
Abu,24.59365,72.71756,24981,Rajasthan,Sirohi
Abohar,30.14453,74.19552,145302,Punjab,Fazilka
Abiramam,9.4423,78.4399,8144,Tamil Nadu,Ramanathapuram
Abhayapuri,26.32255,90.68526,15847,Assam,Bongaigaon
Abhanpur,21.05309,81.74088,14432,Chhattisgarh,Raipur
Ratannagar,28.21337,74.95521,12841,Rajasthan,Churu District
Dalli Rajhara,20.58573,81.07501,44363,Chhattisgarh,Balod
Bhanupratappur,20.30975,81.07306,8125,Chhattisgarh,Uttar Bastar Kanker
Contai,21.77985,87.74892,88702,West Bengal,Purba Medinipur
Haldia,22.06046,88.10975,170695,West Bengal,Purba Medinipur
Srirampur,22.94849,88.01954,18682,West Bengal,Hugli
Haripur,22.93611,88.23194,7327,West Bengal,Hugli
Kesabpur,22.96833,88.26278,10921,West Bengal,Hugli
Bagnan,22.93338,88.13856,8494,West Bengal,Hugli
Ramnagar,22.77778,88.24639,5195,West Bengal,Hugli
Begampur,22.7307,88.25764,9831,West Bengal,Hugli
Parbatipur,22.6625,88.22222,8657,West Bengal,Haora
Bhandardaha,22.61476,88.1919,5079,West Bengal,Haora
Dumjor,22.61993,88.24566,17972,West Bengal,Haora
Krishnapur,22.67028,88.26944,7325,West Bengal,Hugli
Bankra,22.60291,88.27751,56273,West Bengal,Haora
Chakapara,22.63222,88.34861,27320,West Bengal,Haora
Mahiari,22.58826,88.23544,17051,West Bengal,Haora
Masila,22.58083,88.23278,11461,West Bengal,Haora
Dhulagari,22.58213,88.171,21080,West Bengal,Haora
Panchla,22.53665,88.13785,23526,West Bengal,Haora
Sahapur,22.52444,88.16694,7883,West Bengal,Haora
Raghudebbati,22.52556,88.19583,12833,West Bengal,Haora
Gobindapur,22.59306,88.09139,11781,West Bengal,Haora
Pujali,22.46787,88.14524,37047,West Bengal,South 24 Parganas
Maheshtala,22.50862,88.25322,448317,West Bengal,South 24 Parganas
Monoharpur,22.10833,88.07889,23362,West Bengal,Purba Medinipur
Solap,22.12778,88.15861,13751,West Bengal,Purba Medinipur
Gopalpur,22.61845,88.75119,6890,West Bengal,North 24 Parganas
Badamibagh,34.07381,74.85276,22214,Jammu and Kashmir,Srinagar
Majhiari,33.59694,74.22526,5033,Jammu and Kashmir,Punch
Soyibug,34.07677,74.7057,104000,Jammu and Kashmir,Badgam
Watargam,34.31944,74.37361,7015,Jammu and Kashmir,Baramula
Bhulwal,32.83713,74.81932,14174,Jammu and Kashmir,Jammu
Chima,30.6854,76.08643,9894,Punjab,Ludhiana
Uncha Sawana,29.62083,76.99944,8922,Haryana,Karnal
Kheri Sampla,28.7781,76.7756,10891,Haryana,Rohtak
Brahmanan di Bari,32.64398,74.91099,15453,Jammu and Kashmir,Samba
Ratnu Chak,32.66668,74.92668,5228,Jammu and Kashmir,Samba
Birpur,32.66167,74.95177,7177,Jammu and Kashmir,Samba
Chhutmalpur,30.03209,77.75329,11127,Uttar Pradesh,District Saharanpur
Sikandarpur,29.41508,76.93416,8894,Haryana,Panipat
Kachrauli,29.45844,76.94864,5400,Haryana,Panipat
Kabri,29.42784,76.93965,7049,Haryana,Panipat
Kheri Nangal,29.35436,76.97737,18195,Haryana,Panipat
Jharoda Kalan,28.65264,76.95208,19578,Delhi,South West Delhi
Mitraon,28.60623,76.94598,6512,Delhi,South West Delhi
Jafarpur Kalan,28.59002,76.92047,6573,Delhi,South West Delhi
Roshanpura,28.60057,76.98918,57217,Delhi,South West Delhi
Khaira,28.59417,76.97011,7220,Delhi,South West Delhi
Dindarpur,28.59813,76.99161,35856,Delhi,South West Delhi
Mailaram,17.50128,78.12394,11759,Telangana,Sangareddy
Bhanur,17.48986,78.17737,9203,Telangana,Sangareddy
Singapur,17.46982,78.12574,24457,Telangana,Rangareddi
Kotur,17.14842,78.28734,10519,Telangana,Rangareddi
Bandlaguda,17.35112,78.39118,12734,Telangana,Rangareddi
Balapur,17.31018,78.49969,8280,Telangana,Rangareddi
Nagavaram,17.48862,78.60208,30502,Telangana,Medchal Malkajgiri
Medpalli,17.40611,78.60444,10787,Telangana,Medchal Malkajgiri
Jiladiguda,17.332,78.52553,27461,Telangana,Rangareddi
Yamjal,17.26944,78.57667,15689,Telangana,Rangareddi
Ghatkesar,17.45081,78.68366,19763,Telangana,Medchal Malkajgiri
Pochampalli,17.34917,78.82278,12972,Telangana,Yadadri Bhuvanagiri
Anwaram,17.63297,78.37953,6840,Telangana,Sangareddy
Bontapalli,17.66237,78.36396,6608,Telangana,Sangareddy
Chandur,17.87455,78.10017,11220,Telangana,Medak
Chitkul,17.55867,78.22257,5596,Telangana,Sangareddy
Kompalli,17.54499,78.48836,15575,Telangana,Medchal Malkajgiri
Muttargi,17.54096,78.22715,8777,Telangana,Sangareddy
Vijayapura,13.29724,77.80184,34866,Karnataka,Bangalore Rural
Adampur,31.43224,75.71484,20922,Punjab,Jalandhar
Mullanwala,31.06189,74.82277,16183,Punjab,Firozpur
Phup Kalan,26.64454,78.87359,12657,Madhya Pradesh,Bhind
Chanaje,18.86131,72.95257,16714,Maharashtra,Raigarh
Naoghar,18.89167,72.98567,6603,Maharashtra,Raigarh
Agaram,13.11,80.23333,10263,Tamil Nadu,Chennai
Madhavaram,13.14819,80.2314,119105,Tamil Nadu,Chennai
Chinnasekkadu,13.16089,80.25727,12396,Tamil Nadu,Chennai
Maduraivayal,13.06306,80.17194,19208,Tamil Nadu,Thiruvallur
Porur,13.03565,80.15821,46690,Tamil Nadu,Thiruvallur
Mugalivakkam,13.02054,80.16528,25117,Tamil Nadu,Kancheepuram
Manappakkam,13.01083,80.16861,8851,Tamil Nadu,Kancheepuram
Virugambakkam,13.04632,80.19131,21376,Tamil Nadu,Chennai
Madipakkam,12.96226,80.19864,35752,Tamil Nadu,Chengalpattu district
Ullagaram,12.979,80.19703,53322,Tamil Nadu,Chengalpattu district
Perungudi,12.96095,80.24094,43111,Tamil Nadu,Chengalpattu district
Kotivakkam,12.97016,80.25769,20217,Tamil Nadu,Chengalpattu district
Navalur,12.84482,80.22646,7610,Tamil Nadu,Chengalpattu district
Rajakilpakkam,12.91944,80.16972,37906,Tamil Nadu,Chengalpattu district
Vengavasal,12.89911,80.169,13671,Tamil Nadu,Chengalpattu district
Meddappakkam,12.91661,80.19385,45356,Tamil Nadu,Chengalpattu district
Kullattur,12.94194,80.19472,27374,Tamil Nadu,Chengalpattu district
Kavanur,12.99623,80.07514,54986,Tamil Nadu,Kancheepuram
Nandambakkam,12.97795,80.06781,8540,Tamil Nadu,Kancheepuram
Kallamchavadi,12.95306,80.13083,30702,Tamil Nadu,Chengalpattu district
Alapakam,12.89444,80.11111,14390,Tamil Nadu,Chengalpattu district
Unamaucheri,12.8608,80.10659,29122,Tamil Nadu,Chengalpattu district
Pedappai,12.88537,80.02205,14063,Tamil Nadu,Kancheepuram
Perunkalattu,12.91823,80.08245,37342,Tamil Nadu,Chengalpattu district
Madambakkam,12.8525,80.04667,17058,Tamil Nadu,Kancheepuram
Elandacheri,13.1898,80.27102,12119,Tamil Nadu,Chennai
Surappattu,13.14294,80.19175,10444,Tamil Nadu,Chennai
Kattrivedu,13.13778,80.20444,7580,Tamil Nadu,Chennai
Nalambur,13.08667,80.17028,21973,Tamil Nadu,Thiruvallur
Nerkunram,13.06194,80.20944,59790,Tamil Nadu,Chennai
Tirurageswaram,13.00917,80.1475,11551,Tamil Nadu,Kancheepuram
Kaikalapettai,13.02194,80.12056,23910,Tamil Nadu,Kancheepuram
Viraraghavapuram,13.07306,80.10778,64698,Tamil Nadu,Thiruvallur
Reddipalaiyam,13.10778,80.12056,29511,Tamil Nadu,Thiruvallur
Vellanur,13.15804,80.10634,6078,Tamil Nadu,Thiruvallur
Alamadi,13.2092,80.1097,7424,Tamil Nadu,Thiruvallur
Kakalur,13.13942,79.92872,14528,Tamil Nadu,Thiruvallur
Tolur,13.1308,79.95797,5698,Tamil Nadu,Thiruvallur
Dasiripuram,13.12417,80.03,9251,Tamil Nadu,Thiruvallur
Melpedu,13.15639,80.04139,5743,Tamil Nadu,Thiruvallur
Vengattur,13.09988,79.93207,23292,Tamil Nadu,Thiruvallur
Tirumeshi,13.05339,80.05998,19733,Tamil Nadu,Thiruvallur
Kupwara,34.03056,74.26417,14711,Jammu and Kashmir,Baramula
Powai,19.1164,72.90471,20000,Maharashtra,Mumbai Suburban
Ran,22.17861,69.33312,8648,Gujarat,Devbhumi Dwarka
Navi Mumbai,19.03681,73.01582,2600000,Maharashtra,Thane
Chockli,11.72745,75.55509,33732,Kerala,
Panoor,11.75938,75.57835,17438,Kerala,Kannur
Puttaparthi,14.1652,77.8117,9000,Andhra Pradesh,Sri Sathya Sai
Panchkula,30.69461,76.8504,211355,Haryana,Panchkula
Chikkabidarakallu,13.05155,77.48837,11554,Karnataka,Bangalore Urban
Sholinganallur,12.88996,80.23127,35602,Tamil Nadu,Chengalpattu district
Hunasamaranahalli,13.14384,77.61695,13389,Karnataka,Bangalore Urban
koppana Agrahara,12.85507,77.66707,20622,Karnataka,Bangalore Urban
Hebbagodi,12.82632,77.68085,34827,Karnataka,Bangalore Urban
Bommasandra Industrial Area,12.81774,77.68415,15254,Karnataka,Bangalore Urban
Madanayakahalli,13.0587,77.46207,12563,Karnataka,Bangalore Urban
Canacona,14.9959,74.05056,12434,Karnataka,
Murudeshwara,14.0943,74.4845,17938,Karnataka,
Shivaji Nagar,18.53017,73.85263,1000000,Maharashtra,Pune Division
Greater Noida,28.49615,77.53601,293908,Uttar Pradesh,Gautam Buddha Nagar
Gandhisagar Colony,24.69048,75.56679,7178,Madhya Pradesh,Mandsaur
Dariya,30.69864,76.81759,14470,Chandigarh,Chandigarh
Chandiman,30.73171,76.89877,9051,Haryana,Panchkula
Zerakpur,30.65622,76.82093,95553,Punjab,Ajitgarh
Dappar,30.52066,76.81607,5936,Punjab,Ajitgarh
Mirpur,30.6119,76.85331,5967,Punjab,Ajitgarh
Bhankarpur,30.60616,76.83631,10768,Punjab,Ajitgarh
Bina,24.17161,78.18755,64529,Madhya Pradesh,Sagar
Kari,24.83679,78.86654,10409,Madhya Pradesh,Tikamgarh
Mohali,30.67995,76.72211,166864,Punjab,Ajitgarh
Baragaon,24.56818,79.01852,9282,Madhya Pradesh,Tikamgarh
Banbasa,28.99132,80.07608,7138,Uttar Pradesh,
vadlamuru,17.09545,82.16565,10000,Andhra Pradesh,Kakinada
Pithampur,22.60197,75.69649,126200,Madhya Pradesh,Indore
Barbil,22.10194,85.37752,66540,Odisha,Kendujhar
Airoli,19.15096,72.99625,100000,Maharashtra,Thane
Aluva,10.10764,76.35158,24108,Kerala,Ernakulam
Kotkapura,30.5819,74.83298,80741,Punjab,Faridkot
Muvattupuzha,9.97985,76.57381,30397,Kerala,Ernakulam
Perumbavoor,10.10695,76.47366,28110,Kerala,Ernakulam
Vapi,20.37175,72.90493,163630,Gujarat,Valsad
Baddi,30.95783,76.79136,29911,Himachal Pradesh,Solan
Noida,28.58,77.33,293908,Uttar Pradesh,Gautam Buddha Nagar
Bhiwadi,28.21024,76.86056,104921,Rajasthan,Alwar
Parwanoo,30.83716,76.96143,8758,Himachal Pradesh,Solan
Jorethang,27.10696,88.32332,9009,Sikkim,
Mandideep,23.08166,77.53328,59654,Madhya Pradesh,Raisen
Singrauli,24.19973,82.67535,220257,Madhya Pradesh,Singrauli
Birpara,26.70421,89.14547,30000,West Bengal,Alipurduar
Jaigaon,26.84766,89.37558,158664,West Bengal,Alipurduar
Hinjawadi,18.59342,73.72985,11459,Maharashtra,Pune Division
Periyapattinam,9.27263,78.90232,9730,Tamil Nadu,Ramanathapuram
Vagator,15.59766,73.74496,14986,Goa,North Goa
Akkarampalle,13.65,79.42,44219,Andhra Pradesh,Tirupati
Bellampalli,19.05577,79.493,66660,Telangana,Mancherial
Chemmumiahpet,14.46289,78.81191,31416,Andhra Pradesh,YSR district
Gaddi Annaram,17.36687,78.5242,53622,Telangana,Rangareddi
Dasnapur,19.65399,78.51213,22216,Telangana,Adilabad
Kanuru,16.28584,81.25464,43696,Andhra Pradesh,Krishna
Lal Bahadur Nagar,17.34769,78.55757,261987,Telangana,Rangareddi
Madhira,16.92329,80.36308,22716,Telangana,Khammam
Malkajgiri,17.44781,78.52633,150000,Telangana,Medchal Malkajgiri
Mandamarri,18.96506,79.47475,66176,Telangana,Mancherial
Chinnachowk,14.47516,78.8354,64053,Andhra Pradesh,YSR district
Kyathampalle,19.66781,78.5289,42275,Telangana,Adilabad
Gajuwaka,17.7,83.21667,258944,Andhra Pradesh,Visakhapatnam
Katheru,17.03795,81.77597,23572,Andhra Pradesh,East Godavari
Metpalle,18.84724,78.62563,50902,Telangana,Jagitial
Manuguru,17.93023,80.82671,32539,Telangana,Bhadradri Kothagudem
Kalyandurg,14.54519,77.10552,32328,Andhra Pradesh,Anantapur
Payakaraopeta,17.36784,82.56826,27001,Andhra Pradesh,Anakapalli
Ponnur,16.07114,80.54944,59913,Andhra Pradesh,Guntur
Quthbullapur,17.50107,78.45818,225816,Telangana,Medchal Malkajgiri
Ramanayyapeta,16.94516,82.2385,28369,Andhra Pradesh,Kakinada
Palwancha,17.58152,80.67651,80199,Telangana,Bhadradri Kothagudem
Barpeta Road,26.50284,90.96937,35571,Assam,Barpeta
Sathupalli,17.24968,80.86899,40000,Telangana,Khammam
Yanamalakuduru,16.48531,80.66746,34177,Andhra Pradesh,Krishna
Morigaon,26.24908,92.34764,29164,Assam,Morigaon
Naharlagun,27.10467,93.69518,36158,Arunachal Pradesh,Papum Pare
Serilingampalle,17.49313,78.30196,150525,Telangana,Sangareddy
Silapathar,27.59441,94.72402,25662,Assam,Dhemaji
Sarupathar,26.206,96.81,9827,Assam,Karbi Anglong
Lumding Railway Colony,25.74903,93.16998,31347,Assam,Hojai
Aistala,23.18,88.58,19425,West Bengal,Nadia
Ashoknagar Kalyangarh,22.86416,88.63701,111475,West Bengal,North 24 Parganas
Bahula,23.65176,87.16475,16264,West Bengal,Paschim Bardhaman
Thanneermukkom,9.66337,76.38073,31525,Kerala,Alappuzha
Pavuluru,15.85292,80.16468,10524,Andhra Pradesh,Bapatla
Jhulasan,23.3286,72.47314,8000,Gujarat,Mahesana
Aymanam,9.60684,76.50055,34470,Kerala,Kottayam
Bhawanipur,26.45352,87.02744,27000,Bihar,Supaul
Bakhtiarpur,25.45598,85.5329,47897,Bihar,Patna
Pimpri-Chinchwad,18.61867,73.80375,1727692,Maharashtra,Pune Division
Bhagta,30.47566,75.0981,14467,Punjab,Bathinda
Zira,30.96853,74.99106,37498,Punjab,Firozpur
Longowal,30.19846,75.6819,23851,Punjab,Sangrur
Kambainallur,12.20657,78.31716,12194,Tamil Nadu,Dharmapuri
Adampur,29.28026,75.46818,25531,Haryana,Hisar
Shamshabad,17.25186,78.41835,32583,Telangana,Rangareddi
Thottada,11.83851,75.4208,40818,Kerala,Kannur
Williamnagar,25.4955,90.6168,24597,Meghalaya,East Garo Hills
Nongthymmai,25.5637,91.9064,38004,Meghalaya,East Khasi Hills
Kumbalangy,9.87977,76.28353,42367,Kerala,Ernakulam
Devadurga,16.42314,76.93577,28929,Karnataka,Raichur
Patran,29.9577,76.0486,27963,Punjab,Patiala
Padmabil,26.43633,89.96344,6874,Assam,Kokrajhar
Kharghar,19.04979,73.07024,80612,Maharashtra,Raigarh
Chendamangalam,10.16322,76.23456,29326,Kerala,Ernakulam
Panaikulam,9.37565,78.95402,6980,Tamil Nadu,Ramanathapuram
Artist Village,19.03227,73.04276,6000,Maharashtra,Thane
Singampunari,10.1862,78.415,18143,Tamil Nadu,Sivaganga
Thondamuthur,10.99082,76.84181,11492,Tamil Nadu,Coimbatore
Mannachanallur,10.90988,78.69927,25931,Tamil Nadu,Tiruchirappalli
Thottiyam,10.98998,78.33411,14909,Tamil Nadu,Tiruchirappalli
Thuraiyur,11.14805,78.59911,32439,Tamil Nadu,Tiruchirappalli
Pallipalayam,11.36523,77.76235,40140,Tamil Nadu,Namakkal
Kumarapalayam,11.44495,77.71102,195071,Tamil Nadu,Namakkal
Vennandur,11.51518,78.09073,14568,Tamil Nadu,Namakkal
Krishnarayapuram,10.95628,78.28308,10792,Tamil Nadu,Karur
Vembadithalam,11.56741,78.01095,7331,Tamil Nadu,Salem
Parangipettai,11.49117,79.76053,25541,Tamil Nadu,Cuddalore
Virudhachalam,11.51497,79.32824,73585,Tamil Nadu,Cuddalore
Kattumannarkoil,11.27631,79.55784,27294,Tamil Nadu,Cuddalore
Oddanchathiram,10.48013,77.74977,30064,Tamil Nadu,Dindigul
Pannaikadu,10.27928,77.62849,8731,Tamil Nadu,Dindigul
Navoor,12.89096,75.08482,5365,Karnataka,Dakshina Kannada
Kargal,14.1883,74.81269,10847,Karnataka,Shimoga
Udaipurwati,27.73011,75.47161,29236,Rajasthan,Jhunjhunu District
Sumerpur,25.1543,73.08157,39132,Rajasthan,Pali District
Karingal,8.23634,77.24256,16691,Tamil Nadu,Kanniyakumari
Arumanai,8.36696,77.24333,16283,Tamil Nadu,Kanniyakumari
Kottur,10.53646,76.98034,26627,Tamil Nadu,Coimbatore
Sankagiri,11.47599,77.86637,29467,Tamil Nadu,Salem
Nachiyar Koil,10.91953,79.44592,7505,Tamil Nadu,Thanjavur
Electronic City Phase I,12.85492,77.6633,76348,Karnataka,Bangalore Urban
Ramagundam,18.755,79.474,242979,Telangana,Peddapalli
Veeraganur,11.47685,78.73522,11624,Tamil Nadu,Salem
Lohian,31.16185,75.2097,10362,Punjab,Jalandhar
Malsian,31.12997,75.35018,12780,Punjab,Jalandhar
Shella,25.17861,91.63952,54039,Meghalaya,East Khasi Hills
Rengte,24.48115,92.75858,10554,Assam,
Kawnpur,24.04758,92.6756,7732,Mizoram,Kolasib district
Sengmai,24.94563,93.8814,5065,Manipur,Imphal West
Oinam,24.68896,93.81292,7161,Manipur,Bishnupur
Kumbi,24.43279,93.81292,9546,Manipur,Bishnupur
Kakching Khunou,24.4047,93.89981,11379,Manipur,Kakching
Daporijo,27.99114,94.22955,13405,Arunachal Pradesh,Upper Subansiri
Dih,26.14264,81.40856,7267,Uttar Pradesh,District Raebareli
Majhauli,24.1197,81.63001,11892,Madhya Pradesh,Sidhi
Hanumana,24.77888,82.096,16771,Madhya Pradesh,Rewa
Bara,24.80579,84.78991,5185,Bihar,Gaya
Mirganj,26.37345,84.33489,26240,Bihar,Gopalganj
Sultanganj,25.23831,86.73559,52892,Bihar,Bhagalpur
Modinagar,28.83059,77.57295,475843,Uttar Pradesh,Ghaziabad
Bagru,26.81067,75.54702,31229,Rajasthan,Jaipur
Tikarapara,19.62392,83.49543,8346,Odisha,Rayagada
Nimach,24.45949,74.86625,128561,Rajasthan,
Kamatgi,16.07786,75.81321,15620,Maharashtra,
Azhikkod,11.91985,75.33549,25195,Kerala,Kannur
Kamalapuram,15.30442,76.47649,25552,Karnataka,Vijayanagar
Nannambra,10.99211,75.90799,40543,Kerala,Malappuram
Vellalur,10.97747,77.02601,24872,Tamil Nadu,Coimbatore
Tikkanbankad,8.2216,77.27335,14086,Tamil Nadu,Kanniyakumari
Virudampattu,12.95945,79.14436,7662,Tamil Nadu,Vellore
Thimiri,12.82828,79.30792,16246,Tamil Nadu,Ranipet district
Tadikombu,10.43904,77.95459,18838,Tamil Nadu,Dindigul
Puliyur,10.94991,78.1453,12720,Tamil Nadu,Karur
Mechcheri,11.83412,77.94387,25676,Tamil Nadu,Salem
Kandanur,10.10371,78.82537,7696,Tamil Nadu,Sivaganga
Puduvayal,10.10338,78.84624,11284,Tamil Nadu,Sivaganga
Vatakemuri,10.4176,76.15416,9585,Kerala,Thrissur District
Edattirutti,10.36402,76.17373,12921,Kerala,Thrissur District
Kalombe,16.6633,74.21157,10138,Maharashtra,Kolhapur
Kattakampala,10.69418,76.03362,11836,Kerala,Thrissur District
Katavallur,10.71689,76.0695,12912,Kerala,Thrissur District
Anjur,10.59169,76.15449,10860,Kerala,Thrissur District
Vaniyamkulam,10.78303,76.33358,16085,Kerala,Palakkad district
Jarhi,23.35918,83.0447,7228,Chhattisgarh,Surajpur
Wadrupnagar,23.76644,83.20644,6048,Chhattisgarh,Balrampur
Semarwara,23.5668,73.7427,6891,Rajasthan,Dungarpur
Mehidpur,23.48879,75.658,34362,Madhya Pradesh,Ujjain
Khoni,19.31734,73.05973,26016,Maharashtra,Thane
Loharda,22.59183,76.59569,9202,Madhya Pradesh,Dewas
Karjan,22.04671,73.11814,30405,Gujarat,Vadodara
Ukal,21.23743,73.57788,7453,Gujarat,Tapi
Mahuver,21.02668,72.88683,10749,Gujarat,Navsari
Cherpulassery,10.87655,76.30932,30000,Kerala,Palakkad district
Biswanath Chariali,26.72577,93.14659,19145,Assam,Biswanath
Jalandhar Cantonment,31.29421,75.61974,47845,Punjab,Jalandhar
Kagaznagar,19.33159,79.46605,57583,Telangana,Kumuram Bheem Asifabad
Prantij,23.43605,72.84479,23596,Gujarat,Sabarkantha
Kirandul,18.63649,81.25827,19053,Chhattisgarh,Dakshin Bastar Dantewada
Yamuna Vihar,28.69876,77.27371,10000,Delhi,North East Delhi
Dayapar,23.63371,68.90192,12000,Gujarat,Kutch
Nedumbassery,10.15646,76.40167,29706,Kerala,Ernakulam
Ganaur,29.1302,77.01832,35603,Haryana,Sonipat
Thoothukudi,8.76735,78.13425,410760,Tamil Nadu,Thoothukkudi
Shiraguppi,16.61875,74.70907,25000,Maharashtra,
Gadag-Betageri,15.4167,75.6167,172813,Karnataka,Gadag
Rabkavi-Banhatti,16.47,75.12,77004,Karnataka,Bagalkot
Dharapur,26.14953,91.64202,8095,Assam,Kamrup Metropolitan
Rudrapur,28.98,79.4,154554,Uttarakhand,Udham Singh Nagar
Bishnupur,24.62845,93.76179,12167,Manipur,Bishnupur
Bada Malhera,24.56412,79.30712,18335,Madhya Pradesh,Chhatarpur
Chakghat,25.04282,81.7281,10678,Madhya Pradesh,Rewa
Laitumkhrah,25.57067,91.89771,27219,Meghalaya,East Khasi Hills
Kurwai,24.11722,78.03833,15487,Madhya Pradesh,Vidisha
Jirapur,24.0214,76.3764,21724,Madhya Pradesh,Rajgarh
Soyatkalan,24.1886,76.1778,14781,Madhya Pradesh,Agar Malwa
Budhni,22.78659,77.68109,16808,Madhya Pradesh,Sehore
Badi,23.03667,78.08417,19603,Madhya Pradesh,Raisen
Areraj,26.5503,84.6801,26014,Bihar,Purba Champaran
Sunabeda,18.7284,82.82932,50394,Odisha,Koraput
Rajgangpur,22.2,84.583,51362,Odisha,Sundargarh
Lateri,24.06091,77.41044,18844,Madhya Pradesh,Vidisha
Rajgamar,22.38197,82.83298,11544,Chhattisgarh,Korba
Bilha,21.95,82.05,11048,Chhattisgarh,Bilaspur
Nawagarh,21.90083,81.61346,10541,Chhattisgarh,Bemetara
V.S.K.Valasai (Dindigul-Dist.),10.31549,78.15141,17865,Tamil Nadu,Dindigul
Doboka,26.11647,92.86374,13118,Assam,Hojai
Bihpuria,27.01693,93.91502,12016,Assam,Lakhimpur
Dharamjaigarh,22.46376,83.21127,14354,Chhattisgarh,Raigarh
Gangadharpur,22.76,88.22,7862,West Bengal,Hugli
Siltara,21.38116,81.66378,10721,Chhattisgarh,Raipur
Sheragada,19.51301,84.60408,6653,Odisha,Ganjam
Dudpatil I,24.91088,92.79043,5083,Assam,Cachar
Dhamanagar,20.9167,86.45,22920,Odisha,Bhadrak
Barbigha,25.2167,85.7333,46075,Bihar,Sheikhpura
Joda,22.017,85.422,46631,Odisha,Kendujhar
Khawzawl,23.51771,93.18886,11022,Mizoram,Khawzawl
Kadodara,21.1616,72.9623,27336,Gujarat,Surat
Thodupuzha,9.89394,76.72216,52045,Kerala,Idukki
Maithon,23.78,86.81,18830,Jharkhand,Dhanbad
Birsinghpur,24.798,80.9729,14339,Madhya Pradesh,Satna
Neelankarai,12.9495,80.2592,76600,Tamil Nadu,Chengalpattu district
Injambakkam,12.9162,80.2488,23346,Tamil Nadu,Chengalpattu district
Palavakkam,12.9535,80.2572,26766,Tamil Nadu,Chengalpattu district
Nongumlong,25.56436,91.8312,7381,Meghalaya,East Khasi Hills
Srikalahasti,13.75514,79.70143,80056,Andhra Pradesh,Tirupati
Choglamsar,34.11163,77.58794,10754,Ladakh,Leh
Yingkiong,28.61037,95.04753,6540,Arunachal Pradesh,Upper Siang
Nambol,24.69557,93.81974,22512,Manipur,Bishnupur
Roing,28.14318,95.84468,11389,Arunachal Pradesh,Lower Dibang Valley
Shahbazpur,26.30511,87.28865,38000,Bihar,Araria
Sethiyathope,11.43686,79.54251,8824,Tamil Nadu,Cuddalore
Sunari Kalan,28.86103,76.56898,7506,Haryana,Rohtak
Rampura,28.19026,76.6015,5954,Haryana,Rewari District
Ladrawan,28.78662,76.93652,6905,Haryana,Jhajjar
Outabgarh,28.80103,76.96163,7639,Delhi,North West Delhi
Heli Mandi,28.34494,76.75694,20906,Haryana,Gurugram district
Manesar,28.35311,76.94036,23448,Haryana,Gurugram district
Akaira,28.23103,76.85081,7110,Haryana,Rewari District
Khori Kalan,28.21515,76.88147,6007,Haryana,Nuh
Pammal,12.975,80.13472,75870,Tamil Nadu,Chengalpattu district
Anakaputhur,12.9828,80.1264,48050,Tamil Nadu,Chengalpattu district
Valasaravakkam,13.04394,80.17251,47378,Tamil Nadu,Thiruvallur
Maduravoyal,13.0675,80.1632,86195,Tamil Nadu,Thiruvallur
Meenambakkam,12.98456,80.1747,24334,Tamil Nadu,Chengalpattu district
Pallikaranai,12.9377,80.2153,43493,Tamil Nadu,Chengalpattu district
Ganguwa,29.11343,75.69578,25847,Haryana,Hisar
Inda Chhoi,29.64042,75.79041,7000,Haryana,Fatehabad District
Buna Hir,34.52428,74.20296,6348,Jammu and Kashmir,Kupwara
Gulgam,34.55005,74.21729,15587,Jammu and Kashmir,Kupwara
Kopawor,34.52856,74.26396,21771,Jammu and Kashmir,Kupwara
Kauranwali,30.38445,74.06397,5770,Punjab,Fazilka
Baruwali,30.53785,74.65381,8668,Punjab,Muktsar
Barara,30.21465,77.04025,21545,Haryana,Ambala
Khairtal,27.80426,76.63861,38298,Rajasthan,Alwar
Bhugor,27.51689,76.60998,7666,Rajasthan,Alwar
Desula,27.53197,76.67934,7306,Rajasthan,Alwar
Diwakari,27.55525,76.65943,11188,Rajasthan,Alwar
Kansapur,30.14546,77.26633,18909,Haryana,Yamunanagar
Sisauli,30.14297,77.25959,22479,Haryana,Yamunanagar
Barhi Majra,30.11406,77.30547,9188,Haryana,Yamunanagar
Doha,27.67826,76.93611,7642,Haryana,Nuh
Kherli,27.27359,76.98613,17634,Rajasthan,Alwar
Mahu Khurd,26.46932,76.73254,10971,Rajasthan,Sawai Madhopur
Asara,29.24714,77.30886,15959,Uttar Pradesh,Baghpat
Ghoradongri,22.12426,77.99967,9745,Madhya Pradesh,Betul
Sarni,22.10317,78.17159,86141,Madhya Pradesh,Betul
Chikhli Kalan,22.2152,78.74304,9840,Madhya Pradesh,Chhindwara
Chandameta,22.19093,78.73032,16497,Madhya Pradesh,Chhindwara
Ambara,22.19022,78.67079,6282,Madhya Pradesh,Chhindwara
Palachaurai,22.20028,78.65918,7061,Madhya Pradesh,Chhindwara
Dighawani,22.20606,78.81348,5953,Madhya Pradesh,Chhindwara
Loniya,22.06178,78.91258,14989,Madhya Pradesh,Chhindwara
Sirgora,22.20634,78.88318,7430,Madhya Pradesh,Chhindwara
Borgaon,21.56113,78.81314,7497,Madhya Pradesh,Chhindwara
Wardhamna,21.12695,78.95026,6148,Maharashtra,Nagpur Division
Wanadongri,21.0938,78.97273,37667,Maharashtra,Nagpur Division
Nildoh,21.11075,78.98915,38157,Maharashtra,Nagpur Division
Sonegaon,21.13669,78.99728,9387,Maharashtra,Nagpur Division
Deolimet,21.15799,78.9679,14545,Maharashtra,Nagpur Division
Brahmani,21.24767,78.90647,10341,Maharashtra,Nagpur Division
Pimpalgaon,20.4128,78.12818,8317,Maharashtra,Yavatmal
Vaghapur,20.39544,78.11058,12684,Maharashtra,Yavatmal
Vadgaon,20.37589,78.11258,40884,Maharashtra,Yavatmal
Umarsera,20.37139,78.12343,21752,Maharashtra,Yavatmal
Belpahar,21.8218,83.8458,38993,Odisha,Jharsuguda District
Bishrampur,23.18967,83.0047,11367,Chhattisgarh,Surajpur
Bhauri,24.66094,72.91401,15312,Rajasthan,Sirohi
Mahna,30.22798,74.99365,27733,Punjab,Bathinda
Raman,29.95045,74.97852,22553,Punjab,Bathinda
Bargaon,24.63239,73.68258,9193,Rajasthan,Udaipur
Bhuwana,24.62143,73.70818,17665,Rajasthan,Udaipur
Bhucho Mandi,30.21287,75.09688,14961,Punjab,Bathinda
Satalkheri,24.65218,75.99826,15617,Rajasthan,Kota
Kumbhkot,24.61833,76.00077,6602,Rajasthan,Kota
Tapa,30.29794,75.36936,23248,Punjab,Barnala
Akalgarh,30.75951,75.64565,7678,Punjab,Ludhiana
Mullanpur,30.85457,75.66089,16356,Punjab,Ludhiana
Baddowal,30.86113,75.7469,6825,Punjab,Ludhiana
Bayanpur,28.9633,77.00811,5406,Haryana,Sonipat
Daryapur Kalan,28.81396,77.01112,6310,Delhi,North Delhi
Puth Khurd,28.77001,77.04944,10654,Delhi,North Delhi
Barwala,28.76129,77.06278,8948,Delhi,North Delhi
Pehladpur Bangar,28.75058,77.081,22968,Delhi,North Delhi
Siraspur,28.75815,77.13087,30445,Delhi,North Delhi
Khera Kalan,28.77445,77.11718,8252,Delhi,North Delhi
Khera Khurd,28.77555,77.09967,9777,Delhi,North Delhi
Bhorgarh,28.82926,77.09521,8627,Delhi,North Delhi
Bankner,28.85252,77.07869,14788,Delhi,North Delhi
Tikri Khurd,28.83539,77.1195,13772,Delhi,North Delhi
Kundli,28.86913,77.12061,21633,Haryana,Sonipat
Badh Malak,28.91981,77.09577,6938,Haryana,Sonipat
Bankoli,28.81204,77.14123,5339,Delhi,North Delhi
Bakhtawarpur,28.8234,77.17539,12716,Delhi,North Delhi
Ibrahimpur,28.77566,77.17771,10614,Delhi,North Delhi
Kadipur,28.77404,77.16308,18369,Delhi,North Delhi
Libaspur,28.75089,77.14647,44375,Delhi,North Delhi
Burari,28.7557,77.19941,146190,Delhi,Central Delhi
Bhattian,30.961,75.82886,11066,Punjab,Ludhiana
Pratap Singhwala,30.92824,75.7786,10843,Punjab,Ludhiana
Tharike,30.86669,75.78163,12294,Punjab,Ludhiana
Gil,30.84692,75.86362,28884,Punjab,Ludhiana
Bhamian Kalan,30.91911,75.94233,13174,Punjab,Ludhiana
Sanehwal,30.84134,75.98547,22484,Punjab,Ludhiana
Kanjhawala,28.73675,77.00516,10331,Delhi,North West Delhi
Karala,28.73548,77.03522,35730,Delhi,North West Delhi
Auhammadpur Majri,28.72922,77.03827,17462,Delhi,North West Delhi
Mubarakpur Dobas,28.7098,77.03936,12043,Delhi,North West Delhi
Rani Khera,28.70604,77.02584,16402,Delhi,North West Delhi
Gheora,28.69408,77.00156,6876,Delhi,North West Delhi
Begampur,28.72655,77.06689,53682,Delhi,North West Delhi
Puth Kalan,28.7116,77.07887,96002,Delhi,North West Delhi
Kamaruddinnagar,28.67695,77.05372,25126,Delhi,West Delhi
Mundka,28.68012,77.02975,54541,Delhi,West Delhi
Bakarwala,28.6678,77.02011,18122,Delhi,West Delhi
Nilithi,28.65201,77.05644,43371,Delhi,West Delhi
Baprola,28.64133,77.01415,52744,Delhi,West Delhi
Hashtsal,28.63406,77.05771,176877,Delhi,West Delhi
Chhawala,28.56277,77.00334,14662,Delhi,South West Delhi
Rijokri,28.51387,77.1151,19148,Delhi,New Delhi
Kapas Herd,28.52614,77.08396,74073,Delhi,New Delhi
Malakpur Kohi Rangpur,28.54029,77.12075,23726,Delhi,New Delhi
Kirari Sulemannagar,28.69736,77.0648,283211,Delhi,North West Delhi
Sahibabad Daulotpur,28.74705,77.11465,54773,Delhi,North Delhi
Mukandpur,28.73944,77.18315,57135,Delhi,Central Delhi
Bhalswa Jahangirpur,28.73558,77.16682,197148,Delhi,North Delhi
Muradabad Pahari,28.56456,77.15126,21502,Delhi,New Delhi
Deoli,28.50254,77.23117,169122,Delhi,South Delhi
Tighri,28.51225,77.24083,46974,Delhi,South Delhi
Saiyad-ul-ajaib,28.51923,77.20352,17914,Delhi,South Delhi
Sadatpur Gujran,28.72834,77.24817,97641,Delhi,North East Delhi
Jharoda Mazra Burari,28.73014,77.20911,22878,Delhi,Central Delhi
Karawalnagar,28.72712,77.27047,224281,Delhi,North East Delhi
Mustafabad,28.71974,77.26781,127167,Delhi,North East Delhi
Jiwanpur,28.71448,77.28489,43054,Uttar Pradesh,
Gokalpur,28.7029,77.28961,121870,Delhi,North East Delhi
Mandoli,28.70275,77.30995,120417,Delhi,Shahdara
Babarpur,28.68747,77.28558,37058,Delhi,Shahdara
Jafarabad,28.67873,77.27116,54601,Delhi,Shahdara
Chilla Soroda Bangar,28.59572,77.30189,83217,Delhi,East Delhi
Dalupura,28.6057,77.31901,154791,Delhi,East Delhi
Ali,28.5161,77.30993,27169,Delhi,South East
Molarband,28.50295,77.31442,91402,Delhi,South East
Jaitpur,28.50647,77.32976,59330,Haryana,
Kondli,28.61167,77.32667,38207,Delhi,East Delhi
Gharroli,28.6167,77.33207,92540,Delhi,East Delhi
Tilpat,28.46513,77.33285,20514,Haryana,Faridabad District
Mithepur,28.4974,77.31856,69837,Delhi,South East
Bisokhar,28.8515,77.5842,14332,Uttar Pradesh,Ghaziabad
Sikhera,28.86172,77.57077,5024,Uttar Pradesh,Ghaziabad
Choudwar,20.53917,85.91512,52999,Odisha,Cuttack
Goniana Mandi,30.31679,74.91254,15208,Punjab,Bathinda
Chuhal,31.59496,75.96837,7304,Punjab,Hoshiarpur
Satraud Khurd,29.13088,75.78775,5568,Haryana,Hisar
Satraud Kalan,29.10295,75.81474,11932,Haryana,Hisar
Mayar,29.10465,75.86388,6039,Haryana,Hisar
Pakhi Khanauri,29.84274,76.11372,14096,Punjab,Sangrur
Bhakli,28.41654,76.47543,9970,Haryana,Rewari District
Kherliganj,24.88078,76.66821,7022,Rajasthan,Baran
Singanuram,18.82218,79.50171,20061,Telangana,Mancherial
Bada,26.06479,75.02155,20372,Rajasthan,Ajmer
Sarwar,26.24252,75.12875,20372,Rajasthan,Ajmer
Mundali,28.86977,77.82658,12287,Uttar Pradesh,Meerut
Ettumanoor,9.67,76.57,26993,Kerala,Kottayam
Benipur,26.05509,86.14557,75317,Bihar,Darbhanga
Rosera,25.75494,86.03155,31155,Bihar,Samastipur
Sonepur,25.69608,85.16669,37776,Bihar,Saran
Mahnar Bazar,25.60962,85.48076,48293,Bihar,Vaishali
Jora Khurd,26.48927,77.97578,32087,Madhya Pradesh,Morena
Malanpur,26.35718,78.28697,7492,Madhya Pradesh,Bhind
Gothara,28.0662,75.81772,16933,Rajasthan,Jhunjhunu District
Ramgarh,25.89056,78.32925,8423,Madhya Pradesh,Gwalior
Buzurg,25.89044,78.34528,13868,Madhya Pradesh,Gwalior
Amargarh,30.46207,76.01438,7339,Punjab,Malerkotla
Lahauran Bara,30.39672,76.15617,10218,Punjab,Patiala
Darapur,34.51219,74.41399,8464,Jammu and Kashmir,Kupwara
Rurki,30.36953,76.47415,10509,Punjab,Patiala
Mulanpur,30.79997,76.74358,6165,Punjab,Ajitgarh
Nilpur,30.46889,76.57972,8391,Punjab,Patiala
Lalru,30.4917,76.79869,21394,Punjab,Ajitgarh
Kanwala,30.34781,76.79448,5024,Haryana,Ambala
Kardhan,30.31768,76.86596,18662,Haryana,Ambala
Nanhera,30.3192,76.84798,6035,Haryana,Ambala
Bablai,30.35729,76.879,26412,Haryana,Ambala
Boh,30.38093,76.87999,8482,Punjab,
Tundla,30.38042,76.85661,5658,Haryana,Ambala
Jandli,30.3571,76.79639,14397,Haryana,Ambala
Bad,27.41067,77.69224,14559,Uttar Pradesh,Mathura
Rawan,21.68405,82.08741,5100,Chhattisgarh,Baloda Bazar
Chikhlakasa,20.59998,81.07781,6160,Chhattisgarh,Balod
Ahiwara,21.35799,81.41794,20384,Chhattisgarh,Durg
Birgaon,21.30758,81.62793,96294,Chhattisgarh,Raipur
Wajegaon,19.14389,77.34572,9772,Maharashtra,Nanded
Balirampur,19.12082,77.33943,11939,Maharashtra,Nanded
Dhanegaon,19.12726,77.33705,9809,Maharashtra,Nanded
Pipri,20.78613,78.5936,23661,Maharashtra,Wardha
Nalvadi,20.75741,78.62215,12119,Maharashtra,Wardha
Mhasal,20.75044,78.63634,8883,Maharashtra,Wardha
Bhimnagar,20.72434,78.58437,14394,Maharashtra,Wardha
Borgaon,20.72272,78.60392,19759,Maharashtra,Wardha
Sindi,20.74238,78.5871,20956,Maharashtra,Wardha
Bansatarkheda,23.79192,79.33896,5458,Madhya Pradesh,Damoh
Hirdepur,23.82716,79.42353,8100,Madhya Pradesh,Damoh
Karmeta,23.20725,79.89623,14452,Madhya Pradesh,Jabalpur
Mandai,23.21912,79.98546,6743,Madhya Pradesh,Jabalpur
Amkhera,23.21334,79.93336,8957,Madhya Pradesh,Jabalpur
Suhagi,23.2206,79.95691,14787,Madhya Pradesh,Jabalpur
Bilpura,23.22161,79.99174,14349,Madhya Pradesh,Jabalpur
Saidapur,16.56444,77.26494,5432,Karnataka,Yadgir
Boyapalli,16.78078,77.99097,9247,Telangana,Mahbubnagar
Timmapur,19.0484,78.64143,13485,Telangana,Nirmal
Potreddipalli,17.58803,78.07984,11514,Telangana,Sangareddy
Isnapuram,17.54236,78.19947,8276,Telangana,Sangareddy
Walni,21.32314,79.08716,9393,Maharashtra,Nagpur Division
Silewara,21.2912,79.12404,7290,Maharashtra,Nagpur Division
Tikadi,21.25765,79.22605,13741,Maharashtra,Nagpur Division
Chicholi,21.26644,79.11559,18469,Maharashtra,Nagpur Division
Mahadula,21.25257,79.08106,21481,Maharashtra,Nagpur Division
Bhokra,21.22787,79.06799,8602,Maharashtra,Nagpur Division
Kandri,21.24297,79.23911,10624,Maharashtra,Nagpur Division
Kanhan,21.22899,79.2398,22945,Maharashtra,Nagpur Division
Yerkhera,21.21649,79.18545,15727,Maharashtra,Nagpur Division
Narsala,21.08973,79.13586,17330,Maharashtra,Nagpur Division
Hudkeshwar Buzurg,21.08235,79.12736,24499,Maharashtra,Nagpur Division
Wari,21.15313,79.0076,54048,Maharashtra,Nagpur Division
Jhundpura,26.3473,77.50098,9803,Madhya Pradesh,Morena
Sivunipalli,17.84415,79.38224,6242,Telangana,Jangoan
Kadipikonda,17.96371,79.50976,8685,Telangana,Hanamkonda
Mamnur,17.90919,79.59262,6319,Telangana,Warangal Rural
Gorrakunta,17.97621,79.64496,13159,Telangana,Warangal Rural
Guntur,17.9962,79.64449,13183,Telangana,Hanamkonda
Chandur,16.98085,79.05875,10880,Telangana,Nalgonda District
Vijayapuri North,16.58534,79.32046,15887,Telangana,Nalgonda District
Garhi,25.04486,79.68818,13625,Madhya Pradesh,Chhatarpur
Maharajpur,25.01939,79.73189,23328,Madhya Pradesh,Chhatarpur
Satai,24.72203,79.63098,10592,Madhya Pradesh,Chhatarpur
Mahragaon,22.60612,77.75628,5625,Madhya Pradesh,Narmadapuram district
Umbri,20.71373,77.02639,20262,Maharashtra,Akola
Khadki Buzurg,20.66756,77.02226,12133,Maharashtra,Akola
Dhodra Mohar,22.27372,77.88552,5956,Madhya Pradesh,Betul
Anwari,25.15324,83.62295,6702,Bihar,Kaimur District
Murmari,21.07292,79.82804,7576,Maharashtra,Bhandara
Jiraun Kasba,25.12104,78.65597,9426,Madhya Pradesh,Niwari
Desaiganj,20.62354,79.96454,28781,Maharashtra,Gadchiroli
Kondhi,20.01453,79.28564,10497,Maharashtra,Chandrapur
Barigarh,25.23248,80.03466,8918,Madhya Pradesh,Chhatarpur
Gokunda,19.60707,78.20072,11600,Maharashtra,Nanded
Ramachandrapuran,17.51258,78.28854,15381,Telangana,Sangareddy
Aminpur,17.5242,78.32273,36452,Telangana,Sangareddy
Bolarum,17.55606,78.34824,34667,Telangana,Sangareddy
Baspalli,17.53909,78.36355,27563,Telangana,Sangareddy
Narsingi,17.39017,78.35693,9449,Telangana,Rangareddi
Kottapeta,17.30589,78.49099,12740,Telangana,Rangareddi
Kismatpur,17.33411,78.39248,7288,Telangana,Rangareddi
Raniganj,17.42841,78.49361,217910,Telangana,Hyderabad
Tarichar Kalan,25.41182,78.88997,7674,Madhya Pradesh,Niwari
Nivari,25.34911,78.79974,23724,Madhya Pradesh,Niwari
Badepalli,16.7549,78.14427,32598,Telangana,Mahbubnagar
Yenugonda,16.75667,78.03573,10611,Telangana,Mahbubnagar
Achampet,16.3982,78.63758,20721,Telangana,Nagarkurnool
Torur,17.5835,79.65857,19100,Telangana,Mahabubabad
Jainur,19.37348,78.90828,6342,Telangana,Kumuram Bheem Asifabad
Rajakheri,23.85931,78.7852,24232,Madhya Pradesh,Sagar
Gamharia,23.85975,78.81392,7984,Madhya Pradesh,Sagar
Makronia,23.84765,78.79903,23861,Madhya Pradesh,Sagar
Bhainsa,23.86475,78.72999,5144,Madhya Pradesh,Sagar
Hatwans,22.76828,78.34637,12295,Madhya Pradesh,Narmadapuram district
Khanr,24.18082,81.28567,10653,Madhya Pradesh,Shahdol
Damua,22.19291,78.46703,24663,Madhya Pradesh,Chhindwara
Waghoda,21.37315,78.93489,7628,Maharashtra,Nagpur Division
Kakarati,24.56393,80.2659,8452,Madhya Pradesh,Panna
Devendranagar,24.61688,80.37889,12785,Madhya Pradesh,Panna
Gotegaon,23.02888,79.48233,28074,Madhya Pradesh,Narsimhapur
Jaitwari,24.72368,80.86132,9685,Madhya Pradesh,Satna
Harduli,22.92783,79.90299,7682,Madhya Pradesh,Jabalpur
Kaimur,24.05441,80.6136,19343,Madhya Pradesh,Katni
Ugrakheri,29.378,77.00934,24440,Haryana,Panipat
Naurhiya,24.20688,82.56547,6529,Madhya Pradesh,Singrauli
Ladpur,28.73809,76.99526,5529,Delhi,North West Delhi
Tikri Kalan,28.68355,76.97007,16313,Delhi,West Delhi
Nangli Sakrawat,28.62169,76.9923,37706,Delhi,South West Delhi
Bhardua,24.92002,83.79478,5317,Bihar,Rohtas
Worthi,21.24013,79.64424,13058,Maharashtra,Bhandara
Bela,21.15572,79.61774,5914,Maharashtra,Bhandara
Dhanal,21.15141,79.5424,6339,Maharashtra,Bhandara
Saori,21.112,79.54562,8770,Maharashtra,Bhandara
Tirora,21.40409,79.92617,25181,Maharashtra,Gondiya
Borkheri,20.9479,79.01505,13294,Maharashtra,Nagpur Division
Khandbara,21.30608,74.0441,6511,Maharashtra,Nandurbar
Jajmau,26.4304,80.4095,652831,Uttar Pradesh,Kanpur
Gunpuram,18.61089,78.19409,5182,Telangana,Nizamabad
Surankot,33.62708,74.27468,6743,Jammu and Kashmir,Punch
Kralapur,33.99951,74.81331,13889,Jammu and Kashmir,Badgam
Narsapuram,18.10044,78.88021,6647,Telangana,Siddipet
Kumbalam,9.9063,76.31127,29193,Kerala,Ernakulam
Aroor,9.8694,76.30498,39214,Kerala,Alappuzha
Kadakkavoor,8.67921,76.76714,25362,Kerala,Thiruvananthapuram
Kalavoor,9.57046,76.32756,29564,Kerala,Alappuzha
Kalamassery,10.0614,76.32631,71038,Kerala,Ernakulam
Sivar,20.69169,77.05102,6047,Maharashtra,Akola
Prisal,33.75581,75.04211,5132,Jammu and Kashmir,Kulgam
Yaripur,33.72249,75.0181,12123,Jammu and Kashmir,Kulgam
Patha Deosar,33.63401,75.07186,9765,Jammu and Kashmir,Kulgam
Kamalapuram,18.26803,80.48904,11493,Telangana,Mulugu
Khamaria,23.21287,80.03134,9839,Madhya Pradesh,Jabalpur
Manegaon,23.2062,80.01232,12599,Madhya Pradesh,Jabalpur
Bunjwah,33.14584,75.9479,15899,Jammu and Kashmir,Kishtwar
Bahrampur,32.13146,75.39559,5432,Punjab,Gurdaspur
Tibri,32.00312,75.45052,11845,Punjab,Gurdaspur
Daulatpur,32.26659,75.63265,12988,Punjab,Pathankot
Manwal,32.30261,75.6757,6496,Punjab,Pathankot
Sujanpur,32.31625,75.60741,28270,Punjab,Pathankot
Ghoh,32.32989,75.67484,6883,Punjab,Pathankot
Tharial,32.3544,75.60668,5081,Punjab,Pathankot
Jugial,32.36839,75.67819,15210,Punjab,Pathankot
Kot,32.40039,75.72166,5406,Punjab,Pathankot
Mamun,32.28241,75.69831,32689,Punjab,Pathankot
Varphalia,21.82769,74.21914,6093,Maharashtra,Nandurbar
Dyane,20.56743,74.52845,49192,Maharashtra,Nashik Division
Soyagaon,20.5525,74.50687,34341,Maharashtra,Nashik Division
Sangmeshwar,20.54992,74.52831,10815,Maharashtra,Nashik Division
Maldhe,20.52158,74.55343,11881,Maharashtra,Nashik Division
Pimpalgaon,20.14523,74.2408,5741,Maharashtra,Nashik Division
Golkhera,22.43816,75.66001,5409,Madhya Pradesh,Indore
Bangarda,22.7592,75.79536,15761,Madhya Pradesh,Indore
Piplya Kumar,22.7685,75.91214,10684,Madhya Pradesh,Indore
Lassodyameri,22.7832,75.91256,10225,Madhya Pradesh,Indore
Bangarda Chhota,22.74354,75.81448,64213,Madhya Pradesh,Indore
Sihasa,22.70253,75.77875,5050,Madhya Pradesh,Indore
Bank,22.70296,75.8039,18534,Madhya Pradesh,Indore
Ahirkheri,22.68,75.80482,10165,Madhya Pradesh,Indore
Ravu,22.63727,75.81474,36055,Madhya Pradesh,Indore
Sater,22.57049,75.77914,6540,Madhya Pradesh,Indore
Palda,22.68004,75.89391,18697,Madhya Pradesh,Indore
Limbodi,22.66656,75.88997,9488,Madhya Pradesh,Indore
Bicholi Hapsi,22.7155,75.93941,8774,Madhya Pradesh,Indore
Bhagal Jagana,24.12607,72.38617,6250,Gujarat,Banas Kantha
Chhapi,24.03225,72.40063,8379,Gujarat,Banas Kantha
Khairi,22.5983,80.39243,6438,Madhya Pradesh,Mandla
Deodora,22.61487,80.36165,10008,Madhya Pradesh,Mandla
Satiawala,30.9273,74.64562,8724,Punjab,Firozpur
Asan Khurd,29.40445,76.87323,6873,Haryana,Panipat
Garra,21.80921,80.14108,5533,Madhya Pradesh,Balaghat
Hirapur,21.84192,80.23997,6315,Madhya Pradesh,Balaghat
Kosmi,21.80448,80.2068,8970,Madhya Pradesh,Balaghat
Raya,31.54235,75.23568,14506,Punjab,Amritsar
Kudwa,21.47799,80.18563,11549,Maharashtra,Gondiya
Katangi,21.48482,80.20348,6440,Maharashtra,Gondiya
Fulchur,21.43705,80.2045,5480,Maharashtra,Gondiya
Khamari,21.42684,80.2345,6794,Maharashtra,Gondiya
Risama,21.36453,80.37108,6925,Maharashtra,Gondiya
Fateh Nangal,31.94534,75.31905,7721,Punjab,Gurdaspur
Budha Theh,31.51774,75.30092,10979,Punjab,Amritsar
Husainpur,31.31185,75.32172,15575,Punjab,Kapurthala
Siat,25.88789,73.73847,12472,Rajasthan,Pali District
Behjoga,31.93849,75.81493,5722,Punjab,Hoshiarpur
Mahindale,20.90541,74.74753,7977,Maharashtra,Dhule
Bodri,22.02346,82.11357,17481,Chhattisgarh,Bilaspur
Sirgitti,22.04713,82.14871,18428,Chhattisgarh,Bilaspur
Lingiadih,22.07748,82.17605,22209,Chhattisgarh,Bilaspur
Tifra,22.06312,82.13129,30465,Chhattisgarh,Bilaspur
Koni,22.12171,82.13362,7065,Chhattisgarh,Bilaspur
Deori,22.09901,82.2664,17265,Chhattisgarh,Bilaspur
Dehri,22.66764,75.51958,8606,Madhya Pradesh,Dhar
Partabpur,21.83426,75.63728,11835,Madhya Pradesh,Khargone
Naila,22.02074,82.5666,40561,Chhattisgarh,Janjgir-Champa
Takli,20.47067,75.02436,10630,Maharashtra,Jalgaon
Rahud,21.81261,82.50629,6160,Chhattisgarh,Janjgir-Champa
Tundra,21.67687,82.60919,8211,Chhattisgarh,Baloda Bazar
Shankar,31.1481,75.53234,5639,Punjab,Jalandhar
Khotran,31.20128,75.80148,5046,Punjab,Shahid Bhagat Singh Nagar
Apra,31.08628,75.87907,6258,Punjab,Jalandhar
Goraya,31.12411,75.7724,16462,Punjab,Jalandhar
Pakhanjur,20.03254,80.62109,10201,Chhattisgarh,Uttar Bastar Kanker
Sargaon,21.90086,81.97724,7484,Chhattisgarh,Mungeli
Gobindgarh,30.67089,76.30192,82266,Punjab,Fatehgarh Sahib
Balaungi,30.73058,76.69368,15982,Punjab,Ajitgarh
Bagrana,26.88474,75.93239,10790,Rajasthan,Jaipur
Baghaula,28.20879,77.30791,5413,Haryana,Palwal
Got,28.85105,78.83628,6599,Uttar Pradesh,Moradabad
Khaliapali,21.36397,83.61641,6865,Odisha,Baragarh
Bardol,21.38189,83.59388,5441,Odisha,Baragarh
Bandbahal,21.74941,83.87757,9735,Odisha,Jharsuguda District
Koteshwar,13.58936,74.69618,10229,Karnataka,Udupi
Pudupattanam,12.50855,80.14976,21151,Tamil Nadu,Chengalpattu district
Sanivarapupeta,16.73047,81.07769,8142,Andhra Pradesh,Eluru
Satrampadu,16.70591,81.07382,6393,Andhra Pradesh,Eluru
Tangellamudi,16.72121,81.10517,8250,Andhra Pradesh,Eluru
Dwaraka Tirumala,16.95427,81.25585,5543,Andhra Pradesh,Eluru
Sarapaka,17.69129,80.86998,22149,Telangana,Bhadradri Kothagudem
Sadpalli,17.20995,80.83642,31857,Telangana,Khammam
Peddaboddepalle,17.66064,82.62957,12781,Andhra Pradesh,Anakapalli
Nakkapalle,17.40792,82.71663,7603,Andhra Pradesh,Anakapalli
Chittapari,18.24327,82.04991,11796,Odisha,Malkangiri
Chandili,19.24665,83.40577,18552,Odisha,Rayagada
Ibrahimpatnam,16.58303,80.51432,29432,Andhra Pradesh,NTR
Guntupalle,16.56794,80.54758,11187,Andhra Pradesh,NTR
Ramavarappadu,16.52086,80.68078,22222,Andhra Pradesh,NTR
Damonojodi,18.76323,82.91936,8862,Odisha,Koraput
Kurmur,18.75454,82.93787,8504,Odisha,Koraput
Kanuru,16.49853,80.69141,49006,Andhra Pradesh,Krishna
Poranki,16.47771,80.70755,25545,Andhra Pradesh,Krishna
Tadigadapa,16.47129,80.69695,17462,Andhra Pradesh,Krishna
Bacheli,18.68435,81.26861,21435,Chhattisgarh,Dakshin Bastar Dantewada
Malicherla,18.07098,83.40023,5229,Andhra Pradesh,Vizianagaram District
Chintalavalasa,18.06701,83.40907,5921,Andhra Pradesh,Vizianagaram District
Ponduru,18.34957,83.75649,12640,Andhra Pradesh,Srikakulam
Balaga,18.31545,83.89326,9071,Andhra Pradesh,Srikakulam
Mulaguntapadu,15.26405,80.01956,7145,Andhra Pradesh,Prakasam
Peddikuppam,13.44101,80.12175,8044,Tamil Nadu,Thiruvallur
Attippattu,13.26329,80.2911,11034,Tamil Nadu,Thiruvallur
Santpur,24.47052,72.7703,9186,Rajasthan,Sirohi
Cherthala,9.68444,76.33558,45827,Kerala,Alappuzha
Cheppad,9.23458,76.47326,20052,Kerala,Alappuzha
Kunnumma,9.35672,76.41343,14918,Kerala,Alappuzha
Karnawad,22.73607,76.24387,11266,Madhya Pradesh,Dewas
Bar,23.16276,73.4227,6000,Gujarat,Mahisagar
Keru,26.19247,73.0443,38429,Rajasthan,Jodhpur
Sangaria,26.18872,73.02649,22853,Rajasthan,Jodhpur
Falna,25.26743,73.23933,24839,Rajasthan,Pali District
Sanrha,25.79787,84.75045,11362,Bihar,Saran
Pareo,25.55819,84.8017,8435,Bihar,Patna
Boraj,26.45413,74.6103,8780,Rajasthan,Ajmer
Barla,26.42989,74.72707,5111,Rajasthan,Ajmer
Akalkuva,21.5543,74.01922,17840,Maharashtra,Nandurbar
Todi,25.11226,74.26051,6816,Rajasthan,Bhilwara District
Hat Saraiya,26.7946,84.48534,6863,Bihar,Pashchim Champaran
Tola Rampurwa Motalke Kurwa Mathia,26.86587,84.5279,13758,Bihar,Pashchim Champaran
Tola Mansaraut,26.80129,84.53909,6451,Bihar,Pashchim Champaran
Kargahia Purab,26.78871,84.52983,9995,Bihar,Pashchim Champaran
Akera,27.01208,75.80884,9062,Rajasthan,Jaipur
Arak,25.61159,84.22165,6147,Bihar,Buxar
Janpur,25.29578,84.87894,10614,Bihar,Patna
Makhdumpur,25.06567,84.97247,31994,Bihar,Jehanabad
Saraiya,24.80118,84.0816,8260,Bihar,Rohtas
Madhurampur Dehri,24.96899,84.1964,137231,Bihar,Rohtas
Sudna,24.05255,84.07202,14552,Jharkhand,Palamu
Baralota,24.04017,84.08065,14880,Jharkhand,Palamu
Rerma,24.03716,84.08176,12497,Jharkhand,Palamu
Shahpur,24.03125,84.05428,13513,Jharkhand,Palamu
Chainpur,24.01163,84.04672,8188,Jharkhand,Palamu
Nokha,25.10479,84.1162,27302,Bihar,Rohtas
Bela,25.55707,84.43078,26707,Bihar,Bhojpur
Tar,25.3959,84.34328,6123,Bihar,Bhojpur
Badagrama,13.19105,74.74722,8117,Karnataka,Udupi
Varamballi,13.36401,74.76262,6809,Karnataka,Udupi
Badagabettu,13.33348,74.7999,9309,Karnataka,Udupi
Alevur,13.31007,74.78856,6302,Karnataka,Udupi
Manipura,13.29621,74.79265,5001,Karnataka,Udupi
Mallar,13.21422,74.76096,7765,Karnataka,Udupi
Nadisal,13.13264,74.77774,11611,Karnataka,Udupi
Talipadi,13.06648,74.85429,7237,Karnataka,Dakshina Kannada
Sanuru,13.17474,74.99173,6881,Karnataka,Udupi
Talpadi,12.766,74.88937,9532,Karnataka,Dakshina Kannada
Manjanadi,12.78275,74.89788,10401,Karnataka,Dakshina Kannada
Kotekara,12.7929,74.87217,16505,Karnataka,Dakshina Kannada
Someshvara,12.80351,74.86472,24066,Karnataka,Dakshina Kannada
Belma,12.81383,74.90542,6452,Karnataka,Dakshina Kannada
Harekala,12.84255,74.91528,6814,Karnataka,Dakshina Kannada
Mudashedde,12.93444,74.89215,8155,Karnataka,Dakshina Kannada
Kenjaru,12.96283,74.85934,5338,Karnataka,Dakshina Kannada
Tokuru,12.96384,74.83803,7433,Karnataka,Dakshina Kannada
Bajpe,12.98029,74.88318,9701,Karnataka,Dakshina Kannada
Kolambe,12.96467,74.90865,5592,Karnataka,Dakshina Kannada
Badagal Ulipadi,12.95206,74.95815,7062,Karnataka,Dakshina Kannada
Adduru,12.92049,74.95656,5426,Karnataka,Dakshina Kannada
Bondantila,12.90357,74.92532,5858,Karnataka,Dakshina Kannada
Arkula,12.8743,74.94345,5077,Karnataka,Dakshina Kannada
Niramargar,12.88568,74.9151,5503,Karnataka,Dakshina Kannada
Adyar,12.87033,74.92257,7034,Karnataka,Dakshina Kannada
Tumbe,12.86801,74.98845,6230,Karnataka,Dakshina Kannada
Kairangala,12.79668,74.94695,5788,Karnataka,Dakshina Kannada
Pudu,12.86667,74.96726,13533,Karnataka,Dakshina Kannada
Bangramanjeshvara,12.70894,74.8947,5791,Kerala,Kasaragod District
Hesabettu,12.71906,74.88721,5179,Kerala,Kasaragod District
Kunjatturu,12.74689,74.88785,13633,Kerala,Kasaragod District
Shiriya,12.63337,74.93081,5277,Kerala,Kasaragod District
Koipadi,12.59302,74.96262,18121,Kerala,Kasaragod District
Mogral,12.57255,74.95839,8912,Kerala,Kasaragod District
Shiravagilu,12.54921,74.98759,7630,Kerala,Kasaragod District
Kudlu,12.52979,74.97881,26235,Kerala,Kasaragod District
Narayanapuram,14.70404,77.578,14227,Andhra Pradesh,Anantapur
Kakkalapalle,14.64152,77.56684,30128,Andhra Pradesh,Anantapur
Papampeta,14.68553,77.578,13850,Andhra Pradesh,Anantapur
Somandepalle,14.00774,77.60846,18895,Andhra Pradesh,Sri Sathya Sai
Arshakunti,13.07849,77.42247,10567,Karnataka,Bangalore Rural
Bashettihalli,13.26158,77.55379,7943,Karnataka,Bangalore Rural
Kadiganahalli,13.16875,77.62825,6587,Karnataka,Bangalore Urban
Kawlet,14.5223,75.77458,6265,Karnataka,Haveri
Ramanattukara,11.17802,75.86892,35937,Kerala,Kozhikode
Shamshi,31.86641,77.1472,8870,Himachal Pradesh,Kulu
Padoli,19.99973,79.26233,5275,Maharashtra,Chandrapur
Isapur,19.8836,79.32595,9398,Maharashtra,Chandrapur
Devapur,19.04426,79.34989,9683,Telangana,Mancherial
Munnuru,12.86163,75.01855,8864,Karnataka,Dakshina Kannada
Narikombu,12.88458,75.05423,7800,Karnataka,Dakshina Kannada
Madhuru,12.53981,75.01016,12685,Kerala,Kasaragod District
Chammanad,12.48023,75.00726,14323,Kerala,Kasaragod District
Uduma,12.43585,75.01811,8115,Kerala,Kasaragod District
Pallikere,12.40598,75.03973,14334,Kerala,Kasaragod District
Kikana,12.38251,75.05577,9735,Kerala,Kasaragod District
Bare,12.44599,75.04202,12804,Kerala,Kasaragod District
Chengala,12.49839,75.0503,15588,Kerala,Kasaragod District
Ajanur,12.33614,75.09297,33079,Kerala,Kasaragod District
Perole,12.25729,75.1393,14965,Kerala,Kasaragod District
Gond Pipri,19.71499,79.68618,8474,Maharashtra,Chandrapur
Pilikodu,12.19154,75.16443,9676,Kerala,Kasaragod District
Karuvellur,12.17606,75.19314,13498,Kerala,Kannur
Trikarpur North,12.14579,75.17475,18210,Kerala,Kasaragod District
Trikarpur South,12.11649,75.18517,22991,Kerala,Kasaragod District
Madayi,12.03427,75.23779,35888,Puducherry,
Kunnimangalam,12.07354,75.2412,18965,Puducherry,
Kuvettu,12.98092,75.25353,7041,Karnataka,Dakshina Kannada
Beltangadi,12.9795,75.26995,7746,Karnataka,Dakshina Kannada
Bhagirathpur,25.89369,85.77625,5323,Bihar,Samastipur
Dharampur,25.87547,85.76857,5291,Bihar,Samastipur
Mathurapur,25.87099,85.78816,7627,Bihar,Samastipur
Bhuindhara,25.85248,85.76055,6614,Bihar,Samastipur
Mansur Chak,25.62314,85.92076,5359,Bihar,Begusarai
Konra,24.31033,85.4221,8258,Jharkhand,Hazaribag
Pelawal,24.01582,85.33787,14848,Jharkhand,Hazaribag
Marai Kalan,24.02111,85.35062,10447,Jharkhand,Hazaribag
Meru,24.00967,85.46731,7780,Jharkhand,Hazaribag
Mathadahatti,14.23932,76.37932,5884,Karnataka,Chitradurga
Molakalumuru,14.71783,76.74677,15797,Karnataka,Chitradurga
Bhadauni,24.87544,85.53369,20739,Bihar,Nawada
Karma,24.45365,85.55083,5753,Jharkhand,Kodarma
Bekobar,24.41917,85.5888,7184,Jharkhand,Kodarma
Satghara,26.39772,86.16784,8060,Bihar,Madhubani
Satyamangala,13.01927,76.12434,18002,Karnataka,Hassan
Pariyaram,12.05876,75.32476,20405,Kerala,Kannur
Nurpur,25.42405,86.04353,7202,Bihar,Begusarai
Bihat,25.42534,86.02083,67952,Bihar,Begusarai
Malhipur,25.40691,86.02344,12439,Bihar,Begusarai
Laruara,25.45398,86.12121,9376,Bihar,Begusarai
Kurgahalli,12.35459,76.57668,7065,Karnataka,Mysore
Hutagalli,12.34172,76.58629,18308,Karnataka,Mysore
Hinakallu,12.33042,76.60213,23162,Karnataka,Mysore
Bogadi,12.30301,76.59821,9041,Karnataka,Mysore
Gargeswari,12.23921,76.89453,5343,Karnataka,Mysore
Bhairapura,12.21998,76.89869,14276,Karnataka,Mysore
Rekurti,18.46886,79.11188,7626,Telangana,Karimnagar
Ghazipur,25.09832,86.66033,11299,Bihar,Munger
Cherukunnu,11.99564,75.28717,16111,Kerala,Kannur
Kannapuram,11.98434,75.30414,18459,Kerala,Kannur
Pallikunnu,11.88993,75.35652,27820,Kerala,Kannur
Chirakkal,11.91257,75.36102,45601,Kerala,Kannur
Kalliyassheri,11.97549,75.36453,31122,Kerala,Kannur
Puzhathi,11.90112,75.38924,35212,Kerala,Kannur
Kolaccheri,11.97634,75.41675,17095,Kerala,Kannur
Valavilcheleri,11.95251,75.40431,10848,Kerala,Kannur
Kannadiparamba,11.93722,75.40308,13677,Kerala,Kannur
Elayavur,11.88918,75.4124,33853,Kerala,Kannur
Pinarayi,11.8049,75.481,16801,Kerala,Kannur
Chalakilakakara,11.85404,75.43869,17088,Kerala,Kannur
Mavitayi,11.84118,75.47695,12286,Kerala,Kannur
Iriveri,11.85586,75.47362,17231,Kerala,Kannur
Chelora,11.89494,75.43959,20952,Kerala,Kannur
Kudali,11.91982,75.47218,15236,Kerala,Kannur
Munderi,11.93028,75.44546,21676,Kerala,Kannur
Maniyur,11.95288,75.44808,12681,Kerala,Kannur
Kuttyattur,11.97026,75.48784,13244,Kerala,Kannur
Mayyil,11.98485,75.43838,12490,Kerala,Kannur
Saknepalli,18.92862,79.45712,32385,Telangana,Mancherial
Tarlapalli,18.83448,79.49068,9656,Telangana,Mancherial
Keevallur,11.89703,75.53099,20440,Kerala,Kannur
Patuvilayi,11.86561,75.52327,20598,Kerala,Kannur
Patiriyat,11.84896,75.51473,18008,Kerala,Kannur
Eruvatti,11.80621,75.53023,16905,Kerala,Kannur
Katirur,11.78491,75.53015,31087,Kerala,Kannur
Erannoli,11.76913,75.51766,25818,Kerala,Kannur
Pattyam,11.79296,75.5641,20161,Kerala,Kannur
Mokeri,11.77759,75.57309,19684,Kerala,Kannur
Manantheri,11.84085,75.60932,14667,Kerala,Kannur
Kolavallur,11.7507,75.61988,19817,Kerala,Kannur
Maniyur,11.55221,75.65026,21820,Kerala,Kozhikode
Chorod,11.62773,75.59147,38245,Kerala,Kozhikode
Edaccheri,11.68178,75.6248,26819,Kerala,Kozhikode
Eramala,11.68591,75.59104,34658,Kerala,Kozhikode
Azhiyur,11.69348,75.56013,30023,Kerala,Kozhikode
Tuneri,11.69699,75.63491,23421,Kerala,Kozhikode
Panniyannur,11.74859,75.57558,22308,Kerala,Kannur
Valayam,11.72559,75.64921,14328,Kerala,Kozhikode
Chekkiad,11.71733,75.6419,24246,Kerala,Kozhikode
Ayancheri,11.62609,75.67427,26293,Kerala,Kozhikode
Eravattur,11.58006,75.73841,17016,Kerala,Kozhikode
Meppayyur,11.53885,75.7351,13922,Kerala,Kozhikode
Kunnummal,11.68325,75.71078,18031,Kerala,Kozhikode
Chemancheri,11.40482,75.72363,34819,Kerala,Kozhikode
Kizhariyur,11.4982,75.68069,15116,Kerala,Kozhikode
Nag,31.73012,74.9423,9352,Punjab,Amritsar
Nangli,31.68633,74.88747,20440,Punjab,Amritsar
Kathanian,31.63728,74.75718,10679,Punjab,Amritsar
Kuttali,11.58549,75.76659,11389,Kerala,Kozhikode
Ulliyeri,11.45247,75.76662,32509,Kerala,Kozhikode
Icchannur,11.36148,75.77819,40697,Kerala,Kozhikode
Talakkolattur,11.35366,75.75798,29388,Kerala,Kozhikode
Nanminda,11.42325,75.82308,27316,Kerala,Kozhikode
Kuruvattur,11.33609,75.83511,34241,Kerala,Kozhikode
Perumanna,11.2529,75.89059,35460,Kerala,Kozhikode
Kuttikkattur,11.26258,75.8796,25929,Kerala,Kozhikode
Puvatuparamba,11.271,75.88945,27598,Kerala,Kozhikode
Pulakkod,11.30975,75.94995,29872,Kerala,Kozhikode
Tennala,10.99342,75.93504,56546,Kerala,Malappuram
Ponmundam,10.95356,75.9468,25855,Kerala,Malappuram
Cheriyamundam,10.94764,75.95643,31212,Kerala,Malappuram
Triprangod,10.84225,75.94856,41167,Kerala,Malappuram
Tanalur,10.95154,75.90961,47976,Kerala,Malappuram
Edakkazhiyur,10.62276,75.99651,17335,Kerala,Thrissur District
Punnayur,10.65207,75.99512,19387,Kerala,Thrissur District
Marancheri,10.74051,75.97096,35011,Kerala,Malappuram
Onda,15.55635,74.05848,5863,Goa,North Goa
Benkanhalli,15.86408,74.45701,10999,Karnataka,Belgaum
Machai,15.79261,74.48414,18073,Karnataka,Belgaum
Piranvadi,15.80202,74.48012,17874,Karnataka,Belgaum
Hindalgi,15.87495,74.47205,13741,Karnataka,Belgaum
Kangarali-khurd,15.89535,74.49904,8204,Karnataka,Belgaum
Navkawada,19.91992,79.10765,5634,Maharashtra,Chandrapur
Nanda,19.77222,79.13086,9378,Maharashtra,Chandrapur
Dharmaram,18.30384,79.48924,11537,Telangana,Karimnagar
Bhimavaram,18.0299,79.5391,13841,Telangana,Hanamkonda
Vaddu,15.1866,76.63112,12453,Karnataka,Ballari
Kurikuppi,15.21758,76.64873,22560,Karnataka,Ballari
Gonikoppal,12.18302,75.92943,8306,Karnataka,Kodagu
Kakti,15.93158,74.52598,13946,Karnataka,Belgaum
Kangarali-budrukh,15.90523,74.51128,10496,Karnataka,Belgaum
Yelur,15.78158,74.51819,11850,Karnataka,Belgaum
Mutge,15.86561,74.59183,7561,Karnataka,Belgaum
Sulebhavi,15.89572,74.65494,8503,Karnataka,Belgaum
Jali,13.99005,74.53072,10802,Karnataka,Uttar Kannada
Tenkanidiyur,13.36907,74.70973,6188,Karnataka,Udupi
Tonse East,13.39629,74.72172,7911,Karnataka,Udupi
Mudabettu,13.26776,74.74805,5018,Karnataka,Udupi
Lau,24.94642,84.87562,5933,Bihar,Gaya
Thirunavaya,10.87459,75.98546,24790,Kerala,Malappuram
Nohsa,25.56528,85.05599,16680,Bihar,Patna
Kurthaur,25.56205,85.12165,9880,Bihar,Patna
Raghunandanpur,24.65076,87.97277,8335,West Bengal,Murshidabad
Sangrampur,24.6739,87.84676,6184,Jharkhand,Pakur
Kumarpur,24.68128,87.84107,7153,Jharkhand,Pakur
Kandari,21.06076,75.8098,16353,Maharashtra,Jalgaon
Nimbhora Budrukh,21.04863,75.8419,7501,Maharashtra,Jalgaon
Bodupal,17.41877,78.58427,43692,Telangana,Medchal Malkajgiri
Pirzadaguda,17.39455,78.59047,32586,Telangana,Medchal Malkajgiri
Meerpet,17.32098,78.53046,32013,Telangana,Rangareddi
Umarkhanguda,17.2655,78.67281,5349,Telangana,Rangareddi
Chautapal,17.25799,78.89776,19092,Telangana,Yadadri Bhuvanagiri
Omkareshwar,22.24245,76.15044,10063,Madhya Pradesh,Khandwa district
Moreh,24.2508,94.30073,16847,Manipur,Tengnoupal
Maidan Garhi,28.5003,77.20558,11111,Delhi,South Delhi
Kakkanad,10.01636,76.34168,25531,Kerala,Ernakulam
Abrama,20.85865,72.90648,21000,Gujarat,Navsari
Phusro,23.75644,86.0051,185555,Jharkhand,Bokaro
Alangad,10.10192,76.29104,47329,Kerala,Ernakulam
Ammavarikuppam,13.17794,79.41278,10750,Tamil Nadu,Thiruvallur
Andipalayam,11.09246,77.31225,25539,Tamil Nadu,Tiruppur
Anklav,22.37738,73.00072,21003,Gujarat,Anand
Longleng,26.48989,94.81772,7613,Nagaland,Longleng
Tuli,26.66426,94.64207,7864,Nagaland,Mokokchung
Bagbera,22.75948,86.19049,78356,Jharkhand,Purba Singhbhum
Barauni,25.4709,85.976,71660,Bihar,Begusarai
Boriavi,22.61124,72.93283,19865,Gujarat,Anand
Kanjari,22.61243,72.92107,17881,Gujarat,Kheda
Vadakkanandal,11.7817,78.8354,23034,Tamil Nadu,Kallakurichi district
Thazhakara,9.25021,76.56741,14596,Kerala,Alappuzha
Tangla,26.65693,91.91381,17183,Assam,Udalguri
Talod,23.3514,72.94999,18298,Gujarat,Sabarkantha
Sithurajapuram,9.42137,77.78732,16860,Tamil Nadu,Virudhunagar
Shrirampur,19.62201,74.65699,89282,Maharashtra,Ahmadnagar
Savarkundla,21.33726,71.3035,78354,Gujarat,Amreli
Sarthebari,26.36293,91.22309,6913,Assam,Barpeta
Sanaswadi,18.66445,74.10939,13543,Maharashtra,Pune Division
Resubelpara,25.90404,90.60747,19595,Meghalaya,North Garo Hills
Rangat,12.50595,92.9155,38824,Andaman and Nicobar,North  & Middle Andaman
Rampura Phul,30.27563,75.24253,51023,Punjab,Bathinda
Puthencruz,9.97734,76.41047,22378,Kerala,Ernakulam
Puranattukara,10.54532,76.15225,10655,Kerala,Thrissur District
Puthukkad,10.41771,76.27014,12615,Kerala,Thrissur District
Peruvallur,11.10483,75.93269,34941,Kerala,Malappuram
Peramangalam,10.57329,76.1689,13260,Kerala,Thrissur District
Pathsala,26.51143,91.18017,11242,Assam,Bajali
Patdi,23.19602,71.79171,17725,Gujarat,Surendranagar
Paravai,9.96453,78.0667,20042,Tamil Nadu,Madurai
Parappukkara,10.40053,76.24932,11893,Kerala,Thrissur District
Paranda,18.26321,75.46316,18758,Maharashtra,Osmanabad
Odagaon,20.01625,84.98719,5401,Odisha,Nayagarh District
Nedumpana,8.90796,76.69298,29454,Kerala,Kollam
Namsai,27.66904,95.86395,14246,Arunachal Pradesh,Namsai
Chandrapura,23.74877,86.11955,27425,Jharkhand,Bokaro
Chegunta,17.9713,78.45921,5747,Telangana,Medak
Chennithala,9.28078,76.51849,12360,Kerala,Alappuzha
Cherlopalle,13.61366,79.36523,6143,Andhra Pradesh,Tirupati
Chinnalapatti,10.28481,77.92332,26285,Tamil Nadu,Dindigul
Chirkunda,23.74771,86.78804,45508,Jharkhand,Dhanbad
Chottanikkara,9.93639,76.38107,9308,Kerala,Ernakulam
Mulavukad,10.0136,76.26306,21833,Kerala,Ernakulam
Devsar,20.78507,72.98398,10346,Gujarat,Navsari
Donkamokam,25.93338,92.70736,9116,Assam,West Karbi Anglong
Dumarkunda,23.71495,86.79354,11434,Jharkhand,Dhanbad
Edakkalathur,10.59316,76.12324,8039,Kerala,Thrissur District
Edavilangu,10.24026,76.171,20363,Kerala,Thrissur District
Elamkunnapuzha,10.02674,76.22229,26997,Kerala,Ernakulam
Dimaruguri,26.34515,92.71487,10235,Assam,Nagaon
Gajsinghpur,29.65956,73.44034,9995,Rajasthan,Ganganagar
Jaithari,23.04055,81.79763,8396,Madhya Pradesh,Anuppur
Jalda,22.1872,84.84359,15789,Odisha,Sundargarh
Jamjodhpur,21.90219,70.0357,25892,Gujarat,Jamnagar
Kainoor,10.49909,76.27945,7344,Kerala,Thrissur District
Kandanvilai,8.20677,77.32813,7401,Tamil Nadu,Kanniyakumari
Kannamangalam,12.75211,79.14783,7399,Tamil Nadu,Tiruvannamalai
Kansbahal,22.21644,84.66348,9923,Odisha,Sundargarh
Malkapur,17.26214,74.17574,32000,Maharashtra,Satara Division
Karthikappally,9.2568,76.44871,19021,Kerala,Alappuzha
Keeramangalam,10.28633,79.09886,9357,Tamil Nadu,Pudukkottai
Kokernag,33.57847,75.3181,6553,Jammu and Kashmir,Anantnag
Kondalampatti,11.63453,78.12369,20318,Tamil Nadu,Salem
Koolimuttam,10.28624,76.13564,8823,Kerala,Thrissur District
Koothappar,10.79709,78.79231,15943,Tamil Nadu,Tiruchirappalli
Koovappady,10.15525,76.48544,29339,Kerala,Ernakulam
Kumarghat,24.15974,92.0329,13054,Tripura,Unakoti
Madhapar,23.23756,69.69946,32293,Gujarat,Kutch
Maktampur,21.70507,73.01188,10704,Gujarat,Bharuch
Manapakkam,13.01579,80.17608,13344,Tamil Nadu,Kancheepuram
Manendragarh,23.21337,82.20232,33071,Chhattisgarh,Manendragarh Chirimiri Bharatpur
Manjalumoodu,8.37451,77.22221,6840,Tamil Nadu,Kanniyakumari
Maradu,9.93653,76.32382,44704,Kerala,Ernakulam
Marthandam,8.30812,77.22144,20938,Tamil Nadu,Kanniyakumari
Meghahatuburu,22.07238,85.26918,5992,Jharkhand,Pashchim Singhbhum
Minalur,10.62495,76.22147,6120,Kerala,Thrissur District
Minicoy,8.28899,73.0617,10447,Lakshadweep,Lakshadweep
Moonak,29.82529,75.89055,18141,Punjab,Sangrur
Moothakunnam,10.18995,76.20079,27458,Kerala,Ernakulam
Vadavalli,11.02472,76.8973,39873,Tamil Nadu,Coimbatore
Villukuri,8.2226,77.37323,15304,Tamil Nadu,Kanniyakumari
Vilankurichi,11.07147,77.01729,24235,Tamil Nadu,Coimbatore
Veppathur,11.01607,79.4418,7949,Tamil Nadu,Thanjavur
Vangani,19.09244,73.29709,12628,Maharashtra,Thane
Vanavasi,11.74996,77.88011,7130,Tamil Nadu,Salem
Anjugramam,8.15437,77.57807,10982,Tamil Nadu,Tirunelveli Kattabo
Ayyalur,10.48185,78.15639,17100,Tamil Nadu,Dindigul
Chalthan,21.15421,72.96141,21795,Gujarat,Surat
Changlang,27.13177,95.73486,6236,Arunachal Pradesh,Changlang
Dalavaipatti,11.66138,78.0834,7732,Tamil Nadu,Salem
Iroopara,8.60747,76.91494,23113,Kerala,Thiruvananthapuram
Joka,22.4531,88.30227,9302,West Bengal,South 24 Parganas
Kegaon,18.89568,72.91313,7485,Maharashtra,Raigarh
Kidarakulam,8.56688,76.99129,29624,Kerala,Thiruvananthapuram
Nahira,26.10931,91.47045,11790,Assam,Kamrup
Narasimhanaickenpalayam,11.11732,76.93631,17858,Tamil Nadu,Coimbatore
Barajamda,22.1649,85.42724,8629,Jharkhand,Pashchim Singhbhum
Valathoor,12.88675,78.84647,5529,Tamil Nadu,Vellore
Paluvai,10.57826,76.05535,9127,Kerala,Thrissur District
Mamidalapadu,15.85409,78.01481,26694,Andhra Pradesh,Kurnool
Bhanumukkala,15.31189,78.22772,14307,Andhra Pradesh,Nandyal
Ramapuram,15.13819,78.11603,6614,Andhra Pradesh,Nandyal
Veparala,14.85718,78.34806,6712,Andhra Pradesh,YSR district
Dommaranandyala,14.86411,78.36408,8337,Andhra Pradesh,YSR district
Moragudi,14.86259,78.37878,6812,Andhra Pradesh,YSR district
Gopavaram,14.78412,78.5729,22936,Andhra Pradesh,YSR district
Dommasandra,12.87792,77.75345,12610,Karnataka,Bangalore Urban
Jujuvadi,12.76794,77.79184,32474,Tamil Nadu,Krishnagiri
Mukondapalli,12.75142,77.80169,39245,Tamil Nadu,Krishnagiri
Avalepalli,12.77137,77.85941,17859,Tamil Nadu,Krishnagiri
Venkatapuram,12.53441,78.20198,7430,Tamil Nadu,Krishnagiri
Kadiganpalli,12.52318,78.2086,22714,Tamil Nadu,Krishnagiri
Lakkanahalli,12.11202,78.15384,39697,Tamil Nadu,Dharmapuri
Nagojanahalli,12.35704,78.28858,9953,Tamil Nadu,Krishnagiri
Nattarampalli,12.59203,78.51163,10390,Tamil Nadu,Tirupattur district
Damalerimuttur,12.53613,78.56657,5250,Tamil Nadu,Tirupattur district
Pachchal,12.51115,78.55524,16789,Tamil Nadu,Tirupattur district
Valaiyampattu,12.69268,78.63474,10076,Tamil Nadu,Tirupattur district
Udayendram,12.6962,78.62273,13837,Tamil Nadu,Tirupattur district
Sevur,12.95549,78.85307,11356,Tamil Nadu,Vellore
Kondasamudram,12.94552,78.87878,21335,Tamil Nadu,Vellore
Kilvayattanankuppam,12.95549,78.98686,5321,Tamil Nadu,Vellore
Mangampeta,14.01578,79.3137,5175,Andhra Pradesh,Annamayya
Bhuja Bhuja Nellore,14.39468,79.9399,10927,Andhra Pradesh,Nellore
Mangasamudram,13.2291,79.09087,8113,Andhra Pradesh,Chittoor
Kodivalasa,13.25468,79.42487,9024,Tamil Nadu,Thiruvallur
Podaturpet,13.28169,79.48538,35000,Tamil Nadu,Thiruvallur
Rangapuram,13.14483,79.39768,5044,Tamil Nadu,Thiruvallur
Vanganur,13.18285,79.45531,6584,Tamil Nadu,Thiruvallur
Sembedu,13.12979,79.5634,12548,Tamil Nadu,Ranipet district
Ammanur,13.06505,79.65303,7731,Tamil Nadu,Ranipet district
Vinnamala,13.90738,79.90855,20924,Andhra Pradesh,Tirupati
Perumbakkam,13.03949,79.81327,6462,Tamil Nadu,Thiruvallur
Vengikkal,12.26416,79.06745,18244,Tamil Nadu,Tiruvannamalai
Velappakkam,12.85254,79.29579,8174,Tamil Nadu,Ranipet district
Puliyankannu,12.93922,79.30787,20171,Tamil Nadu,Ranipet district
Settithangal,12.95652,79.33706,7780,Tamil Nadu,Ranipet district
Vanapadi,12.96217,79.3284,5334,Tamil Nadu,Ranipet district
Ammur,12.975,79.36279,12513,Tamil Nadu,Ranipet district
Sattiyavijayanagaram,12.67588,79.31808,5894,Tamil Nadu,Tiruvannamalai
Paiyur,12.6707,79.30241,7555,Tamil Nadu,Tiruvannamalai
Anantapuram,12.11861,79.3822,6892,Tamil Nadu,Villupuram
Nemili,12.97833,79.61722,10806,Tamil Nadu,Ranipet district
Sirukkaveripakkam,12.85301,79.67718,8032,Tamil Nadu,Kancheepuram
Sevilimedu,12.80826,79.68636,23454,Tamil Nadu,Kancheepuram
Orikkai,12.80164,79.71106,12638,Tamil Nadu,Kancheepuram
Tenambakkam,12.81022,79.7341,13994,Tamil Nadu,Kancheepuram
Nattappettai,12.81871,79.74925,19883,Tamil Nadu,Kancheepuram
Kilpuduppakkam,12.67981,79.5452,6912,Tamil Nadu,Tiruvannamalai
Molasur,12.93868,79.88384,8887,Tamil Nadu,Kancheepuram
Alappakkam,12.67604,79.99536,9404,Tamil Nadu,Chengalpattu district
Kottaikadu,12.25556,79.98226,28172,Tamil Nadu,Chengalpattu district
Kizhuparamba,11.25261,76.02437,22062,Kerala,Malappuram
Peringottupulam,11.02682,76.0987,36602,Kerala,Malappuram
Kodur,11.01528,76.07009,45459,Kerala,Malappuram
Devarshola,11.54366,76.44037,24954,Tamil Nadu,Nilgiris
Tondalam,11.50137,76.34983,44590,Tamil Nadu,Nilgiris
Kollivayal,11.49984,76.48152,21943,Tamil Nadu,Nilgiris
Kilkunda,11.26321,76.65418,8886,Tamil Nadu,Nilgiris
Sholur,11.48515,76.65557,9745,Tamil Nadu,Nilgiris
Kerkandi,11.36783,76.74576,23229,Tamil Nadu,Nilgiris
Adigaratti,11.33442,76.69705,14178,Tamil Nadu,Nilgiris
Vubatalai,11.35974,76.76495,10852,Tamil Nadu,Nilgiris
Manjathala,11.36238,76.77894,14383,Tamil Nadu,Nilgiris
Hulikal,11.32078,76.77334,12960,Tamil Nadu,Nilgiris
Talaiyur,11.01016,76.84896,11500,Tamil Nadu,Coimbatore
Virakeralam,11.00772,76.91262,23841,Tamil Nadu,Coimbatore
Somampalaiyam,11.04843,76.8973,14787,Tamil Nadu,Coimbatore
Idaiyarpalaiyam,11.03937,76.92369,83908,Tamil Nadu,Coimbatore
Chinnatadagam,11.08164,76.86742,8407,Tamil Nadu,Coimbatore
Chinnavadampatti,11.06149,76.98377,20122,Tamil Nadu,Coimbatore
Vellakkinar,11.07364,76.95663,15998,Tamil Nadu,Coimbatore
Rakkiyapalaiyam,11.10607,76.94253,18749,Tamil Nadu,Coimbatore
Idigarai,11.11845,76.96898,8686,Tamil Nadu,Coimbatore
Kattipparutti,10.87385,76.05348,40318,Kerala,Malappuram
Naduvattam,10.87995,76.002,21273,Kerala,Malappuram
Kaladi,10.81942,76.0064,25872,Kerala,Malappuram
Irimbiliyam,10.86242,76.09218,30635,Kerala,Malappuram
Muthutala,10.83544,76.15958,24861,Kerala,Palakkad district
Desamangalam,10.7549,76.23211,8355,Kerala,Thrissur District
Alankod,10.74603,76.03481,33918,Kerala,Malappuram
Karikad,10.70118,76.06789,13656,Kerala,Thrissur District
Pazhanji,10.68823,76.05309,14067,Kerala,Thrissur District
Porkolam,10.67679,76.06936,6503,Kerala,Thrissur District
Vadakkekkad,10.66354,76.00326,15811,Kerala,Thrissur District
Vayilathur,10.63921,76.01574,10298,Kerala,Thrissur District
Pukkod,10.62363,76.04262,9366,Kerala,Thrissur District
Iringappuram,10.61032,76.0525,12343,Kerala,Thrissur District
Chundal,10.62396,76.09209,12502,Kerala,Thrissur District
Alur,10.60296,76.09611,9807,Kerala,Thrissur District
Kandanissheri,10.59787,76.07583,14645,Kerala,Thrissur District
Tayikkad,10.59163,76.06112,6594,Kerala,Thrissur District
Peragam,10.59885,76.02402,12072,Kerala,Thrissur District
Karakkad,10.58804,76.03884,39098,Kerala,Thrissur District
Brahmakulam,10.58145,76.06926,14390,Kerala,Thrissur District
Orumanayur,10.57007,76.02912,14064,Kerala,Thrissur District
Pavaratti,10.56478,76.06249,12299,Kerala,Thrissur District
Vanmenad,10.5567,76.0624,8377,Kerala,Thrissur District
Mullassheri,10.53328,76.08585,12165,Kerala,Thrissur District
Venkidanga,10.51917,76.08599,11335,Kerala,Thrissur District
Parakad,10.50049,76.15403,9093,Kerala,Thrissur District
Veluthur,10.53974,76.22375,11602,Kerala,Thrissur District
Kuttur,10.55856,76.19979,12179,Kerala,Thrissur District
Puzhakkal,10.54708,76.17768,8609,Kerala,Thrissur District
Adatt,10.54404,76.1423,5721,Kerala,Thrissur District
Chittilapilli,10.5657,76.15268,6988,Kerala,Thrissur District
Elavalli,10.566,76.09116,12819,Kerala,Thrissur District
Pottor,10.57914,76.20257,7848,Kerala,Thrissur District
Kolazhi,10.57237,76.21871,11540,Kerala,Thrissur District
Chulissheri,10.59082,76.1899,5441,Kerala,Thrissur District
Kaiparamba,10.60829,76.13901,7179,Kerala,Thrissur District
Avanur,10.60237,76.17523,7879,Kerala,Thrissur District
Chiranellur,10.63231,76.14052,10145,Kerala,Thrissur District
Mundathikod,10.64457,76.19528,7672,Kerala,Thrissur District
Peringandur,10.62457,76.19879,5577,Kerala,Thrissur District
Eyyal,10.65545,76.11736,6727,Kerala,Thrissur District
Akathiyur,10.68088,76.09419,5847,Kerala,Thrissur District
Chiramanangad,10.69045,76.11774,11060,Kerala,Thrissur District
Kariyannur,10.68085,76.16275,6363,Kerala,Thrissur District
Nelluvayi,10.68069,76.18203,5994,Kerala,Thrissur District
Kottapuram,10.68015,76.19389,6727,Kerala,Thrissur District
Chittanda,10.67709,76.21052,5936,Kerala,Thrissur District
Kumaranellur,10.66964,76.24752,7553,Kerala,Thrissur District
Kadamakudi,10.06416,76.24565,16295,Kerala,Ernakulam
Kottuvalli,10.11119,76.24634,42922,Kerala,Ernakulam
Vadakakarai,10.1664,76.20179,20571,Kerala,Ernakulam
Puthenvelikara,10.18511,76.24537,33372,Kerala,Ernakulam
Enkakad,10.65762,76.25592,9584,Kerala,Thrissur District
Vellanikkara,10.54746,76.25828,6167,Kerala,Thrissur District
Natathara,10.50919,76.25905,11969,Kerala,Thrissur District
Kaniyarakod-Kizhakumuri,10.74409,76.4339,13236,Kerala,Thrissur District
Nedumpura,10.73279,76.26437,12399,Kerala,Thrissur District
Puthur,10.4874,76.27929,17430,Kerala,Thrissur District
Marattakara,10.47327,76.25577,15817,Kerala,Thrissur District
Trikur,10.46141,76.27345,13093,Kerala,Thrissur District
Amballur,10.43431,76.26341,29341,Kerala,Thrissur District
Namminikara,10.43216,76.25418,18067,Kerala,Thrissur District
Kallettumkara,10.34391,76.26814,7097,Kerala,Thrissur District
Vadapadam,10.26729,76.26663,11573,Kerala,Thrissur District
Kallur Vadakummuri,10.25317,76.32815,25259,Kerala,Thrissur District
Koratti,10.26597,76.34767,17618,Kerala,Thrissur District
Karumalur,10.1329,76.27992,29805,Kerala,Ernakulam
Alengad,10.11901,76.30226,47329,Kerala,Ernakulam
Kadungalur,10.0948,76.32106,39666,Kerala,Ernakulam
Cheranellur,10.05428,76.2896,30594,Kerala,Ernakulam
Edattala,10.05639,76.38451,77811,Kerala,Ernakulam
Chengamanad,10.15409,76.34159,29576,Kerala,Ernakulam
Kallur Tekkumuri,10.24009,76.32359,17480,Kerala,Thrissur District
Marturu,10.17171,76.42641,18890,Kerala,Ernakulam
Chelamartam,10.13711,76.45696,16844,Kerala,Ernakulam
Vadakkumbagam,10.14181,76.41677,11727,Kerala,Ernakulam
Kizhakkumbagam,10.13151,76.44466,10791,Kerala,Ernakulam
Tekkumbagam,10.12344,76.41655,10798,Kerala,Ernakulam
Vazhakulam,10.0938,76.4198,18358,Kerala,Ernakulam
Kunnatnad,10.04292,76.42406,22881,Kerala,Ernakulam
Vengola Kizhakkumbagam,10.06374,76.47606,32697,Kerala,Ernakulam
Poyya,10.20989,76.25508,10478,Kerala,Thrissur District
Pirayiri,10.76523,76.63178,41359,Kerala,Palakkad district
Ambikapuram,10.79385,76.65303,28592,Kerala,Palakkad district
Puthuppariyaram,10.81314,76.62869,30895,Kerala,Palakkad district
Marutharod,10.7751,76.69948,24963,Kerala,Palakkad district
Odaiyakulam,10.56789,76.91047,13370,Tamil Nadu,Coimbatore
Uttukuli,10.65193,76.9778,16354,Tamil Nadu,Coimbatore
Meppadam,9.32416,76.4934,17067,Kerala,Alappuzha
Kumarapuram,9.27078,76.43257,26943,Kerala,Alappuzha
Vakkam,8.68447,76.76755,19267,Kerala,Thiruvananthapuram
Kilattingal,8.69264,76.79332,15185,Kerala,Thiruvananthapuram
Vellur,8.62617,76.83053,22816,Kerala,Thiruvananthapuram
Vettanad,8.60587,76.94235,27140,Kerala,Thiruvananthapuram
Vattiyurkavu,8.52469,76.98886,47187,Kerala,Thiruvananthapuram
Agrahara Samakkulam,11.15279,77.01104,10289,Tamil Nadu,Coimbatore
Moparipalaiyam,11.13318,77.14698,10923,Tamil Nadu,Coimbatore
Srvanampatti,11.07643,77.00449,32920,Tamil Nadu,Coimbatore
Kalappatti,11.07937,77.03709,39586,Tamil Nadu,Coimbatore
Arasur,11.08663,77.1146,11510,Tamil Nadu,Coimbatore
Kaniyur,11.09297,77.15605,12011,Tamil Nadu,Coimbatore
Samalapuram,11.07238,77.19796,20691,Tamil Nadu,Coimbatore
Chinniyampalaiyam,11.0561,77.06445,8232,Tamil Nadu,Coimbatore
Nilambur,11.059,77.08383,8382,Tamil Nadu,Coimbatore
Muttukavundanpudur,11.0498,77.11515,10259,Tamil Nadu,Coimbatore
Karaivalimadappur,11.06753,77.15934,5626,Tamil Nadu,Coimbatore
Semmipalaiyam,11.00926,77.2357,8429,Tamil Nadu,Tiruppur
Iramallur,10.0619,76.57168,33829,Kerala,Ernakulam
Puluvappatti,10.96303,76.81577,12853,Tamil Nadu,Coimbatore
Pudusseri,10.75824,76.78594,16629,Kerala,Palakkad district
Ettimadai,10.89111,76.90873,9352,Tamil Nadu,Coimbatore
Vedappatti,10.99882,76.89602,11658,Tamil Nadu,Coimbatore
Kurichchi,10.96085,76.97379,123667,Tamil Nadu,Coimbatore
Kuniyamuttur,10.96376,76.95254,95924,Tamil Nadu,Coimbatore
Ramachettipalaiyam,10.95818,76.92013,17809,Tamil Nadu,Coimbatore
Ottaikkalmantapam,10.88268,76.99426,12207,Tamil Nadu,Coimbatore
Tirumalaiyampalaiyam,10.87901,76.92954,12164,Tamil Nadu,Coimbatore
Kokotamangalam South,9.67948,76.35889,17047,Kerala,Alappuzha
Chengalam,9.59657,76.46776,16111,Kerala,Kottayam
Mannanchori,9.5722,76.35245,32139,Kerala,Alappuzha
Srikandamangalam,9.65941,76.36335,23681,Kerala,Alappuzha
Bharanikavu Tekku,9.18485,76.56076,15922,Kerala,Alappuzha
Krishnapuram,9.15212,76.52338,26705,Kerala,Alappuzha
Ochira,9.13478,76.51169,28412,Kerala,Kollam
Kulasekarapuram,9.0912,76.53034,26907,Kerala,Kollam
Adanattutekkumuri Kizhakku,9.07909,76.51367,22250,Kerala,Kollam
Ayanavelikulangara Vadakku,9.04298,76.52297,24268,Kerala,Kollam
Kalleribhagam,9.05396,76.55802,21723,Kerala,Kollam
Panayattur Vadakkumbhagam,8.95457,76.6185,25607,Kerala,Kollam
Karuva,8.95003,76.59861,25432,Kerala,Kollam
Perunad,8.94899,76.64274,35173,Kerala,Kollam
Tirkadavur,8.92398,76.59101,39285,Kerala,Kollam
Kottangara,8.92412,76.64673,44402,Kerala,Kollam
Mayyanad,8.83726,76.64505,40039,Kerala,Kollam
Trikonavattam,8.88987,76.66588,41609,Kerala,Kollam
Adichanallur,8.88049,76.71558,27240,Kerala,Kollam
Talattala,8.87382,76.67158,37517,Kerala,Kollam
Minad,8.85031,76.69516,29716,Kerala,Kollam
Puttankulam,8.8138,76.71791,29447,Kerala,Kollam
Edavai,8.7645,76.68845,25994,Kerala,Thiruvananthapuram
Kempanayakkanpalaiyam,11.53102,77.3014,11103,Tamil Nadu,Erode
Kovilpalaiyampudur,11.5077,77.36292,12044,Tamil Nadu,Erode
Kumarapalaiyam,11.5021,77.25554,15706,Tamil Nadu,Erode
Periyakoduveri,11.47781,77.29898,12330,Tamil Nadu,Erode
Kasipalaiyam,11.45583,77.33138,9093,Tamil Nadu,Erode
Lakkampatti,11.44609,77.41185,11716,Tamil Nadu,Erode
Elattur,11.38659,77.30801,7827,Tamil Nadu,Erode
Kolappalur,11.37914,77.42927,9607,Tamil Nadu,Erode
Vellarivalli,11.26719,77.45525,5070,Tamil Nadu,Tiruppur
Palangarai,11.19782,77.30583,17248,Tamil Nadu,Tiruppur
Chengappalli,11.19893,77.42306,6587,Tamil Nadu,Tiruppur
Kavundanpalaiyam,11.16247,77.26229,9192,Tamil Nadu,Tiruppur
Tirumuruganpundi,11.16493,77.30838,31528,Tamil Nadu,Tiruppur
Velampalaiyam,11.13764,77.31064,87427,Tamil Nadu,Tiruppur
Chettipalaiyam,11.16669,77.33502,37620,Tamil Nadu,Tiruppur
Boyampalaiyam,11.14875,77.35368,40503,Tamil Nadu,Tiruppur
Nerupperichchal,11.16105,77.37398,53579,Tamil Nadu,Tiruppur
Morattuppalaiyam,11.16063,77.40913,5798,Tamil Nadu,Tiruppur
Sarkar Periyapalaiyam,11.13149,77.40449,5986,Tamil Nadu,Tiruppur
Mangalam,11.10052,77.27124,17699,Tamil Nadu,Tiruppur
Iduvay,11.07886,77.28532,8006,Tamil Nadu,Tiruppur
Murugampalaiyam,11.08063,77.32381,26349,Tamil Nadu,Tiruppur
Mannarai,11.11723,77.37256,17261,Tamil Nadu,Tiruppur
Muttanampalaiyam,11.08453,77.3969,26014,Tamil Nadu,Tiruppur
Manikkapuram,11.02468,77.27536,6215,Tamil Nadu,Tiruppur
Karaippudur,11.05674,77.30613,28602,Tamil Nadu,Tiruppur
Virapandi,11.06247,77.35076,50301,Tamil Nadu,Tiruppur
Nallur,11.1003,77.39136,70115,Tamil Nadu,Tiruppur
Olagadam,11.56558,77.64284,9958,Tamil Nadu,Erode
Appukkudal,11.46845,77.57664,10610,Tamil Nadu,Erode
Mettuppalaiyam,11.45034,77.56823,9109,Tamil Nadu,Erode
Jambai,11.46775,77.64339,16522,Tamil Nadu,Erode
Pudur,11.436,77.67603,17240,Tamil Nadu,Erode
Kuruppanayakkanpalaiyam,11.46446,77.69412,7484,Tamil Nadu,Erode
Tattankuttai,11.43518,77.72369,24708,Tamil Nadu,Namakkal
Salangaippalaiyam,11.42599,77.57074,15609,Tamil Nadu,Erode
Suryampalaiyam,11.40445,77.71227,28585,Tamil Nadu,Namakkal
Pettampalaiyam,11.3499,77.57058,7152,Tamil Nadu,Erode
Kanjikkovil,11.36888,77.59618,11294,Tamil Nadu,Erode
Nasiyanur,11.33814,77.64082,10970,Tamil Nadu,Erode
Periya Semur,11.36088,77.68952,55282,Tamil Nadu,Erode
Brahmana Periya Agraharam,11.36904,77.70633,24798,Tamil Nadu,Erode
Virappanchathiram,11.35314,77.71253,84453,Tamil Nadu,Erode
Kasipalaiyam,11.31984,77.70971,73425,Tamil Nadu,Erode
Surampatti,11.32726,77.71122,41782,Tamil Nadu,Erode
Karumandi Chellipalaiyam,11.30191,77.58603,23868,Tamil Nadu,Erode
Tindal,11.31691,77.67422,15440,Tamil Nadu,Erode
Mukasi Pidariyur,11.19554,77.60271,14143,Tamil Nadu,Erode
Avalpundurai,11.23105,77.71819,11789,Tamil Nadu,Erode
Ottapparai,11.1783,77.58119,9493,Tamil Nadu,Erode
Arachchalur,11.1627,77.70072,12034,Tamil Nadu,Erode
Cheruthazham,12.08097,75.26272,29348,Kerala,Kannur
Kurukkuppatti,11.6937,77.98087,5037,Tamil Nadu,Salem
Toramangalam,11.69301,77.90311,5322,Tamil Nadu,Salem
Avadattur,11.70135,77.86382,9869,Tamil Nadu,Salem
Pulampatti,11.65733,77.76584,9477,Tamil Nadu,Salem
Idangansalai,11.62721,77.98898,33245,Tamil Nadu,Salem
Kunjanpalaiyam,11.58633,77.80112,14834,Tamil Nadu,Salem
Kavundaneri,11.5737,77.98019,8485,Tamil Nadu,Salem
Ayyanur Teppakkuttai,11.596,77.98388,6986,Tamil Nadu,Salem
Eranapuram,11.55812,77.98928,8871,Tamil Nadu,Salem
Thevur,11.52396,77.7539,8548,Tamil Nadu,Salem
Kulattur,11.84858,77.75119,12748,Tamil Nadu,Salem
Virnur,11.84433,77.8473,16665,Tamil Nadu,Salem
Pottaneri Nallakavundanpatti,11.80388,77.85673,25133,Tamil Nadu,Salem
Padaivedu,11.44012,77.80894,10451,Tamil Nadu,Namakkal
Elandakuttai,11.40598,77.77501,16160,Tamil Nadu,Namakkal
Alampalaiyam,11.36353,77.76773,20286,Tamil Nadu,Namakkal
Modakkurichchi,11.23292,77.77936,9907,Tamil Nadu,Erode
Vellavadanparappu,11.18537,77.84245,7621,Tamil Nadu,Erode
Vengambur,11.10531,77.87831,7443,Tamil Nadu,Erode
Vegarai,11.09025,77.96791,9330,Tamil Nadu,Namakkal
Pandamangalam,11.10331,77.96703,7259,Tamil Nadu,Namakkal
Pattanam,10.98084,77.05419,9196,Tamil Nadu,Coimbatore
Pallappalaiyam,10.99506,77.08449,11910,Tamil Nadu,Coimbatore
Kannampalaiyam,10.99544,77.09904,15868,Tamil Nadu,Coimbatore
Malaimachchampatti,10.90578,77.00499,12936,Tamil Nadu,Coimbatore
Kovilpalaiyam,10.73838,77.03456,5025,Tamil Nadu,Coimbatore
Achchippatti,10.69979,77.01248,9849,Tamil Nadu,Coimbatore
Chinnampalaiyam,10.66038,77.02482,8695,Tamil Nadu,Coimbatore
Makkinayakkinpatti,10.64499,77.02939,8134,Tamil Nadu,Coimbatore
Suleswaranpatti,10.63885,77.00843,20104,Tamil Nadu,Coimbatore
Sundakkampalaiyam,10.56659,77.21354,16459,Tamil Nadu,Tiruppur
Rudravati,10.87434,77.4103,6807,Tamil Nadu,Tiruppur
Chinnakkampalaiyam,10.70643,77.4575,11546,Tamil Nadu,Tiruppur
Periyakottai,10.59095,77.27967,17356,Tamil Nadu,Tiruppur
Chinna Kalaiyamputtur,10.47144,77.46575,5162,Tamil Nadu,Dindigul
Neykkarappatti,10.44886,77.46272,11753,Tamil Nadu,Dindigul
Balasamudram,10.41905,77.49916,14179,Tamil Nadu,Dindigul
Periyakkurichchi,11.54004,79.48943,7599,Tamil Nadu,Cuddalore
Gangaikondan,11.53895,79.4765,6434,Tamil Nadu,Cuddalore
Varadarajampettai,11.35527,79.4186,8259,Tamil Nadu,Ariyalur
Cholapuram,11.0542,79.41257,6803,Tamil Nadu,Thanjavur
Annal Agraharam,10.94854,79.36826,11129,Tamil Nadu,Thanjavur
Darasuram,10.9499,79.35607,15326,Tamil Nadu,Thanjavur
Perumpandi,10.96868,79.37435,8620,Tamil Nadu,Thanjavur
Ullur,10.97057,79.40632,11673,Tamil Nadu,Thanjavur
Tirunageswaram,10.96464,79.4293,15082,Tamil Nadu,Thanjavur
Tiruppundurutti,10.86208,79.08149,9074,Tamil Nadu,Thanjavur
Chakkarappalli,10.89963,79.19868,6227,Tamil Nadu,Thanjavur
Milattur,10.85759,79.23938,8131,Tamil Nadu,Thanjavur
Nanjikkottai,10.72925,79.14245,32689,Tamil Nadu,Thanjavur
Vilar,10.73126,79.15541,9028,Tamil Nadu,Thanjavur
Peralam,10.96285,79.66082,6149,Tamil Nadu,Thiruvarur
Tirumalarajanpatnam,10.87206,79.83019,11264,Puducherry,Karaikal
Churi,23.65491,85.01281,24876,Jharkhand,Ranchi
Bachra,23.68844,85.08553,12969,Jharkhand,Chatra
Tundhul,23.32468,85.24474,11190,Jharkhand,Ranchi
Dari,23.7219,85.38427,6405,Jharkhand,Hazaribag
Topa,23.73622,85.47291,5028,Jharkhand,Ramgarh
Orla,23.72261,85.48862,5809,Jharkhand,Ramgarh
Gidi,23.69086,85.36413,13356,Jharkhand,Hazaribag
Religara,23.71285,85.36095,8239,Jharkhand,Hazaribag
Jainagar,23.65694,85.31988,5347,Jharkhand,Ramgarh
Saunda,23.66453,85.32694,81915,Jharkhand,Ramgarh
Sirka,23.64561,85.43333,19871,Jharkhand,Ramgarh
Lapanga,23.63326,85.37699,8017,Jharkhand,Ramgarh
Irba,23.45528,85.44045,5210,Jharkhand,Ranchi
Arsande,23.42965,85.35143,9582,Jharkhand,Ranchi
Tati,23.37719,85.43791,12878,Jharkhand,Ranchi
Bargawan,23.31942,85.39015,8615,Jharkhand,Ranchi
Kedia,23.79454,85.58724,16054,Jharkhand,Ramgarh
Ara,23.76041,85.5415,13547,Jharkhand,Ramgarh
Bongabar,23.70092,85.52388,5236,Jharkhand,Ramgarh
Sanri,23.68292,85.50577,6186,Jharkhand,Ramgarh
Marar,23.67119,85.50839,5298,Jharkhand,Ramgarh
Seota,23.66798,85.52051,6554,Jharkhand,Ramgarh
Sewai,23.61752,85.67832,7874,Jharkhand,Ramgarh
Karo,23.78516,85.9783,39305,Jharkhand,Bokaro
Bermo,23.78781,85.93526,17401,Jharkhand,Bokaro
Saram,23.76254,85.83003,15212,Jharkhand,Bokaro
Kathhara,23.76382,85.88468,22080,Jharkhand,Bokaro
Jaridih,23.76571,85.93864,31882,Jharkhand,Bokaro
Kodikkulam,9.64931,77.58602,12713,Tamil Nadu,Virudhunagar
Puduppatti,9.61705,77.63754,8316,Tamil Nadu,Virudhunagar
Sundarapandiyam,9.61267,77.67378,8513,Tamil Nadu,Virudhunagar
Samsikapuram,9.41562,77.59173,14601,Tamil Nadu,Virudhunagar
Vaittilingapuram,9.47513,77.60977,9538,Tamil Nadu,Virudhunagar
Kappiyara,8.24661,77.26171,15998,Tamil Nadu,Kanniyakumari
Midalam,8.22162,77.26168,8625,Tamil Nadu,Kanniyakumari
Sivandipuram,8.70667,77.40005,14281,Tamil Nadu,Tirunelveli Kattabo
Kadayal,8.40834,77.26575,21665,Tamil Nadu,Kanniyakumari
Triparappu,8.39479,77.26588,22401,Tamil Nadu,Kanniyakumari
Temanur,8.33263,77.25235,12715,Tamil Nadu,Kanniyakumari
Tiruvattar,8.33069,77.26732,18985,Tamil Nadu,Kanniyakumari
Attur,8.3224,77.25575,11910,Tamil Nadu,Kanniyakumari
Kattatturai,8.28486,77.27551,17271,Tamil Nadu,Kanniyakumari
Valvachatottam,8.28031,77.25612,16965,Tamil Nadu,Kanniyakumari
Vilavur,8.26692,77.30522,14320,Tamil Nadu,Kanniyakumari
Mulakumud,8.26809,77.28599,19538,Tamil Nadu,Kanniyakumari
Kannanur,8.27929,77.29224,7747,Tamil Nadu,Kanniyakumari
Verukulambu,8.29531,77.29387,19730,Tamil Nadu,Kanniyakumari
Ayakod,8.34566,77.29874,8874,Tamil Nadu,Kanniyakumari
Ponmana,8.35525,77.3283,15554,Tamil Nadu,Kanniyakumari
Kumarapuram,8.29217,77.32145,14728,Tamil Nadu,Kanniyakumari
Tadikarakonam,8.33016,77.41491,6241,Tamil Nadu,Kanniyakumari
Mandakad,8.1611,77.27949,13317,Tamil Nadu,Kanniyakumari
Tingalachi,8.20101,77.30359,13567,Tamil Nadu,Kanniyakumari
Nallavila,8.20549,77.34439,16138,Tamil Nadu,Kanniyakumari
Veillyachi,8.15167,77.33662,13182,Tamil Nadu,Kanniyakumari
Chandapuram,8.15839,77.36458,14598,Tamil Nadu,Kanniyakumari
Alur,8.19311,77.36428,15063,Tamil Nadu,Kanniyakumari
Peruvila,8.18549,77.39612,6090,Tamil Nadu,Kanniyakumari
Acharipallam Vaniyakudi,8.17428,77.38486,16822,Tamil Nadu,Kanniyakumari
Dharmapuram,8.12027,77.38904,17476,Tamil Nadu,Kanniyakumari
Puttantura,8.10265,77.41878,5386,Tamil Nadu,Kanniyakumari
Puderiyur,8.21522,77.43359,5576,Tamil Nadu,Kanniyakumari
Tazhakudi,8.23483,77.45333,8992,Tamil Nadu,Kanniyakumari
Tengampudur,8.11581,77.45789,14538,Tamil Nadu,Kanniyakumari
Puttalam,8.09807,77.464,13073,Tamil Nadu,Kanniyakumari
Tamarakutamkudiyiruppu,8.10145,77.4937,11872,Tamil Nadu,Kanniyakumari
Chembagaramanpudur,8.24612,77.49071,5028,Tamil Nadu,Kanniyakumari
Terur,8.17331,77.46505,7615,Tamil Nadu,Kanniyakumari
Nallur,8.8705,77.51712,7828,Tamil Nadu,Tenkasi district
Naranammalpuram,8.75985,77.73986,17094,Tamil Nadu,Tirunelveli Kattabo
Mukkudal,8.74312,77.5225,14983,Tamil Nadu,Tirunelveli Kattabo
Pattamadai,8.67258,77.58447,16625,Tamil Nadu,Tirunelveli Kattabo
Mel Seval,8.67223,77.61467,8435,Tamil Nadu,Tirunelveli Kattabo
Gopalasamudram,8.67468,77.63792,10694,Tamil Nadu,Tirunelveli Kattabo
Vadakkankulam,8.25883,77.6084,9220,Tamil Nadu,Tirunelveli Kattabo
Eruvadi,8.44393,77.60441,18067,Tamil Nadu,Tirunelveli Kattabo
Terku Kallikulam,8.35282,77.6637,5980,Tamil Nadu,Tirunelveli Kattabo
Marungur,8.1721,77.50367,11236,Tamil Nadu,Kanniyakumari
Mayiladi,8.15502,77.50563,10070,Tamil Nadu,Kanniyakumari
Kottaram,8.11877,77.52428,11055,Tamil Nadu,Kanniyakumari
Alagappapuram,8.14678,77.54131,9626,Tamil Nadu,Kanniyakumari
Pudur,8.8692,77.99376,8012,Tamil Nadu,Thoothukkudi
Perungulam,8.64133,77.99847,7203,Tamil Nadu,Thoothukkudi
Chinna Andankovil,10.9511,78.0681,19779,Tamil Nadu,Karur
Tandoni,10.92611,78.0941,53854,Tamil Nadu,Karur
Uppidamangalam,10.90338,78.15751,11292,Tamil Nadu,Karur
Senapparetti,10.96251,78.11324,22447,Tamil Nadu,Karur
Palaiyam,10.72561,78.13538,15336,Tamil Nadu,Dindigul
Silappadi,10.39397,78.00781,17824,Tamil Nadu,Dindigul
Marudur,10.91603,78.45092,10925,Tamil Nadu,Karur
Ponnampatti,10.36677,78.39553,12167,Tamil Nadu,Tiruchirappalli
Budipuram,10.0035,77.44584,11022,Tamil Nadu,Theni
Kulattuppalaiyam,10.76133,77.58425,17819,Tamil Nadu,Tiruppur
Vallalappatti,10.05837,78.28728,8325,Tamil Nadu,Madurai
Sivagirippatti,10.45015,77.53035,17306,Tamil Nadu,Dindigul
Ganguvarpatti,10.16943,77.69735,11942,Tamil Nadu,Theni
Vadugappatti,10.10363,77.57313,13204,Tamil Nadu,Theni
Tamaraikkulam,10.10853,77.55525,12372,Tamil Nadu,Theni
Bhikshandarkovil,10.88266,78.70456,17257,Tamil Nadu,Tiruchirappalli
Nangavaram,10.86924,78.53924,17629,Tamil Nadu,Karur
Pappakurichchi,10.81366,78.74813,24023,Tamil Nadu,Tiruchirappalli
Sirugamani,10.89496,78.53008,10743,Tamil Nadu,Tiruchirappalli
Talakkudi,10.87366,78.71815,5740,Tamil Nadu,Tiruchirappalli
Pulangudi,10.72665,78.80731,13469,Tamil Nadu,Tiruchirappalli
Tuvagudi,10.74725,78.82133,38887,Tamil Nadu,Tiruchirappalli
Nagamangalam,10.70613,78.61903,5785,Tamil Nadu,Tiruchirappalli
Sankarapatti,10.0477,78.74719,26536,Tamil Nadu,Sivaganga
Kallakkudi,10.97681,78.95126,11604,Tamil Nadu,Tiruchirappalli
Puvalur,10.89863,78.83033,7905,Tamil Nadu,Tiruchirappalli
Ellakkudi,10.80603,78.75031,16244,Tamil Nadu,Tiruchirappalli
Tiruverumbur,10.79366,78.76898,23156,Tamil Nadu,Tiruchirappalli
Valavandankottai,10.76071,78.83705,9202,Tamil Nadu,Tiruchirappalli
Navalpattu,10.75051,78.77626,16788,Tamil Nadu,Tiruchirappalli
Tiruppalai,9.97792,78.13294,19305,Tamil Nadu,Madurai
Narasingam,9.9658,78.18331,5971,Tamil Nadu,Madurai
Arumbanur,9.99437,78.19245,6148,Tamil Nadu,Madurai
Ottakkadai,9.95795,78.18863,15152,Tamil Nadu,Madurai
Melmadai,9.92638,78.15028,43797,Tamil Nadu,Madurai
Airavadanallur,9.90575,78.15521,7423,Tamil Nadu,Madurai
Viraganur,9.9036,78.15524,7121,Tamil Nadu,Madurai
Anuppanadi,9.90396,78.14326,26158,Tamil Nadu,Madurai
Vandiyur,9.90917,78.16088,28646,Tamil Nadu,Madurai
Pudukkottai,9.93731,78.05325,15769,Tamil Nadu,Madurai
Vilangudi,9.94578,78.09352,30884,Tamil Nadu,Madurai
Anaiyur,9.96152,78.1118,63917,Tamil Nadu,Madurai
Nayanakulam,9.96115,78.13715,23284,Tamil Nadu,Madurai
Kannanendal,9.96487,78.14159,31095,Tamil Nadu,Madurai
Karadipatti,9.91811,78.02386,7289,Tamil Nadu,Madurai
Tanakkangulam,9.88769,78.0397,14328,Tamil Nadu,Madurai
Vilachcheri,9.89368,78.06034,7787,Tamil Nadu,Madurai
Ottappatti,9.89602,78.0896,9016,Tamil Nadu,Madurai
Avaniyapuram,9.88179,78.11255,89635,Tamil Nadu,Madurai
Sakkimangalam,9.88119,78.19245,10854,Tamil Nadu,Madurai
Silaiman,9.87311,78.19059,6436,Tamil Nadu,Madurai
Nilaiyur,9.85721,78.05976,14684,Tamil Nadu,Madurai
Mallankinar,9.59816,78.05579,12986,Tamil Nadu,Virudhunagar
Palaiyampatti,9.53921,78.09843,18576,Tamil Nadu,Virudhunagar
Attippatti,9.49389,78.12711,8384,Tamil Nadu,Virudhunagar
Attimarappatti,8.73988,78.10534,22218,Tamil Nadu,Thoothukkudi
Muttayyapuram,8.7498,78.13112,32494,Tamil Nadu,Thoothukkudi
Virapandiyanpattanam,8.51899,78.11832,6015,Tamil Nadu,Thoothukkudi
Arakandanallur,11.97202,79.22276,5713,Tamil Nadu,Kallakurichi district
Labbaikkudikkadu,11.39224,79.02175,11891,Tamil Nadu,Perambalur
Agaram,10.44325,77.94848,15610,Tamil Nadu,Dindigul
Srirampuram,10.43464,77.80754,10653,Tamil Nadu,Dindigul
Chettinayakkanpatti,10.39399,77.9754,17701,Tamil Nadu,Dindigul
Minakshinayakkanpatti,10.37593,77.95703,6182,Tamil Nadu,Dindigul
Kannivadi,10.37941,77.83026,10369,Tamil Nadu,Dindigul
Chittayankottai,10.26862,77.83273,13634,Tamil Nadu,Dindigul
Salamedu,11.90876,79.49188,20854,Tamil Nadu,Villupuram
Lakshminarayanapuram,11.7914,79.55549,12648,Tamil Nadu,Cuddalore
Mel Pattambakkam,11.78816,79.6284,6887,Tamil Nadu,Cuddalore
Kondur,11.75398,79.70449,12506,Tamil Nadu,Cuddalore
Kammivapettai,11.753,79.74567,18745,Tamil Nadu,Cuddalore
Lalpettai,11.30088,79.55612,16561,Tamil Nadu,Cuddalore
Pallippadai,11.4096,79.70744,6369,Tamil Nadu,Cuddalore
Usuppur,11.38155,79.69702,8221,Tamil Nadu,Cuddalore
Manamodu,11.1965,79.59534,9017,Tamil Nadu,Mayiladuthurai district
Gundupalaiyam,11.94096,79.80294,300104,Puducherry,Puducherry
Ariyankuppam,11.89532,79.80709,29808,Puducherry,Puducherry
Manaveli,11.89091,79.81037,15666,Puducherry,Puducherry
Uppalavadi,11.76515,79.77645,7281,Tamil Nadu,Cuddalore
Kottaikuppam,11.96126,79.83923,31726,Tamil Nadu,Villupuram
Pudur,9.00009,77.20756,12457,Tamil Nadu,Tenkasi district
Puduppatti,9.76575,77.30653,11511,Tamil Nadu,Theni
Pannaipuram,9.86581,77.28357,9323,Tamil Nadu,Theni
Hanumantanpatti,9.78585,77.31701,10619,Tamil Nadu,Theni
Markkayankottai,9.85262,77.3603,6135,Tamil Nadu,Theni
Chokkanathapuram,9.99207,77.35657,15625,Tamil Nadu,Theni
Minakshipuram,9.9908,77.37085,7846,Tamil Nadu,Theni
Kujjanur,9.87434,77.37467,7024,Tamil Nadu,Theni
Palanisettipatti,9.99976,77.46407,14879,Tamil Nadu,Theni
Odaipatti,9.83231,77.44329,13892,Tamil Nadu,Theni
Kamayakkavundanpatti,9.73861,77.31999,16134,Tamil Nadu,Theni
Rayagiri,9.30373,77.44753,11223,Tamil Nadu,Tenkasi district
Settiyarpatti,9.3935,77.49348,17520,Tamil Nadu,Virudhunagar
Dalavaypuram,9.39182,77.4977,5474,Tamil Nadu,Virudhunagar
Panpuli,9.0214,77.25018,9313,Tamil Nadu,Tenkasi district
Achanputtur,9.04143,77.29693,13566,Tamil Nadu,Tenkasi district
Vadakarai Kil Pidagai,9.04008,77.27413,20821,Tamil Nadu,Tenkasi district
Ayikudi,9.00322,77.34494,15129,Tamil Nadu,Tenkasi district
Killai,11.44929,79.76679,13608,Tamil Nadu,Cuddalore
Kottaikavundanpatti,11.71961,78.06851,7891,Tamil Nadu,Salem
Karuppur,11.71705,78.09241,13967,Tamil Nadu,Salem
Bomminayakkanpatti,11.68229,78.05454,12448,Tamil Nadu,Salem
Karukkalvadi,11.67141,78.01256,12052,Tamil Nadu,Salem
Nallakavundanpalaiyam,11.59228,78.01366,7796,Tamil Nadu,Salem
Dasinayakkanpatti,11.60891,78.1438,5857,Tamil Nadu,Salem
Neykkarappatti,11.6225,78.10579,12090,Tamil Nadu,Salem
Pudur,11.63275,78.10511,11173,Tamil Nadu,Salem
Selattanpatti,11.66275,78.0946,6659,Tamil Nadu,Salem
Chittanur,11.67238,78.08814,10199,Tamil Nadu,Salem
Sedaikavundanur,11.64031,78.18062,7823,Tamil Nadu,Salem
Kannankurichchi,11.69691,78.17941,19765,Tamil Nadu,Salem
Kondamanayakkanpatti,11.71028,78.17705,6892,Tamil Nadu,Salem
Ayodhyapattanam,11.67546,78.24091,11517,Tamil Nadu,Salem
Masinayakkanpatti,11.66742,78.22832,9098,Tamil Nadu,Salem
Panamarattuppatti,11.56203,78.16489,9368,Tamil Nadu,Salem
Erumapalaiyam,11.63242,78.16951,10220,Tamil Nadu,Salem
Attanur,11.50061,78.13557,9827,Tamil Nadu,Namakkal
Chinnamanali,11.39428,78.08411,6878,Tamil Nadu,Namakkal
Pillanallur,11.43215,78.1334,11181,Tamil Nadu,Namakkal
Pattanam,11.47281,78.21089,8912,Tamil Nadu,Namakkal
Sirappalli,11.4544,78.24532,12403,Tamil Nadu,Namakkal
Kalappanayakkanpatti,11.32842,78.24437,10831,Tamil Nadu,Namakkal
Pugalur Agraharam,11.08832,78.00647,5556,Tamil Nadu,Karur
Tottakkurichchi,11.07133,78.03149,10969,Tamil Nadu,Karur
Kondichettippatti,11.2007,78.16343,10300,Tamil Nadu,Namakkal
Periyapatti,11.20516,78.15118,15690,Tamil Nadu,Namakkal
Nallippalaiyam,11.23884,78.14948,5078,Tamil Nadu,Namakkal
Chinnamudalippatti,11.24374,78.17658,8928,Tamil Nadu,Namakkal
Kusavampatti,11.21918,78.18077,10356,Tamil Nadu,Namakkal
Minnampalli,11.00054,78.11805,9031,Tamil Nadu,Karur
Kirippatti,11.53573,78.48967,10208,Tamil Nadu,Salem
Puduppatti,11.49649,78.27062,7478,Tamil Nadu,Namakkal
Balakrishnanpatti,11.23888,78.4858,8635,Tamil Nadu,Tiruchirappalli
Narasingapuram,11.60379,78.57782,23084,Tamil Nadu,Salem
Kurumbalur,11.23602,78.80052,12420,Tamil Nadu,Perambalur
Masratu,23.98251,85.32384,5996,Jharkhand,Hazaribag
Kadma,23.98735,85.34535,7239,Jharkhand,Hazaribag
Okni,24.00011,85.35477,11106,Jharkhand,Hazaribag
Taping,23.83685,85.49454,5080,Jharkhand,Ramgarh
Rengali,21.25443,85.03296,6345,Odisha,Angul District
Jajang,21.93835,85.44248,7482,Odisha,Kendujhar
Jhompra,21.82547,85.56839,6064,Odisha,Kendujhar
Sendarappatti,11.43729,78.52146,14308,Tamil Nadu,Salem
Pulambadi,11.41239,78.71411,10737,Tamil Nadu,Perambalur
Tidavur,11.49399,78.69745,8230,Tamil Nadu,Salem
Kandragadia,21.00724,85.73745,5505,Odisha,Jajpur
Tilodih,24.21181,86.24736,6970,Jharkhand,Giridih
Sirsia,24.21204,86.31311,7181,Jharkhand,Giridih
Akdoni Khurd,24.15789,86.27967,6321,Jharkhand,Giridih
Patrodih,24.15842,86.31713,5293,Jharkhand,Giridih
Paratdiha,24.1638,86.307,8854,Jharkhand,Giridih
Maheshlundi,24.17601,86.26621,7389,Jharkhand,Giridih
Dandedih,24.16335,86.32728,7769,Jharkhand,Giridih
Jiribam,24.80427,93.12148,7343,Manipur,Jiribam
Sukma,18.32741,81.62621,13926,Chhattisgarh,Sukma
Kushinagar,26.74134,83.88689,274403,Uttar Pradesh,Kushinagar
Rohini,28.74322,77.06778,860000,Delhi,North Delhi
Shi Yomi,28.52999,94.37322,13310,Arunachal Pradesh,Shi Yomi
Mulugu,18.191,79.943,297671,Telangana,Mulugu
Kallakurichi,11.73379,78.95925,1682687,Tamil Nadu,Kallakurichi district
Alang,21.39878,72.17544,18480,Gujarat,Bhavnagar
Koonimedu,12.08519,79.88925,7528,Tamil Nadu,Villupuram
S. Rayavaram,17.4546,82.8062,6568,Andhra Pradesh,Anakapalli
Seethanagaram,17.1767,81.6925,7816,Andhra Pradesh,East Godavari
Pedda bhogili,18.6612,83.3784,6733,Andhra Pradesh,Parvathipuram Manyam
Amaravati,16.514,80.516,103000,Andhra Pradesh,Guntur
Anjani Budruk,20.17216,76.64777,5543,Maharashtra,Buldhana
Andrott,10.81186,73.67408,11191,Lakshadweep,Lakshadweep
Amini,11.11408,72.71907,7843,Lakshadweep,Lakshadweep
Agatti,10.83522,72.18217,7700,Lakshadweep,Lakshadweep
Kadmat,11.22467,72.77482,5404,Lakshadweep,Lakshadweep
Nasvadi,22.04525,73.73161,8076,Gujarat,Chhotaudepur
Amaravati,16.54167,80.51528,0,Andhra Pradesh,Guntur
Shrivardhan,18.05318,73.0011,15123,Maharashtra,
Chirmiri,23.19073,82.35314,100800,Chhattisgarh,Manendragarh Chirimiri Bharatpur
Vilavancode,8.3129,77.2048,8277,Tamil Nadu,Kanniyakumari
Paramathi Velur,11.1916,77.9563,25012,Tamil Nadu,Namakkal
Kanayannur,9.96667,76.26667,851406,Kerala,Ernakulam
Shahuwadi,16.90993,73.94654,180322,Maharashtra,Kolhapur
Maval,18.75527,73.44428,15612,Maharashtra,Pune Division
Mahabaleshwar,17.92323,73.65858,13393,Maharashtra,Satara Division
Poladpur,17.98424,73.46443,5944,Maharashtra,Raigarh
Lalganj,25.799,82.99768,23124,Uttar Pradesh,Azamgarh
Sadulshahar,29.9087,74.17567,24980,Rajasthan,Ganganagar
Lehragaga,29.94265,75.80144,22588,Punjab,Sangrur
Santrampur,23.19019,73.89526,19465,Gujarat,Mahisagar
Chanpatia,26.94442,84.5377,27095,Bihar,Pashchim Champaran
Bhadravati,20.1001,79.11442,60565,Maharashtra,Chandrapur
Khatiguda,19.23752,82.78812,6361,Odisha,Nabarangpur
Kasinagar,18.85704,83.88088,9684,Odisha,Gajapati
Arjyapalli Marine,19.3167,84.97373,8001,Odisha,Ganjam
Kavisuryanagar,19.58148,84.76006,17430,Odisha,Ganjam
Talala,21.05473,70.52903,21060,Gujarat,Gir Somnath
Becharaji,23.49938,72.04469,12574,Gujarat,Mahesana
Nowrozabad,23.35219,80.9806,21883,Madhya Pradesh,Umaria District
Pakridayal,26.56271,85.0452,29582,Bihar,Purba Champaran
Motipur,26.25267,85.16076,28572,Bihar,Muzaffarpur
Sitapur,22.78072,83.49545,9361,Chhattisgarh,Surguja
Bodeli,22.27311,73.71577,12184,Gujarat,Chhotaudepur
Meghnagar,22.90657,74.54158,12929,Madhya Pradesh,Jhabua
Marwar Junction,25.72503,73.60329,12004,Rajasthan,Pali District
Vazhapadi,11.65541,78.40117,17559,Tamil Nadu,Salem
Chinnachintakunta,16.44664,77.80634,5637,Telangana,Mahbubnagar
Vijaypur,32.56532,75.01859,8044,Jammu and Kashmir,Samba
Chadoora,33.94539,74.79714,6482,Jammu and Kashmir,Badgam
Beerwah,34.01238,74.59563,8192,Jammu and Kashmir,Badgam
Dooru Verinag,33.5594,75.23222,22968,Jammu and Kashmir,Anantnag
Shangus,33.69686,75.28366,7875,Jammu and Kashmir,Anantnag
Vikramgad,19.79716,73.09485,5991,Maharashtra,Palghar
Kondamallapally,16.71782,79.00204,9683,Telangana,Nalgonda District
Chunchupally,17.52333,80.60405,19944,Telangana,Bhadradri Kothagudem
Laxmidevipally,17.5699,80.62233,13442,Telangana,Bhadradri Kothagudem
Yadagirigutta,17.58894,78.94336,15232,Telangana,Yadadri Bhuvanagiri
Bhupalpally,18.42866,79.86385,42387,Telangana,Jayashankar Bhupalapally
Palakurthy,18.71653,79.38146,7380,Telangana,Peddapalli
Jhinkpani,22.42176,85.74619,13068,Jharkhand,Pashchim Singhbhum
Byasanagar,20.95569,86.12643,56946,Odisha,Jajpur
Nalco,20.86544,85.18283,19644,Odisha,Angul District
Lathikata,22.13073,84.89008,7405,Odisha,Sundargarh
Baliapur,23.72249,86.52595,10097,Jharkhand,Dhanbad
Barhi,24.30365,85.41419,11867,Jharkhand,Hazaribag
Azara,26.12408,91.61161,8780,Assam,Kamrup Metropolitan
Mawlai-Mawiong,25.62322,91.88175,55012,Meghalaya,East Khasi Hills
Mawpat,25.59902,91.92501,6184,Meghalaya,East Khasi Hills
Hamren,25.84696,92.57409,8747,Assam,West Karbi Anglong
Santirbazar,23.31233,91.56134,11921,Tripura,South Tripura
Teliamura,23.84174,91.6303,21032,Tripura,Khowai
Manu,23.9991,91.98922,8515,Tripura,Dhalai
Kanchanpur,24.03592,92.19959,15341,Tripura,North Tripura
Panisagar,24.25453,92.1486,14758,Tripura,North Tripura
Hnahthial,22.96611,92.92966,7187,Mizoram,Hnahthial
Patsoi,24.78599,93.88022,5451,Manipur,Imphal West
Keirao Bitra,24.71105,93.97461,24900,Manipur,Thoubal
Wangoi,24.67486,93.89994,14878,Manipur,Bishnupur
Lamshang,24.81587,93.87418,10593,Manipur,Imphal West
Jalukie,25.64674,93.66087,8706,Nagaland,Peren
Chumukedima,25.82483,93.77592,25885,Nagaland,Chumoukedima
Medziphema,25.75759,93.86545,8738,Nagaland,Chumoukedima
Sarupathar,26.19264,93.86413,9931,Assam,Golaghat
Lanka,25.92907,92.94856,36805,Assam,Hojai
Kiphire,25.86785,94.78572,16487,Nagaland,Kiphire
Pfutsero,25.57036,94.29828,10371,Nagaland,Phek
Deomali,27.1931,95.46719,6648,Arunachal Pradesh,Tirap
Naryanpur,26.9501,93.85766,6001,Assam,Lakhimpur
Seppa,27.36173,93.03991,18350,Arunachal Pradesh,East Kameng
Campbell Bay,7.00832,93.89419,5736,Andaman and Nicobar,Nicobar
Abbaspur,33.8174,73.97568,10208,Jammu and Kashmir,Punch
Saitual,23.68307,92.96712,11619,Mizoram,Saitual
Thaikkattussery,9.77147,76.34385,20874,Kerala,Alappuzha
Thaikattussery,10.46011,76.24357,7724,Kerala,Thrissur District
Pallipuram,9.75502,76.35724,28276,Kerala,Alappuzha
Mudalgi,16.33685,74.96768,29128,Karnataka,Belgaum
Chitaguppa,17.69737,77.21525,25298,Karnataka,Bidar
Belthangady,12.98799,75.28241,7635,Karnataka,Dakshina Kannada
Kim,21.40081,72.92682,18638,Gujarat,Surat
Palod,21.38465,72.95837,7698,Gujarat,Surat
Pipodara,21.36052,72.95977,7765,Gujarat,Surat
Sayan,21.31977,72.88167,15324,Gujarat,Surat
Prothrapur,11.61797,92.72442,10308,Andaman and Nicobar,South Andaman
Garacharma,11.61374,92.70358,14419,Andaman and Nicobar,South Andaman
Bowluvada,17.74546,82.98858,5001,Andhra Pradesh,Anakapalli
Arempudi,17.26963,82.37514,5073,Andhra Pradesh,Kakinada
Jarjapupeta,18.18071,83.44025,5761,Andhra Pradesh,Vizianagaram District
Kanapaka,18.11457,83.37431,5960,Andhra Pradesh,Vizianagaram District
Tada Khandrika,13.58855,80.03368,6123,Andhra Pradesh,Tirupati
Vaddeswaram,16.44734,80.61273,6275,Andhra Pradesh,Guntur
Chidiga,16.96295,82.21243,6365,Andhra Pradesh,Kakinada
Kantabamsuguda,18.32264,82.88259,6714,Andhra Pradesh,Alluri Sitharama Raju
Murakambattu,13.24631,79.11874,6812,Andhra Pradesh,Chittoor
Chennamukkapalle,14.05954,78.76981,7065,Andhra Pradesh,Annamayya
Yerrabalem,13.7046,80.0186,7803,Andhra Pradesh,Tirupati
Gavaravaram,16.71632,81.08308,10029,Andhra Pradesh,Eluru
Yenumalapalle,14.14424,77.81685,10482,Andhra Pradesh,Sri Sathya Sai
Perur,13.61883,79.38255,11127,Andhra Pradesh,Tirupati
Modameedipalle,14.73595,78.56058,11397,Andhra Pradesh,YSR district
Bandarulanka,16.58282,81.96167,11470,Andhra Pradesh,Konaseema
Thummalamenta,15.02765,78.02347,12373,Andhra Pradesh,Nandyal
Prasadampadu,16.61224,80.68443,13941,Andhra Pradesh,NTR
Morampudi,16.98005,81.83715,15346,Andhra Pradesh,East Godavari
Hukumpeta,16.98874,81.8017,16985,Andhra Pradesh,East Godavari
Nadim Tiruvuru,17.11209,80.6088,18567,Andhra Pradesh,NTR
Sriramnagar,18.28329,83.53422,18893,Andhra Pradesh,Vizianagaram District
Mangalam,13.65754,79.46258,19318,Andhra Pradesh,Tirupati
Rameswaram,14.74006,78.54259,19483,Andhra Pradesh,YSR district
L.A.Sagaram,13.90341,79.89055,19904,Andhra Pradesh,Tirupati
Srisailam Project RFC Township,16.07331,78.87412,21452,Andhra Pradesh,Nandyal
Tiruchanur,13.60727,79.44864,22963,Andhra Pradesh,Tirupati
Suryaraopeta,16.99961,82.22317,24112,Andhra Pradesh,Kakinada
Avilala,13.61106,79.4208,24839,Andhra Pradesh,Tirupati
Kanigiri U,15.40637,79.50702,37420,Andhra Pradesh,Prakasam
Tirupati NMA,13.63229,79.48568,37968,Andhra Pradesh,Tirupati
Dowleswaram,16.94761,81.77987,44637,Andhra Pradesh,East Godavari
Jaggaiahpet,16.89155,80.09551,53530,Andhra Pradesh,NTR
Digaru Gaon,26.15567,91.98704,5771,Assam,Kamrup Metropolitan
Naubaisa Goan,26.79552,94.21591,5015,Assam,Jorhat
Mosli Pt I,24.85954,92.47748,5087,Assam,Karimganj
Lido Tikok,27.288,95.73579,5091,Assam,Tinsukia
Charingia Gaon,26.73342,94.14595,5094,Assam,Jorhat
Chandrapur Baghicha,26.23772,91.92913,5106,Assam,Kamrup Metropolitan
Niz-Bahjani,26.38059,91.41588,5183,Assam,Nalbari
Uttar Krishnapur Pt III,24.77592,92.79242,5187,Assam,Cachar
Borgolai Grant No.11,27.28698,95.71546,5241,Assam,Tinsukia
Digheli,26.44009,91.45627,5285,Assam,Nalbari
Lakhi Nepali,27.83299,95.22391,5348,Assam,Dhemaji
Howraghat,26.10908,93.03332,5443,Assam,Karbi Anglong
Barua Bari Gaon,26.11799,91.96564,5444,Assam,Kamrup Metropolitan
Dokmoka,26.21026,93.05174,5478,Assam,Karbi Anglong
Kharijapikon,26.03285,90.66708,5550,Assam,Goalpara
Kakaya,26.36443,91.34331,5550,Assam,Nalbari
Tegheria,26.12863,92.21943,5567,Assam,Morigaon
Thekashu Pt.-II,25.98174,90.78758,5625,Assam,Goalpara
No.2 Goreswar,26.53062,91.7251,5631,Assam,Baksa
Mohmaiki,26.63574,93.62938,5639,Assam,Golaghat
Niz Katigorah Pt III,24.87733,92.57003,5687,Assam,Cachar
Chalantapara Pt IV,26.26176,90.5849,5744,Assam,Bongaigaon
Parlli Part,26.09949,91.54026,5788,Assam,Kamrup
Niz - Mankata,27.46417,94.9213,5924,Assam,Dibrugarh
Uttar Athiabari,26.52327,90.96194,6091,Assam,Barpeta
Forest Village Lakhipathar,27.45334,95.58126,6129,Assam,Tinsukia
Katirail T.E.,24.9087,92.58028,6182,Assam,Cachar
Kanakpur I,24.79504,92.80613,6219,Assam,Cachar
Pub - Dhaniram Pather,26.01377,92.87166,6280,Assam,Hojai
Silchar Part-X,24.81725,92.81355,6313,Assam,Cachar
Chota Haibor,26.33136,92.69432,6315,Assam,Nagaon
Bali Koria,26.4393,91.42247,6359,Assam,Nalbari
Jalah,26.23794,91.71982,6468,Assam,Kamrup
Sarpara,26.09549,91.51844,6529,Assam,Kamrup
Takhlibilar Pathar,26.50036,90.93524,6611,Assam,Barpeta
Bahbari Gaon,27.48055,95.32627,6821,Assam,Tinsukia
Uttar Krishnapur Part-I,24.79064,92.7934,6960,Assam,Cachar
Tarapur VII,24.81308,92.78224,6977,Assam,Cachar
Batarashi,24.86936,92.33494,7001,Assam,Karimganj
Upar Hali,26.10311,91.50884,7095,Assam,Kamrup
Mairabari Town,26.45357,92.42272,7177,Assam,Morigaon
Asudubi,26.02316,90.66583,7356,Assam,Goalpara
Kanisail Pt I,24.85509,92.37002,7358,Assam,Karimganj
Kochpara,26.08902,91.5318,7540,Assam,Kamrup
Bamun Sualkuchi,26.16826,91.58172,7628,Assam,Kamrup
Irongmara,24.689,92.74221,7685,Assam,Cachar
Barika Chuburi,26.63632,92.80854,7911,Assam,Sonitpur
Nidanpur Pt-II,26.02331,90.30375,7954,Assam,Goalpara
Ambicapur Pt VI,24.78262,92.78919,7971,Assam,Cachar
Rupahi Town,26.41971,92.74563,8052,Assam,Nagaon
Kumar Kaibarta Gaon,26.75091,94.23648,8056,Assam,Jorhat
Sarbhog,26.48932,90.88426,8112,Assam,Barpeta
Majgaon,26.65246,92.79105,8154,Assam,Sonitpur
Chatibor Gaon,26.51812,90.52288,8231,Assam,Chirang
Bohari,26.25436,91.13914,8264,Assam,Barpeta
Borpukhuri,26.01553,92.84525,8318,Assam,Hojai
Dahali,26.09694,91.49835,8397,Assam,Kamrup
Moran Town,27.18738,94.91469,8434,Assam,Dibrugarh
Belsor,26.38182,91.35158,8523,Assam,Nalbari
Sarupathar Bengali,27.34064,95.3135,8752,Assam,Dibrugarh
Tarapur Pt VI,24.85159,92.76668,8753,Assam,Cachar
Jhagra Pt.III,26.0399,89.95918,8838,Assam,Dhubri
Badarpur Railway Town,24.87106,92.57042,8882,Assam,Karimganj
Chekonidhara,26.735,94.21134,9026,Assam,Jorhat
Durga Nagar Part-V,24.88149,92.88213,9051,Assam,Cachar
Kanakpur Part-II,24.80029,92.8036,9519,Assam,Cachar
Bhalukdubi,26.15746,90.61313,9636,Assam,Goalpara
Golaghatia Basti,25.9925,92.86396,9809,Assam,Hojai
Bhuragaon Rev. Town,26.40378,92.23902,9845,Assam,Morigaon
Kahi Kuchi,26.10122,91.59902,9917,Assam,Kamrup Metropolitan
Kamalabaria N.C.,26.7685,94.19297,10071,Assam,Jorhat
Khaira Bari,26.51081,90.96887,10210,Assam,Barpeta
Chapakhowa Town,27.91525,95.76641,10305,Assam,Tinsukia
Morongial,26.33264,92.68352,10318,Assam,Nagaon
Kampur Town,26.15955,92.65857,10371,Assam,Nagaon
Umrangso,25.51195,92.73759,10376,Assam,Dima Hasao District
Gutlong Gaon,26.6534,92.81613,10900,Assam,Sonitpur
Gerimari Chapori,26.42783,92.02511,11004,Assam,Darrang
Chapra,24.87042,92.55788,11220,Assam,Karimganj
Ambicapur Pt VIII,24.82088,92.77543,11691,Assam,Cachar
Salpara Molandubi Pt.-I,26.02833,90.67346,11709,Assam,Goalpara
Lido Town,27.29402,95.74175,11717,Assam,Tinsukia
Gobindapur,26.16325,90.59271,11863,Assam,Goalpara
Digboi Oil Town,27.3885,95.61886,12726,Assam,Tinsukia
Ambikapur Part-X,24.79925,92.79196,14283,Assam,Cachar
New Bongaigaon Railway Colony,26.47716,90.53598,14896,Assam,Bongaigaon
Niz-Hajo,26.24942,91.5243,15188,Assam,Kamrup
Jagiroad,26.12017,92.19772,17739,Assam,Morigaon
Titabor Town,26.59185,94.19445,17920,Assam,Jorhat
Duliajan Oil Town,27.3578,95.31407,28626,Assam,Dibrugarh
Singhesar Asthan,25.98245,86.7945,5298,Bihar,Madhepura
Tola Baliadih,24.73716,86.43344,5400,Bihar,Jamui
Mohanpur,26.6053,85.51795,5815,Bihar,Sitamarhi
Tola Pairamatihana,24.67593,86.34738,5858,Bihar,Jamui
Tola Chain,24.74082,86.40653,6072,Bihar,Jamui
Dumari urf Damodarpur Shahjahan,26.10482,85.35775,6301,Bihar,Muzaffarpur
Majhauli Khetal,26.11016,85.36642,6820,Bihar,Muzaffarpur
Saidpura,25.5768,85.04536,7392,Bihar,Patna
Padri,26.16448,85.91243,7566,Bihar,Darbhanga
Talkhapur Dumra,26.5615,85.50737,7970,Bihar,Sitamarhi
Sarimpur,25.58769,83.99333,8020,Bihar,Buxar
Shekhpura,26.14387,85.39071,10204,Bihar,Muzaffarpur
Habibpur,25.23828,86.94676,12063,Bihar,Bhagalpur
Damodarpur,26.13969,85.35087,13884,Bihar,Muzaffarpur
Rajopatti urf Kota Bazar,26.58406,85.50506,14631,Bihar,Sitamarhi
Kataiya,26.56807,84.0833,20193,Bihar,Gopalganj
Dinapur Cantonment,25.63616,85.02026,28723,Bihar,Patna
Banmankhi Bazar,25.88761,87.19356,30336,Bihar,Purnia
Phulwari Sharif,25.57765,85.07246,81740,Bihar,Patna
Dinapur Nizamat,25.63847,85.05118,182429,Bihar,Patna
Khuda Alisher,30.77474,76.81176,6831,Chandigarh,Chandigarh
Behlana,30.67813,76.8006,8281,Chandigarh,Chandigarh
Mauli Jagran,30.69195,76.82592,10786,Chandigarh,Chandigarh
Nai-Ledri,23.17711,82.19921,5334,Chhattisgarh,Manendragarh Chirimiri Bharatpur
Durena,22.38171,82.5863,5892,Chhattisgarh,Korba
Daundi Lohara,20.79115,81.05561,6045,Chhattisgarh,Balod
Shivnandanpur,23.19025,82.95318,6567,Chhattisgarh,Surajpur
Aamadi,20.77097,81.48991,6600,Chhattisgarh,Dhamtari
Dornapal,18.15514,81.50858,7238,Chhattisgarh,Sukma
Jhagrakhand,23.1942,82.19756,7680,Chhattisgarh,Manendragarh Chirimiri Bharatpur
Chandrapur,21.70756,83.23487,7688,Chhattisgarh,Sakti
Jaijepur,21.83129,82.81642,7946,Chhattisgarh,Sakti
Mehmand,22.03715,82.19613,8231,Chhattisgarh,Bilaspur
Chhurikala,22.48136,82.61289,8239,Chhattisgarh,Korba
Than-Khamharia,21.80049,81.33812,8373,Chhattisgarh,Bemetara
Naya Baradwar,22.01013,82.8177,8793,Chhattisgarh,Sakti
Koora,21.43241,81.66528,8857,Chhattisgarh,Raipur
Visrampuree,20.07912,81.77195,9641,Chhattisgarh,Kondagaon
Bhatgaon,23.35979,82.99661,11204,Chhattisgarh,Surajpur
Mana-Camp,21.19395,81.71702,11953,Chhattisgarh,Raipur
Mandir Hasaud,21.22369,81.76764,12807,Chhattisgarh,Raipur
Kirodimalnagar,21.92685,83.33229,13102,Chhattisgarh,Raigarh
Khongapani,23.1912,82.16265,17400,Chhattisgarh,Manendragarh Chirimiri Bharatpur
Shivpur Charcha,23.32888,82.52809,23514,Chhattisgarh,Koriya
Tilda Newra,21.55324,81.80187,36682,Chhattisgarh,Raipur
Bhilai Charoda,21.22305,81.45609,98008,Chhattisgarh,Durg
Dunetha,20.42942,72.85095,12470,Dadra and Nagar Haveli and Daman and Diu,Daman District
Samarvarni,20.25634,73.00802,12553,Dadra and Nagar Haveli and Daman and Diu,Dadra & Nagar Haveli
Kadaiya,20.4645,72.85431,12717,Dadra and Nagar Haveli and Daman and Diu,Daman District
Tukhmir Pur,28.71934,77.26006,5658,Delhi,North East Delhi
Chandan Hola,28.46852,77.18314,6780,Delhi,South Delhi
Khan Pur Dhani,28.70997,77.28301,6994,Delhi,North East Delhi
Kotla Mahigiran,28.53671,77.28066,7376,Delhi,South East
Fateh Pur Beri,28.45769,77.17885,8861,Delhi,South Delhi
Saidabad,28.52783,77.28986,10168,Delhi,South East
Jona Pur,28.46615,77.15377,10635,Delhi,South Delhi
Raj Pur Khurd,28.49445,77.19083,11161,Delhi,South Delhi
Chilla Saroda Khadar,28.58761,77.30357,11743,Delhi,East Delhi
Asola,28.45726,77.18413,13275,Delhi,South Delhi
Tilang Pur Kotla,28.64956,77.02724,13614,Delhi,West Delhi
Baqiabad,28.7325,77.24688,14429,Delhi,North East Delhi
Ghitorni,28.49478,77.14403,14893,Delhi,New Delhi
Sultan Pur,28.49555,77.16112,15160,Delhi,South Delhi
Neb Sarai,28.50841,77.20063,15640,Delhi,South Delhi
Kusum Pur,28.55472,77.1573,17028,Delhi,New Delhi
Bhati,28.42953,77.22569,18864,Delhi,South Delhi
Mir Pur Turk,28.70493,77.26424,19098,Delhi,North East Delhi
Raja Pur Khurd,28.63517,77.03303,19312,Delhi,West Delhi
Dayal Pur,28.71753,77.26508,20589,Delhi,North East Delhi
Shafi Pur Ranhola,28.65729,77.04001,31944,Delhi,West Delhi
Aya Nagar,28.47202,77.1327,33123,Delhi,South Delhi
Gharonda Neemka Bangar,28.61644,77.288,37876,Delhi,East Delhi
Kamal Pur Majra Burari,28.74667,77.19348,43086,Delhi,Central Delhi
Nithari,28.70489,77.05285,50464,Delhi,North West Delhi
Taj Pul,28.49482,77.30587,68796,Delhi,South East
Ziauddin Pur,28.70873,77.27654,68993,Delhi,North East Delhi
Pul Pehlad,28.49938,77.29104,69657,Delhi,South East
Khajoori Khas,28.70958,77.2587,76640,Delhi,North East Delhi
Sultan Pur Majra,28.68966,77.07648,181554,Delhi,North West Delhi
Candola,15.52053,73.96422,5354,Goa,North Goa
Salvador do Mundo,15.53036,73.83629,6373,Goa,North Goa
Aquem,15.25836,73.98567,6511,Goa,South Goa
Corlim,15.49611,73.93387,6568,Goa,North Goa
Murda,15.48022,73.85441,7517,Goa,North Goa
Reis Magos,15.50761,73.80972,8053,Goa,North Goa
Sao Jose de Areal,15.25465,74.01464,10229,Goa,South Goa
Calapor,15.46454,73.84665,14077,Goa,North Goa
Chimbel,15.49261,73.87474,15289,Goa,North Goa
Penha de Franca,15.51705,73.83537,15342,Goa,North Goa
Sarigam INA,20.28845,72.85029,19903,Gujarat,Valsad
Chhatral INA,23.28687,72.43798,10215,Gujarat,Gandhinagar
Nandesari INA,22.40624,73.09517,8290,Gujarat,Vadodara
Vithal Udyognagar INA,22.53396,72.92538,5035,Gujarat,Anand
Dungarpur,21.44538,70.49377,5039,Gujarat,Junagadh
Sanjali,21.54827,72.99034,5344,Gujarat,Bharuch
Orvad,20.45269,72.92024,5420,Gujarat,Valsad
Kharach,21.45436,72.91579,5436,Gujarat,Bharuch
Pardi Parnera,20.57089,72.9506,5454,Gujarat,Valsad
Salvav,20.40861,72.92179,5486,Gujarat,Valsad
Hajira INA,21.11295,72.6502,5562,Gujarat,Surat
Bharthana Kosad,21.26657,72.87091,5679,Gujarat,Surat
Bhurivel,21.22585,73.58467,5730,Gujarat,Tapi
Karvad,20.35629,72.95491,5746,Gujarat,Valsad
Sherpura,21.71426,72.97172,5748,Gujarat,Bharuch
Saktasanala,22.78736,70.8033,5786,Gujarat,Morbi
Arsodiya,23.24898,72.52122,5859,Gujarat,Gandhinagar
Amardad,21.69713,69.72057,5872,Gujarat,Porbandar
Ghanteshvar,22.33637,70.75301,5874,Gujarat,Rajkot
Amboli,21.28851,72.95062,6137,Gujarat,Surat
Digvijaygram,22.43185,69.83269,6161,Gujarat,Jamnagar
Parabada,23.59774,72.94901,6255,Gujarat,Sabarkantha
Selamba,21.51786,73.82152,6717,Gujarat,Narmada
Kevadiya,21.8856,73.70225,6788,Gujarat,Narmada
Bhat,23.10291,72.63603,6823,Gujarat,Gandhinagar
Antaliya,20.76532,72.99066,6936,Gujarat,Navsari
Umbergaon INA,20.16915,72.77502,6976,Gujarat,Valsad
Ambaliyasan,23.44986,72.42333,7072,Gujarat,Mahesana
Karachiya,22.37855,73.13276,7103,Gujarat,Vadodara
Mirjhapar,23.21896,69.63358,7109,Gujarat,Kutch
Ahmadabad Cantonment,23.04768,72.60987,7588,Gujarat,Ahmadabad
Pardi Sondhpur,20.61992,72.94005,7833,Gujarat,Valsad
Dehari,20.15329,72.7414,7892,Gujarat,Valsad
Lavachha,20.29649,72.99001,8549,Gujarat,Valsad
Chandrapur,22.60353,70.95896,8906,Gujarat,Morbi
Alikherva,22.28107,73.71792,8951,Gujarat,Chhotaudepur
Bhilad,20.27675,72.88558,9022,Gujarat,Valsad
Vareli,21.17731,72.95109,9033,Gujarat,Surat
Vavdi Bujarg,22.77532,73.64213,9107,Gujarat,Panch Mahals
Pardi Kanade,21.09392,72.87738,9167,Gujarat,Surat
Nandej,22.89558,72.67916,9176,Gujarat,Ahmadabad
Bajwa,22.36813,73.14062,9611,Gujarat,Vadodara
Chiloda,23.10266,72.66164,9735,Gujarat,Gandhinagar
Chhapra,20.92526,72.92886,10147,Gujarat,Navsari
Nanakwada,20.60287,72.92203,10172,Gujarat,Valsad
Daheli,20.2697,72.87884,10475,Gujarat,Valsad
Mithapur,22.41414,69.00885,10508,Gujarat,Devbhumi Dwarka
Antarjal,23.05445,70.08306,11256,Gujarat,Kutch
Freelandgunj,22.8384,74.2363,11657,Gujarat,Dohad
Ranoli,22.40073,73.13539,11726,Gujarat,Vadodara
Sidsar,21.71889,72.1112,11795,Gujarat,Bhavnagar
Kharaghoda,23.18713,71.72664,11944,Gujarat,Surendranagar
Ichchhapor,21.19307,72.73651,12097,Gujarat,Surat
Ravapara,22.79557,70.82575,12206,Gujarat,Morbi
Bhagdawada,20.43336,72.91354,12291,Gujarat,Valsad
Palej,21.91547,73.07889,12334,Gujarat,Vadodara
Balitha,20.38926,72.91348,12380,Gujarat,Valsad
Singarva,23.02288,72.69737,12547,Gujarat,Ahmadabad
Mahendranagar,22.8401,70.8603,12565,Gujarat,Morbi
Vavol,23.22523,72.62093,12628,Gujarat,Gandhinagar
Reliance Complex,22.34399,69.85899,12796,Gujarat,Jamnagar
Galpadar,23.09749,70.1251,13155,Gujarat,Kutch
Bhadkodara,21.60416,73.01476,13233,Gujarat,Bharuch
Sukhpar,23.2163,69.60911,13303,Gujarat,Kutch
Shaktinagar,22.19961,69.65915,13463,Gujarat,Devbhumi Dwarka
Anandpar,22.322,70.84556,13483,Gujarat,Rajkot
Nandelav,21.72026,72.99596,13583,Gujarat,Bharuch
Savgadh,23.61646,72.94955,13841,Gujarat,Sabarkantha
Saij,23.2183,72.522,13882,Gujarat,Gandhinagar
Mora,21.17829,72.65886,13924,Gujarat,Surat
Hadgood,22.52818,72.97853,14262,Gujarat,Anand
Gamdi,22.5722,72.96818,14582,Gujarat,Anand
Bhalpara,20.91369,70.38703,14676,Gujarat,Gir Somnath
Sanjan,20.19165,72.81827,15544,Gujarat,Valsad
Baben,21.13725,73.09647,15610,Gujarat,Surat
Kabilpor,20.95078,72.9583,15699,Gujarat,Navsari
Trajpar,22.81567,70.86653,16637,Gujarat,Morbi
Sarangpore,21.63585,73.04752,16671,Gujarat,Bharuch
Andada,21.65588,73.02151,16730,Gujarat,Bharuch
Khapat,21.65414,69.61259,16744,Gujarat,Porbandar
Undera,22.34835,73.13313,16902,Gujarat,Vadodara
Ambaji,24.33174,72.84564,17753,Gujarat,Banas Kantha
Barwala,22.21983,72.06755,17951,Gujarat,Ahmadabad
Chanod,20.34673,72.92825,18776,Gujarat,Valsad
Solsumba,20.15749,72.78913,18796,Gujarat,Valsad
Chhiri,20.37782,72.9411,18829,Gujarat,Valsad
Raval,21.91908,69.48179,19777,Gujarat,Devbhumi Dwarka
Bholav,21.71974,73.01098,24605,Gujarat,Bharuch
Anklesvar INA,21.61675,73.02759,24789,Gujarat,Bharuch
Gadkhol,21.64381,73.01211,25332,Gujarat,Bharuch
Jhadeshwar,21.71361,73.03231,28148,Gujarat,Bharuch
Kansad,21.07466,72.87888,28327,Gujarat,Surat
Tarsadi,21.46996,72.9521,29305,Gujarat,Surat
Vapi INA,20.36006,72.93106,34162,Gujarat,Valsad
Bopal,23.03341,72.46723,37635,Gujarat,Ahmadabad
Chhaya,21.62878,69.63386,47699,Gujarat,Porbandar
Vijalpor,20.92212,72.90945,81245,Gujarat,Navsari
Bhuran,29.35308,76.50805,5603,Haryana,Jind
Salamba,28.11468,77.04637,5727,Haryana,Nuh
Ghatal Mahaniawas,28.22119,76.84055,6005,Haryana,Rewari District
Jhakal Mandi,29.80759,75.82485,7788,Haryana,Fatehabad District
Maheshari,28.21452,76.82182,9180,Haryana,Rewari District
Farakhpur,30.13307,77.24297,9569,Haryana,Yamunanagar
Satrod Khas,29.13076,75.79165,10932,Haryana,Hisar
Palwal Rural,28.14555,77.35132,23072,Haryana,Palwal
Panipat Taraf Rajputan,29.36089,76.94258,28803,Haryana,Panipat
Panipat Taraf Ansar,29.41223,76.9547,42877,Haryana,Panipat
Panipat Taraf Makhdum Zadgan,29.41607,76.98831,67998,Haryana,Panipat
Ambala Sadar,30.33544,76.86265,104974,Haryana,Ambala
Raurkela Industrial Township,22.19994,84.86176,216410,Odisha,Sundargarh
Mehatpur Basdehra,31.40712,76.34231,9218,Himachal Pradesh,Una
Yol Cantonment,32.18446,76.38158,12028,Himachal Pradesh,Kangra
Talwara,33.1048,74.79283,5125,Jammu and Kashmir,Reasi
Bashohli,32.49972,75.8156,5433,Jammu and Kashmir,Kathua
Ashmuji Khalsa,33.67129,75.07266,5567,Jammu and Kashmir,Kulgam
Nowangabra,34.36209,73.8453,5634,Jammu and Kashmir,Kupwara
Bhore,32.66678,74.82916,6360,Jammu and Kashmir,Jammu
Rathian,32.8953,75.13082,6365,Jammu and Kashmir,Udhampur
Sunderbani,33.04841,74.48846,6930,Jammu and Kashmir,Rajauri
Khore,32.8226,74.51129,6931,Jammu and Kashmir,Jammu
Rehambal,32.89755,75.06831,7351,Jammu and Kashmir,Udhampur
Nagam,33.92637,74.79189,7365,Jammu and Kashmir,Badgam
Rakh Gadi Garh,32.66923,74.83887,7588,Jammu and Kashmir,Jammu
Seer Hamdan,33.7887,75.24305,8233,Jammu and Kashmir,Anantnag
Wail,34.27074,74.80361,8335,Jammu and Kashmir,Ganderbal
Mattan,33.76302,75.20898,9246,Jammu and Kashmir,Anantnag
Mehmood Pora,33.68736,74.99523,10910,Jammu and Kashmir,Kulgam
Arwani,33.78226,75.06739,11815,Jammu and Kashmir,Anantnag
Drug Mulla,34.48535,74.28709,12930,Jammu and Kashmir,Kupwara
Quimoh,33.72154,75.08562,13138,Jammu and Kashmir,Kulgam
R.S. Pora,32.60591,74.7334,15197,Jammu and Kashmir,Jammu
Raipur Domana,32.79844,74.78265,20238,Jammu and Kashmir,Jammu
Jammu Cantonment,32.70438,74.86114,28396,Jammu and Kashmir,Jammu
Termi,23.76998,86.06233,5111,Jharkhand,Bokaro
Bhim Kanari,23.79779,86.19494,5170,Jharkhand,Dhanbad
Mahuda,23.72535,86.27694,5196,Jharkhand,Dhanbad
Sinduria,24.38999,83.60368,5262,Jharkhand,Garhwa
Cherra,24.0124,85.75,5279,Jharkhand,Hazaribag
Narra,23.7817,86.10072,5390,Jharkhand,Bokaro
Sialgudri,23.76055,86.35161,5450,Jharkhand,Dhanbad
Kharkhari,23.77764,86.23925,5656,Jharkhand,Dhanbad
Matigara,23.78106,86.17759,5685,Jharkhand,Dhanbad
Karma Tanr,23.9186,86.71828,5868,Jharkhand,Jamtara
Phulwartanr,23.77303,86.23207,5884,Jharkhand,Dhanbad
Muraidih,23.80984,86.23871,6360,Jharkhand,Dhanbad
Mahlidih,23.80814,86.35415,6381,Jharkhand,Dhanbad
Karmatanr,23.82258,86.52411,6392,Jharkhand,Dhanbad
Pondarkanali,23.77018,86.35164,6611,Jharkhand,Dhanbad
Dumra,23.796,86.21363,6772,Jharkhand,Dhanbad
Sahnidih,23.7819,86.25065,6777,Jharkhand,Dhanbad
Charhi,23.85384,85.44529,6842,Jharkhand,Hazaribag
Gunghasa,23.8618,86.17772,6845,Jharkhand,Dhanbad
Hariharpur,23.88884,86.13065,6938,Jharkhand,Dhanbad
Mera,23.7556,86.79438,7051,Jharkhand,Dhanbad
Panchet,23.68805,86.75736,7296,Jharkhand,Dhanbad
Jangalpur,23.82737,86.57928,7603,Jharkhand,Dhanbad
Kurpania,23.7917,85.93227,7789,Jharkhand,Bokaro
Bandhgora,23.62139,86.14664,7859,Jharkhand,Bokaro
Purihasa,22.74453,86.19297,7897,Jharkhand,Purba Singhbhum
Tanr Balidih,23.66853,86.05041,7982,Jharkhand,Bokaro
Jena,23.67621,86.01809,8143,Jharkhand,Bokaro
Rasikpur,24.28546,87.25379,8320,Jharkhand,Dumka
Nagri Kalan,23.81639,86.34371,9410,Jharkhand,Dhanbad
Baua Kalan,23.81206,86.36466,9489,Jharkhand,Dhanbad
Patra,24.96955,87.84232,9536,Jharkhand,Sahibganj
Panrra,23.80024,86.72275,9563,Jharkhand,Dhanbad
Isri,23.98733,86.02925,9749,Jharkhand,Giridih
Hasir,23.77346,85.81395,11195,Jharkhand,Bokaro
Satgawan,24.54804,84.28197,11811,Jharkhand,Palamu
Egarkunr,23.75098,86.76943,11829,Jharkhand,Dhanbad
Bandh Dih,23.65877,86.01726,13192,Jharkhand,Bokaro
Telo,23.81793,86.12093,14274,Jharkhand,Bokaro
Basukinath,24.39446,87.08643,17123,Jharkhand,Dumka
Jadugora,22.65361,86.35595,18563,Jharkhand,Purba Singhbhum
Gadhra,22.74668,86.24546,18801,Jharkhand,Purba Singhbhum
Ghorabandha,22.7724,86.27109,20718,Jharkhand,Purba Singhbhum
Sarjamda,22.74759,86.22573,23788,Jharkhand,Purba Singhbhum
Siuliban,23.7486,86.78477,24202,Jharkhand,Dhanbad
Haludbani,22.75123,86.2099,25360,Jharkhand,Purba Singhbhum
Chhota Gobindpur,22.74588,86.25886,31843,Jharkhand,Purba Singhbhum
Kopali,22.83718,86.19161,43256,Jharkhand,Saraikela
Mango,22.8275,86.21639,223805,Jharkhand,Purba Singhbhum
Bobruwada,14.65303,74.29357,5409,Karnataka,Uttar Kannada
Mulur,12.93984,74.92761,5445,Karnataka,Dakshina Kannada
Muduperar,12.97332,74.93779,5686,Karnataka,Dakshina Kannada
Sajipanadu,12.85398,74.99572,5847,Karnataka,Dakshina Kannada
Donimalai Township,15.06041,76.59217,6672,Karnataka,Ballari
Venkatapura,14.03213,74.53329,6928,Karnataka,Uttar Kannada
Kodiyal,14.51665,75.78963,7061,Karnataka,Haveri
Gogipeth,16.73521,76.74434,7544,Karnataka,Yadgir
Bhimarayanagudi,16.72631,76.79778,8029,Karnataka,Yadgir
Gokak Falls,16.1879,74.7776,8080,Karnataka,Belgaum
Belvata,12.35539,76.64956,8605,Karnataka,Mysore
Maragondahalli,12.83382,77.65575,8824,Karnataka,Bangalore Urban
Allipura,13.48848,77.45859,9930,Karnataka,Chikkaballapur
Srirampura,12.25488,76.62152,11234,Karnataka,Mysore
Konaje,12.79696,75.5102,11368,Karnataka,Dakshina Kannada
Saligram,13.49908,74.70943,15123,Karnataka,Udupi
Shaktinagar,16.36491,77.35863,17088,Karnataka,Raichur
Kizhuppillikkara,10.39668,76.14069,5275,Kerala,Thrissur District
Venginissery,10.46809,76.20063,5533,Kerala,Thrissur District
Manakkody,10.48572,76.16968,7150,Kerala,Thrissur District
Manavalassery,10.36128,76.17242,7364,Kerala,Thrissur District
Tholur,10.57177,76.12909,7454,Kerala,Thrissur District
Kodannur,10.46647,76.1842,7655,Kerala,Thrissur District
Cherpu,10.43129,76.19902,7864,Kerala,Thrissur District
Vellookkara,10.32323,76.21604,8146,Kerala,Thrissur District
Paralam,10.45908,76.19418,9187,Kerala,Thrissur District
Anthicad,10.45838,76.12148,9826,Kerala,Thrissur District
Kozhukkully,10.52091,76.27804,9918,Kerala,Thrissur District
Vadakkumkara,10.30418,76.21894,10407,Kerala,Thrissur District
Kadannappalli,12.09997,75.27616,10430,Kerala,Kannur
Keerikkad,9.17722,76.48555,10465,Kerala,Alappuzha
Ala,10.25353,76.18568,10493,Kerala,Thrissur District
Poomangalam,10.31127,76.19286,11141,Kerala,Thrissur District
Velloorkunnam,10.00474,76.54738,11576,Kerala,Ernakulam
Padiyam,10.4526,76.103,11623,Kerala,Thrissur District
Kurattissery,9.31872,76.52818,11849,Kerala,Alappuzha
Pullur,10.34504,76.24446,12656,Kerala,Thrissur District
Thirumittacode-II,10.73174,76.16074,12855,Kerala,Palakkad district
Vallachira,10.43837,76.22709,12970,Kerala,Thrissur District
Edakkode,8.68075,76.85191,12994,Kerala,Thiruvananthapuram
Narath,11.9602,75.38931,13092,Kerala,Kannur
Kureekkad,9.92975,76.37457,13348,Kerala,Ernakulam
Avinissery,10.46994,76.23005,13983,Kerala,Thrissur District
Kozhukkallur,11.5146,75.70807,14007,Kerala,Kozhikode
Madayikonam,10.37155,76.22538,14155,Kerala,Thrissur District
Thurayur,11.52802,75.67089,14176,Kerala,Kozhikode
Kurumpilavu,10.411,76.1682,14329,Kerala,Thrissur District
Panangad,10.27284,76.17475,15630,Kerala,Thrissur District
Chowwara,10.12707,76.3871,14933,Kerala,Ernakulam
Chingoli,9.25035,76.45197,14981,Kerala,Alappuzha
Karamuck,10.48421,76.10445,15129,Kerala,Thrissur District
Thekkumkara,10.28194,76.21322,15258,Kerala,Thrissur District
Pappinivattom,10.29372,76.15835,15336,Kerala,Thrissur District
Kanhirode,11.91842,75.4645,15353,Kerala,Kannur
Kandamkunnu,11.86948,75.58079,16025,Kerala,Kannur
Chevvoor,10.45862,76.2088,16086,Kerala,Thrissur District
Chendrappini,10.35552,76.1282,16404,Kerala,Thrissur District
Porathissery,10.37638,76.20149,16768,Kerala,Thrissur District
Peralassery,11.83223,75.48252,16821,Kerala,Kannur
Ongallur-I,10.80268,76.21855,16998,Kerala,Palakkad district
Varam,11.89959,75.41323,17008,Kerala,Kannur
Manalur,10.49285,76.10267,17757,Kerala,Thrissur District
Kattur,10.37315,76.16678,18017,Kerala,Thrissur District
Palayad,11.55051,75.62887,18141,Kerala,Kozhikode
Mangattidam,11.84326,75.54368,18627,Kerala,Kannur
Kurumathur,12.03973,75.41136,18641,Kerala,Kannur
Kadachira,11.83695,75.44904,18979,Kerala,Kannur
Ezhome,12.02999,75.28193,19261,Kerala,Kannur
Kanjiramkulam,8.35983,77.05253,19902,Kerala,Thiruvananthapuram
Kandalloor,9.1756,76.47129,19925,Kerala,Alappuzha
Pudussery West,10.78802,76.72788,20140,Kerala,Palakkad district
Killannur,10.59918,76.21801,20339,Kerala,Thrissur District
Puthuppally,9.55752,76.57483,29635,Kerala,Kottayam
Koduvayur,10.68674,76.65879,20703,Kerala,Palakkad district
Muthukulam,9.2168,76.4592,20740,Kerala,Alappuzha
Perinjanam,10.31328,76.14847,21012,Kerala,Thrissur District
Kottappally,11.61266,75.66136,21169,Kerala,Kozhikode
Kodamthuruth,9.80062,76.30153,21295,Kerala,Alappuzha
Paippad,9.42462,76.58481,21338,Kerala,Kottayam
Karuvanthuruthy,11.17207,75.8226,21952,Kerala,Kozhikode
Palai,9.71306,76.68331,22056,Kerala,Kottayam
Ariyallur,11.08328,75.84904,22558,Kerala,Malappuram
Ancharakandy,11.8841,75.48501,23030,Kerala,Kannur
Thiruvankulam,9.94679,76.36662,23160,Kerala,Ernakulam
Marampilly,10.11383,76.44184,23272,Kerala,Ernakulam
Kannamangalam,11.07543,75.98522,41260,Kerala,Malappuram
Sreekaryam,8.54884,76.91716,23528,Kerala,Thiruvananthapuram
Pantheeramkavu,11.23052,75.85178,24537,Kerala,Kozhikode
Thazhecode,11.32258,75.97579,25116,Kerala,Kozhikode
Talikkulam,10.44036,76.09483,25507,Kerala,Thrissur District
Mulamthuruthy,9.90032,76.38701,25852,Kerala,Ernakulam
Muhamma,9.60886,76.36083,25861,Kerala,Alappuzha
Thodiyoor,9.07797,76.57772,25884,Kerala,Kollam
Ongallur-II,10.78974,76.21898,26273,Kerala,Palakkad district
Varappuzha,10.07589,76.27152,26750,Kerala,Ernakulam
Azhoor,8.64415,76.79897,27390,Kerala,Thiruvananthapuram
Pathirappally,9.53539,76.32205,27445,Kerala,Alappuzha
Ezhupunna,9.8211,76.29982,27528,Kerala,Alappuzha
Atholi,11.38853,75.7597,28213,Kerala,Kozhikode
Uliyazhathura,8.58165,76.92242,28230,Kerala,Thiruvananthapuram
Urakam,11.05124,75.98833,29157,Kerala,Malappuram
Vijayapuram,9.59123,76.56124,29248,Kerala,Kottayam
Cherukavu,11.17307,75.90858,30126,Kerala,Malappuram
Vadanappally,10.46905,76.08129,30657,Kerala,Thrissur District
Kizhuvalam-Koonthalloor,8.66251,76.80966,30770,Kerala,Thiruvananthapuram
Vilavoorkkal,8.48093,77.02204,31761,Kerala,Thiruvananthapuram
Thenhippalam,11.13232,75.88224,32045,Kerala,Malappuram
Elampalloor,8.95583,76.67388,33959,Kerala,Kollam
Chelambra,11.15086,75.87192,34149,Kerala,Malappuram
Villiappally,11.62495,75.62875,34502,Kerala,Kozhikode
Kaipamangalam,10.33496,76.13924,35626,Kerala,Thrissur District
Venganoor,8.39638,77.00331,35963,Kerala,Thiruvananthapuram
Neduva,11.05669,75.86685,35996,Kerala,Malappuram
Vilappil,8.52218,77.04001,36212,Kerala,Thiruvananthapuram
Parappur,11.01213,75.99471,36270,Kerala,Malappuram
Vazhayur,11.21729,75.89987,36909,Kerala,Malappuram
Malayinkeezhu,8.4902,77.0374,37350,Kerala,Thiruvananthapuram
Nattakam,9.54533,76.51414,38599,Kerala,Kottayam
Othukkungal,11.0283,76.02903,39139,Kerala,Malappuram
Manakunnam,9.8857,76.37328,39538,Kerala,Ernakulam
Peringathur,11.7137,75.58599,40292,Kerala,Kannur
Kulathummal,8.5073,77.08145,40448,Kerala,Thiruvananthapuram
Athiyannur,8.393,77.06371,40712,Kerala,Thiruvananthapuram
Kalliyoor,8.43128,77.01285,40816,Kerala,Thiruvananthapuram
Kudappanakkunnu,8.55142,76.96079,41583,Kerala,Thiruvananthapuram
Abdu Rahiman Nagar,11.06983,75.93879,41993,Kerala,Malappuram
Perumbaikad,9.61827,76.53127,42839,Kerala,Kottayam
Kakkodi,11.31973,75.80146,42866,Kerala,Kozhikode
Choornikkara,10.08788,76.3411,43207,Kerala,Ernakulam
Panachikkad,9.52974,76.54062,43595,Kerala,Kottayam
Olavanna,11.21836,75.83248,43895,Kerala,Kozhikode
Pallikal,11.13723,75.92575,46962,Kerala,Malappuram
Komalapuram,9.54189,76.34236,47126,Kerala,Alappuzha
Vengara,11.05083,75.97806,48600,Kerala,Malappuram
Vazhakkala,10.01239,76.32633,51242,Kerala,Ernakulam
Pallichal,8.44976,77.02573,53861,Kerala,Thiruvananthapuram
Moonniyur,11.05972,75.90311,55535,Kerala,Malappuram
Cheruvannur,11.19033,75.82833,61614,Kerala,Kozhikode
Sangvi,21.80787,75.61292,5383,Madhya Pradesh,Khargone
Khor,24.59236,74.81471,5683,Madhya Pradesh,Neemuch
Rosera,22.94206,79.21482,6770,Madhya Pradesh,Narsimhapur
Pipri,22.06326,75.40086,6821,Madhya Pradesh,Barwani
Nagri,23.84771,75.14433,7034,Madhya Pradesh,Mandsaur
Swroop Nagar,23.82734,77.94193,7258,Madhya Pradesh,Vidisha
Ordnance Factory Itarsi,22.5733,77.86529,7878,Madhya Pradesh,Narmadapuram district
Vehicle Factory Area Jabalpur,23.22657,79.97695,8087,Madhya Pradesh,Jabalpur
Kelhauri,23.18729,81.63102,8796,Madhya Pradesh,Anuppur
Dola,23.2209,82.13317,9273,Madhya Pradesh,Anuppur
Dumar Kachhar,23.16874,82.11128,9480,Madhya Pradesh,Anuppur
Bhilakhedi,22.59921,77.70351,9540,Madhya Pradesh,Narmadapuram district
Deohra,23.14272,81.59611,9686,Madhya Pradesh,Anuppur
Pankhedi,23.34711,76.83631,11723,Madhya Pradesh,Shajapur
Akoda,26.53338,78.90364,12534,Madhya Pradesh,Bhind
Satlapur,23.113,77.52657,14755,Madhya Pradesh,Raisen
Bangawan,23.19259,82.1272,20873,Madhya Pradesh,Anuppur
Pasan,23.16485,81.92859,28447,Madhya Pradesh,Anuppur
Amlai,23.19838,81.58064,30354,Madhya Pradesh,Shahdol
Bijuri,23.25236,82.11673,32682,Madhya Pradesh,Anuppur
Malajkhand,22.05158,80.71566,34176,Madhya Pradesh,Balaghat
Dhanpuri,23.18542,81.55513,45156,Madhya Pradesh,Shahdol
Kolar,23.16478,77.41893,87882,Madhya Pradesh,Bhopal
Ambepur,18.68826,72.98553,5035,Maharashtra,Raigarh
Dhatau,18.42798,73.15141,5066,Maharashtra,Raigarh
Samangaon,19.9683,73.87556,5156,Maharashtra,Nashik Division
Tamgaon,16.64837,74.29912,5223,Maharashtra,Kolhapur
Kharbav,19.29698,72.99631,5250,Maharashtra,Thane
Kambe,19.31241,73.03638,6642,Maharashtra,Thane
Mahapoli,19.40562,73.08635,5666,Maharashtra,Thane
Sansari,19.90576,73.8401,5780,Maharashtra,Nashik Division
Borivali Tarf Rahur,19.37548,73.17921,5780,Maharashtra,Thane
Anantpur,19.93289,75.01235,6166,Maharashtra,Aurangabad
Ambivali T. Tungartan,18.89775,73.17291,6497,Maharashtra,Raigarh
Kuwarbav,16.99448,73.3559,6497,Maharashtra,Ratnagiri
Sangramnagar,17.89195,75.00621,6499,Maharashtra,Solapur
Purne,19.25865,73.0269,6588,Maharashtra,Thane
Vilholi,19.92328,73.71726,6798,Maharashtra,Nashik Division
Kudus,19.53362,73.10103,7204,Maharashtra,Palghar
Morewadi,16.66241,74.25438,7222,Maharashtra,Kolhapur
Khapar,21.53296,73.93117,7235,Maharashtra,Nandurbar
Vadghar,18.98339,73.10396,7341,Maharashtra,Raigarh
Chandrapada,19.36156,72.8818,7750,Maharashtra,Palghar
Kolki,17.97923,74.44998,8054,Maharashtra,Satara Division
Jasai,18.93188,73.01889,8234,Maharashtra,Raigarh
Deogiri,20.31875,77.79602,8303,Maharashtra,Yavatmal
Gokul Shirgaon,16.6434,74.27409,8623,Maharashtra,Kolhapur
Rees,18.8954,73.20004,8632,Maharashtra,Raigarh
Bhuwaneshwar,18.43194,73.12347,8871,Maharashtra,Raigarh
Dandi,19.79823,72.7651,8942,Maharashtra,Palghar
Ujalaiwadi,16.66536,74.27108,9075,Maharashtra,Kolhapur
Ganeshpur,21.15026,79.64418,9192,Maharashtra,Bhandara
Palidevad,19.0006,73.13381,9194,Maharashtra,Raigarh
Hajarmachi,17.31434,74.23114,9317,Maharashtra,Satara Division
Eklahare,19.98013,73.88231,9376,Maharashtra,Nashik Division
Mohpada,18.89952,73.1822,9694,Maharashtra,Raigarh
Rahanal,19.2704,73.02724,10928,Maharashtra,Thane
Shivatkar,18.10157,74.21419,11228,Maharashtra,Pune Division
Utekhol,18.24391,73.2867,11380,Maharashtra,Raigarh
Chitegaon,19.75843,75.28952,11507,Maharashtra,Aurangabad
Nachane,16.98437,73.33928,11688,Maharashtra,Ratnagiri
Nagapur,19.15852,74.70087,11790,Maharashtra,Ahmadnagar
Chandkapur,21.28149,79.10421,12077,Maharashtra,Nagpur Division
Bhagur,19.87599,73.83382,12353,Maharashtra,Nashik Division
Kherdi,17.5189,73.55656,12397,Maharashtra,Ratnagiri
Medankarwadi,18.74775,73.8691,12576,Maharashtra,Pune Division
Gandhinagar,16.70712,74.30048,12601,Maharashtra,Kolhapur
Karivali,19.2917,73.0382,12907,Maharashtra,Thane
Khadkale,18.76143,73.55756,13435,Maharashtra,Pune Division
Shivaji Nagar,20.12646,79.03365,13877,Maharashtra,Chandrapur
Shelar,19.32216,73.0677,14899,Maharashtra,Thane
Kalher,19.24724,73.01515,15573,Maharashtra,Thane
Aurangabad Cantonment,19.87609,75.29161,18051,Maharashtra,Aurangabad
Pasthal,19.82018,72.72959,18194,Maharashtra,Palghar
Jalochi,18.15662,74.60708,19346,Maharashtra,Pune Division
Korochi,16.71917,74.4451,20420,Maharashtra,Kolhapur
Ghulewadi,19.6031,74.19356,21860,Maharashtra,Ahmadnagar
Pachgaon,16.66024,74.22735,22353,Maharashtra,Kolhapur
Godoli,17.67178,74.01289,22517,Maharashtra,Satara Division
Kodoli,17.67023,74.03469,26106,Maharashtra,Satara Division
Hupari,16.61667,74.40442,28953,Maharashtra,Kolhapur
Mharal Bk,19.24588,73.1771,29462,Maharashtra,Thane
Walwadi,20.92085,74.76111,29636,Maharashtra,Dhule
Khaira,19.78673,72.76161,31699,Maharashtra,Palghar
Kabnur,16.70166,74.43952,38146,Maharashtra,Kolhapur
Ranjangaon S,19.84404,75.21482,42877,Maharashtra,Aurangabad
Dehu Road,18.68211,73.73161,48961,Maharashtra,Pune Division
Wadgaon Kolhati,19.84307,75.236,65620,Maharashtra,Aurangabad
Kiyamgei,24.74468,93.93819,5336,Manipur,Imphal East
Torban,24.76765,93.94691,5459,Manipur,Imphal East
Heingang,24.85677,93.94679,6115,Manipur,Imphal East
Sikhong Sekmai,24.63795,94.09344,7390,Manipur,Thoubal
Kwakta,24.44824,93.73024,8579,Manipur,Bishnupur
Andro,24.74854,94.04296,8744,Manipur,Imphal East
Thongju,24.75762,93.93738,10836,Manipur,Imphal West
Ningthoukhong,24.57173,93.76406,13078,Manipur,Bishnupur
Samurou,24.70095,93.90332,16582,Manipur,Imphal West
Diphupar 'A',25.8578,93.76905,10246,Nagaland,Chumoukedima
Kuda,25.89086,93.7388,16108,Nagaland,Chumoukedima
Dadhapatna,20.41129,85.82704,5005,Odisha,Cuttack
Badakodanda,19.93739,84.55062,5137,Odisha,Ganjam
Badmal,20.38049,83.2864,5431,Odisha,Balangir
Belagachhia,20.4233,85.85228,5516,Odisha,Cuttack
Majhihara,20.17535,86.00005,5598,Odisha,Khordha
Godiputamatiapara,20.1392,85.70286,5967,Odisha,Puri
Pathar,19.64213,85.16736,6072,Odisha,Ganjam
Budhapanka,20.85826,85.24196,6129,Odisha,Angul District
Mukhiguda,19.44019,82.85051,6155,Odisha,Kalahandi
Dungamal,19.68029,85.18205,6271,Odisha,Khordha
Agastinuagan,19.37003,85.03428,6411,Odisha,Ganjam
Saranga,20.92552,85.26403,6426,Odisha,Dhenkanal
Bhapur,20.17419,86.00613,6438,Odisha,Khordha
Anjira,20.82644,86.03353,6561,Odisha,Jajpur
Kandasar,20.84161,85.14254,6668,Odisha,Angul District
Balipatapur,19.93563,85.49677,6898,Odisha,Khordha
Lalsingi,19.94745,84.57111,7078,Odisha,Ganjam
Bhakarsahi,20.18552,86.01029,7110,Odisha,Khordha
Gotamara,20.85828,85.20269,7420,Odisha,Angul District
Erei,21.08714,86.52696,7890,Odisha,Bhadrak
Suvani,19.13336,84.71512,7993,Odisha,Ganjam
Nuapatna,20.44623,85.46905,8057,Odisha,Cuttack
Sayadpur,20.7279,86.40067,8798,Odisha,Jajpur
Krushnanandapur,20.35868,86.26064,8974,Odisha,Jagatsinghpur
Pratapsasan,20.20455,85.87172,12830,Odisha,Khordha
Ghantapada,20.93453,85.18788,15169,Odisha,Angul District
Dera Colliery Township,20.95283,85.17174,15787,Odisha,Angul District
Lochapada,19.32873,84.80065,16377,Odisha,Ganjam
Khariar Road,20.89872,82.50893,18967,Odisha,Nuapada
Kurumbapet,11.93983,79.77127,32871,Puducherry,Puducherry
Khambra on Nakodar Road,31.27368,75.55749,5483,Punjab,Jalandhar
Dhin,31.2659,75.60921,5961,Punjab,Jalandhar
Sarai Khas,31.40898,75.51124,7044,Punjab,Jalandhar
Rail,30.99899,76.46759,7589,Punjab,Shahid Bhagat Singh Nagar
Sufipind,31.27748,75.63883,9406,Punjab,Jalandhar
Bareta,29.86352,75.69644,17432,Punjab,Mansa
Ahmedgarh,30.67731,75.82633,31302,Punjab,Malerkotla
Naya Gaon,30.77515,76.79308,50869,Punjab,Ajitgarh
Budhpura,25.11275,75.45836,5070,Rajasthan,Bundi District
Chenar Village,27.20198,73.75992,5579,Rajasthan,Nagaur District
Jhagarwas,26.91483,74.31406,5728,Rajasthan,Nagaur District
Bay,27.31394,75.29594,5936,Rajasthan,Sikar District
Baral,25.91847,74.62939,6344,Rajasthan,Ajmer
Kolvi,23.94213,75.59856,8584,Rajasthan,Jhalawar District
Banasthali,26.40404,75.86958,12835,Rajasthan,Tonk
Kesrisinghpur,29.94752,73.62124,14010,Rajasthan,Ganganagar
Ajeetgarh,27.41933,75.82143,15414,Rajasthan,Sikar District
Vidyavihar,28.36812,75.58398,15644,Rajasthan,Jhunjhunu District
Merta Road,26.72269,73.91762,16905,Rajasthan,Nagaur District
Nandri,26.31157,73.10087,20827,Rajasthan,Jodhpur
Fatehnagar,24.81494,74.09504,22812,Rajasthan,Udaipur
Manjakollai,10.75551,79.82042,5040,Tamil Nadu,Nagapattinam
Kalparapatti,11.58458,78.02721,5046,Tamil Nadu,Salem
Mettamalai,9.39554,77.89459,5175,Tamil Nadu,Virudhunagar
Chennagiri,11.53601,78.06805,5338,Tamil Nadu,Salem
Chathirareddipatti,9.62537,77.96666,5360,Tamil Nadu,Virudhunagar
Kullursandai,9.54307,77.98062,5383,Tamil Nadu,Virudhunagar
Vellakkalpatty,11.7032,78.10335,5475,Tamil Nadu,Salem
Perumagalur,10.19778,79.19174,5604,Tamil Nadu,Thanjavur
Gandipuram,8.17963,77.44491,6106,Tamil Nadu,Kanniyakumari
Sirukalathur,12.9823,80.05492,6117,Tamil Nadu,Kancheepuram
Kila Ambur,8.76105,77.40095,6233,Tamil Nadu,Tenkasi district
Karugampattur,12.92622,79.10546,6343,Tamil Nadu,Vellore
Puliyoorsalai,8.41966,77.19716,6361,Tamil Nadu,Kanniyakumari
Kilampadi,11.20403,77.84269,6422,Tamil Nadu,Erode
Choozhal,8.31008,77.12803,6807,Tamil Nadu,Kanniyakumari
Paloor,8.24268,77.23645,6818,Tamil Nadu,Kanniyakumari
Chatrapatti,9.34483,77.9206,6948,Tamil Nadu,Virudhunagar
Sankarnagar,8.79694,77.734,7095,Tamil Nadu,Tirunelveli Kattabo
Ariyur,12.87558,79.10339,7251,Tamil Nadu,Vellore
P. J. Cholapuram,10.90568,78.27924,7484,Tamil Nadu,Karur
Sembianallur,11.17731,77.24131,7586,Tamil Nadu,Tiruppur
Pavali,9.60226,77.92128,7622,Tamil Nadu,Virudhunagar
Thorapadi,12.89154,79.12381,16700,Tamil Nadu,Vellore
Nattalam,8.27961,77.23455,7674,Tamil Nadu,Kanniyakumari
Kulappuram,8.32195,77.14892,7677,Tamil Nadu,Kanniyakumari
Bhavanisagar,11.48059,77.12912,7710,Tamil Nadu,Erode
Malayadi,8.3609,77.17948,7812,Tamil Nadu,Kanniyakumari
Alamelumangapuram,12.94223,79.18688,7900,Tamil Nadu,Vellore
Muzhucode,8.3619,77.2281,8000,Tamil Nadu,Kanniyakumari
Tajpura,12.89326,79.31918,8075,Tamil Nadu,Ranipet district
Chennasamudram,11.05852,77.89961,8111,Tamil Nadu,Erode
Jaffrabad,12.69053,78.60795,8121,Tamil Nadu,Tirupattur district
Vavarai,8.2921,77.16169,8362,Tamil Nadu,Kanniyakumari
Kattimancode,8.1905,77.35257,8541,Tamil Nadu,Kanniyakumari
Nazarathpettai,13.04694,80.07977,8660,Tamil Nadu,Thiruvallur
Nadaikavu,8.2915,77.14793,8727,Tamil Nadu,Kanniyakumari
Adaikkakuzhi,8.30779,77.1411,8888,Tamil Nadu,Kanniyakumari
Nathampannai,10.40934,78.79176,8915,Tamil Nadu,Pudukkottai
Senur,12.94702,79.10705,9078,Tamil Nadu,Vellore
Gandhinagar,12.95465,79.14074,9114,Tamil Nadu,Vellore
Tittangulam,9.1706,77.89835,9115,Tamil Nadu,Thoothukkudi
Kollankoil,11.12815,77.74364,9196,Tamil Nadu,Erode
Kailasagiri,12.83578,78.71219,9421,Tamil Nadu,Tirupattur district
Pennathur,12.84664,79.11083,9425,Tamil Nadu,Vellore
Venkatachalapuram,9.37465,77.91006,9540,Tamil Nadu,Virudhunagar
Kadaparai,10.99917,78.08231,9574,Tamil Nadu,Karur
Puthukkadai,8.27585,77.17932,9909,Tamil Nadu,Kanniyakumari
Sikkarayapuram,13.01766,80.1027,10187,Tamil Nadu,Kancheepuram
Ilanji,8.96045,77.28002,10282,Tamil Nadu,Tenkasi district
Sankaramanallur,10.48113,77.36213,10283,Tamil Nadu,Tiruppur
Manimutharu,8.65773,77.41392,11323,Tamil Nadu,Tirunelveli Kattabo
Pudupalayam,12.36197,78.87761,11382,Tamil Nadu,Tiruvannamalai
Naranapuram,9.45052,77.83524,11665,Tamil Nadu,Virudhunagar
Sevugampatti,10.19876,77.80456,11730,Tamil Nadu,Dindigul
Kuhalur,11.43377,77.49601,11753,Tamil Nadu,Erode
Ashokapuram,11.10173,76.95448,12993,Tamil Nadu,Coimbatore
South Kannanur,10.91938,78.74012,13073,Tamil Nadu,Tiruchirappalli
Krishnasamudram,10.78636,78.80024,13146,Tamil Nadu,Tiruchirappalli
Kumaragiri,8.74521,78.05222,13344,Tamil Nadu,Thoothukkudi
Anuppankulam,9.41941,77.84303,13526,Tamil Nadu,Virudhunagar
Pandavarmangalam,9.15332,77.88175,14954,Tamil Nadu,Thoothukkudi
Kangeyanallur,12.95081,79.15062,15177,Tamil Nadu,Vellore
Neelagiri,10.75943,79.09337,16197,Tamil Nadu,Thanjavur
Vathirairuppu,9.63528,77.63889,16784,Tamil Nadu,Virudhunagar
Keezhkulam,8.23073,77.18626,17327,Tamil Nadu,Kanniyakumari
Kothanallur,8.27911,77.30958,17662,Tamil Nadu,Kanniyakumari
Adiyanuthu,10.33075,77.98118,17851,Tamil Nadu,Dindigul
Nalloor,8.30638,77.22398,17989,Tamil Nadu,Kanniyakumari
Inam Maniyachi,9.17056,77.85115,18258,Tamil Nadu,Thoothukkudi
Palugal,8.35362,77.1859,18276,Tamil Nadu,Kanniyakumari
Palappallam,8.20946,77.24761,18589,Tamil Nadu,Kanniyakumari
Mamsapuram,9.49959,77.58786,18635,Tamil Nadu,Virudhunagar
Kallukuttam,8.18868,77.28781,19093,Tamil Nadu,Kanniyakumari
Jalladiampet,12.92028,80.20806,19100,Tamil Nadu,Chengalpattu district
Ammainaickanur,10.16707,77.91318,19257,Tamil Nadu,Dindigul
Methukummal,8.30746,77.15205,19417,Tamil Nadu,Kanniyakumari
Kalinjur,12.9534,79.13373,19828,Tamil Nadu,Vellore
Sankaraperi,8.83868,78.10513,19844,Tamil Nadu,Thoothukkudi
Reethapuram,8.1843,77.24805,21177,Tamil Nadu,Kanniyakumari
Polichalur,12.98913,80.14177,21906,Tamil Nadu,Chengalpattu district
Palavansathu,12.89306,79.13445,22176,Tamil Nadu,Vellore
Kilapavoor,8.90862,77.43112,22231,Tamil Nadu,Tenkasi district
Painkulam,8.26023,77.17396,23630,Tamil Nadu,Kanniyakumari
Unnamalaikadai,8.29957,77.24062,23656,Tamil Nadu,Kanniyakumari
Pacode,8.3352,77.21361,24050,Tamil Nadu,Kanniyakumari
Ezhudesam,8.26512,77.14212,24657,Tamil Nadu,Kanniyakumari
Edaicode,8.38251,77.19834,25378,Tamil Nadu,Kanniyakumari
Viswanatham,9.42952,77.80032,25555,Tamil Nadu,Virudhunagar
Balakrishnapuram,10.35909,78.00261,25627,Tamil Nadu,Dindigul
Mathur,13.17097,80.24759,27674,Tamil Nadu,Chennai
Allapuram,12.89509,79.12786,31211,Tamil Nadu,Vellore
Puzhal,13.16475,80.20385,31665,Tamil Nadu,Chennai
Kollancode,8.28903,77.10799,38385,Tamil Nadu,Kanniyakumari
Mappilaiurani,8.8359,78.13518,40035,Tamil Nadu,Thoothukkudi
Milavittan,8.81928,78.09087,45863,Tamil Nadu,Thoothukkudi
Ramapuram,13.03179,80.18243,52295,Tamil Nadu,Thiruvallur
Maraimalainagar,12.79782,80.02502,81872,Tamil Nadu,Chengalpattu district
Garimellapadu,17.53895,80.62246,6296,Telangana,Bhadradri Kothagudem
Osmania University,17.41286,78.52633,6762,Telangana,Hyderabad
Tangapur,16.39559,78.62658,7704,Telangana,Nagarkurnool
Jallaram,18.72408,79.57097,9329,Telangana,Peddapalli
Allipur,17.6763,77.62887,11276,Telangana,Sangareddy
Teegalpahad,18.85897,79.48922,12656,Telangana,Mancherial
Jawaharnagar,17.51001,78.56562,44562,Telangana,Medchal Malkajgiri
Khanapuram Haveli,17.26239,80.16809,53442,Telangana,Khammam
Lebachhara,23.39568,91.73381,5273,Tripura,Gomati
Chandigarh,23.50211,91.33715,5607,Tripura,Sepahijala
Matarbari,23.50675,91.49679,6530,Tripura,Gomati
Briddhanagar,23.84452,91.35144,7041,Tripura,West Tripura
Narsingarh,23.90967,91.25084,7404,Tripura,West Tripura
Fulkumari,23.52296,91.50479,11160,Tripura,Gomati
Uttar Champamura,23.83118,91.33994,11359,Tripura,West Tripura
Gakulnagar,23.71161,91.25705,11369,Tripura,Sepahijala
Bankimnagar,23.81866,91.43132,11949,Tripura,West Tripura
Anandanagar,23.8087,91.31299,13814,Tripura,West Tripura
Radhakishorenagar,23.86757,91.34267,13866,Tripura,West Tripura
Gandhigram,23.89198,91.28156,14572,Tripura,West Tripura
Taranagar,23.96877,91.37081,15481,Tripura,West Tripura
Madhuban,23.78152,91.28579,16579,Tripura,West Tripura
Dukli,23.7984,91.29642,16941,Tripura,West Tripura
Charipara,23.80914,91.24805,19598,Tripura,West Tripura
Farward Kahuta,33.88238,74.10714,5555,Jammu and Kashmir,Punch
Tasti Tea Garden,26.64818,89.1465,5568,West Bengal,Alipurduar
Dever Inder Bug,34.45581,74.45072,10863,Jammu and Kashmir,Kupwara
Ant,27.44315,80.46865,7385,Uttar Pradesh,Sitapur
Survepalle Bit ? II,14.26937,79.96197,5129,Andhra Pradesh,Nellore
Mota Natava,23.1744,74.04461,6001,Gujarat,Dohad
Maan,18.58122,73.70412,7527,Maharashtra,Pune Division
Kanpur Cantonment,26.45942,80.37514,108534,Uttar Pradesh,Kanpur
Nani Daman,20.41431,72.83236,62000,Dadra and Nagar Haveli and Daman and Diu,Daman District
